movie_id,title,emb_0,emb_1,emb_2,emb_3,emb_4,emb_5,emb_6,emb_7,emb_8,emb_9,emb_10,emb_11,emb_12,emb_13,emb_14,emb_15,emb_16,emb_17,emb_18,emb_19,emb_20,emb_21,emb_22,emb_23,emb_24,emb_25,emb_26,emb_27,emb_28,emb_29,emb_30,emb_31,emb_32,emb_33,emb_34,emb_35,emb_36,emb_37,emb_38,emb_39,emb_40,emb_41,emb_42,emb_43,emb_44,emb_45,emb_46,emb_47,emb_48,emb_49,emb_50,emb_51,emb_52,emb_53,emb_54,emb_55,emb_56,emb_57,emb_58,emb_59,emb_60,emb_61,emb_62,emb_63
1,Toy Story (1995),0.13910003,0.020145152,0.17404896,0.06050215,-0.1335739,-0.0954234,0.1148807,0.002120495,-0.07043736,-0.0644442,-0.14866191,0.10967042,0.04496571,0.02231299,-0.25056967,-0.05043548,-0.08946999,0.07670791,-0.050944224,0.04671846,0.27036217,0.03083341,-0.1104341,0.12308046,0.03794795,-0.08868605,-0.0602741,0.015150123,-0.052898817,-0.0505975,0.13700722,-0.029070536,0.14146808,-0.36673236,-0.044027008,0.069707796,0.06954413,-0.11966687,0.1069477,-0.07879742,-0.06382536,0.0044774436,0.19055831,0.09169009,-0.029579561,0.107478745,-0.066696726,-0.22366372,0.05038423,-0.06482747,0.21486136,0.22864597,0.12777536,-0.29719678,-0.2813111,-0.070352346,-0.1168876,0.10165075,-0.13132985,-0.21893507,-0.107119106,0.025477773,0.07624674,0.095144376
2,GoldenEye (1995),0.1927534,-0.09645921,0.29646897,0.17960198,-0.22830762,-0.17317957,0.19586477,0.25532728,-0.35751048,0.040708005,-0.0031204647,-0.27466017,0.25304163,-0.03953185,0.103410415,-0.125608,-0.044549603,0.098443225,-0.01127833,-0.0146937,0.15307777,0.039898746,-0.073703185,0.12748116,0.035371676,-0.10053176,-0.16203763,-0.24132355,0.25931385,0.37929827,0.2606508,-0.15534794,0.18681899,-0.24047291,-0.28263834,-0.016286872,-0.061897848,-0.09543367,-0.011413289,-0.19628228,-0.03652202,-0.16617693,-0.12943125,0.24586539,0.024898823,0.027926179,-0.1307325,-0.34060287,0.040294126,-0.08056253,0.13883296,0.06412488,0.0097949775,-0.19930464,-0.03783999,-0.1289134,0.25813133,-0.101293154,0.05709525,-0.2772517,-0.21604653,0.07078462,0.30278996,-0.23589039
3,Four Rooms (1995),-0.3490585,-0.26775843,0.08163626,0.15374573,-0.6469966,-0.16203281,-0.24373859,0.010100342,-0.3629563,0.07281215,-0.16972095,-0.024951225,0.34303734,-0.08230242,-0.15507212,-0.042376906,0.123254396,0.0034285286,0.08958145,0.24170983,0.11919972,0.12002569,0.09995332,-0.07944774,0.33126214,-0.0024499916,0.060717564,0.093244575,-0.05651213,-0.09736154,0.104610935,-0.104013756,0.06545978,-0.39255676,0.0602277,0.1128806,0.0009654769,-0.055494975,-0.07360892,-0.027164584,-0.24980003,-0.13358797,0.09850954,0.07082235,0.17438999,0.021655077,-0.14316283,-0.12435839,-0.17195824,0.18012105,-0.025112346,0.20459022,-0.009449184,-0.42648217,-0.100317426,-0.09747289,-0.2257935,-0.17207672,-0.19084595,-0.10319411,0.090120114,0.20213275,-0.12658624,0.08898712
4,Get Shorty (1995),0.05831769,-0.0500149,0.076098196,0.05157826,-0.088716954,0.24243498,-0.11839045,0.020018898,-0.08921522,0.122899994,-0.12943798,0.004529603,0.06087029,-0.16213652,-0.097011,-0.12742811,0.05510477,-0.023518287,0.033163793,0.053585038,0.1896668,0.027842013,-0.013521526,0.002527718,-0.028280165,-0.2149302,-0.06661966,0.038929176,-0.14251477,0.13226749,-0.0072708405,-0.066614516,-0.028243003,-0.10824936,0.1404436,0.016704286,-0.048676834,0.06913511,-0.060753647,0.08627053,-0.15877172,0.049108155,0.029139938,0.14863087,0.0212478,0.1014132,-0.07559149,-0.27319252,0.00957538,-0.08747303,0.24186197,0.0972253,-0.04908795,-0.28976625,-0.22834066,0.13377015,0.06803258,0.041428346,0.15452279,-0.14919357,-0.19202551,0.08090395,0.10909251,0.08505955
5,Copycat (1995),-0.09971697,-0.214111,0.15489897,0.27045727,-0.5376266,0.231378,0.09116895,0.07512444,-0.4426598,-0.10372812,-0.15455545,0.24834494,-0.091462344,0.23725796,0.0047224686,-0.2563634,0.042137567,0.08596847,-0.230341,-0.12827261,-0.06416655,0.042389527,-0.19258812,0.19349726,0.1825216,0.017107053,-0.082102165,0.06298545,0.3802725,-0.1467613,0.20025966,-0.12540935,0.1737847,-0.1637314,0.08164731,-0.12985717,0.061767664,0.046353564,0.00089713454,0.061779078,-0.301222,0.024390893,-0.11478379,0.31773296,0.248924,-0.00023091624,0.08377313,-0.44455406,-0.19470245,-0.28118357,-0.31103238,0.15368663,0.20781717,-0.3222093,-0.100433946,-0.084426224,0.19330156,-0.15347089,0.08910296,-0.18454733,-0.06757936,0.11333557,-0.0370551,-0.09449651
7,Twelve Monkeys (1995),-0.0026862265,-0.033192046,0.07783189,0.24664083,-0.12139837,0.053331718,-0.18082458,0.028989907,-0.13984816,-0.13689929,-0.1329868,-0.052414816,0.1136973,0.18575676,-0.20312624,-0.07529455,-0.15111755,0.114596404,-0.10318906,0.029275639,0.04947418,0.049585372,-0.09918811,0.02015471,0.020433746,-0.10402919,-0.04449477,-0.12900823,-0.10073363,0.0014218255,0.13961086,-0.036635682,0.12799002,-0.14648399,0.061371632,-0.020339739,0.06528399,-0.18295571,0.111136444,0.03471055,-0.11490867,-0.11033596,0.14494252,0.030694539,-0.019334037,0.18573056,-0.1743605,-0.21760815,0.026196122,0.012079654,0.08503242,0.18303548,0.1203515,-0.26176807,-0.3237815,0.08316781,-0.06138868,-0.056654535,0.07948706,-0.21462053,-0.06807697,0.115110576,0.067765296,0.265347
8,Babe (1995),0.18936795,0.0060253595,0.13921317,0.034851003,-0.04442859,-0.029792754,-0.068065085,0.23714274,-0.035045695,-0.0230337,-0.13317259,0.039463542,0.045311563,-0.07932882,0.04519959,-0.26522553,-0.017340815,0.14853644,-0.028708724,0.037028186,0.23918594,0.042909533,-0.011497754,0.037133384,0.028440766,0.0037592025,0.0722266,0.12858956,0.041298345,0.091597855,0.037170164,0.04551783,-0.13849857,-0.17865412,0.024832731,-0.08491902,0.060472365,-0.15488194,-0.011820999,0.06481241,-0.17967162,-0.04068676,0.19778529,0.19042978,0.12047888,0.27425334,0.06368342,-0.24710916,-0.122524686,0.027657682,0.16325076,0.027791176,0.072772436,-0.08920972,-0.21144447,0.09021826,0.009115232,0.024099967,0.030376999,-0.084775366,-0.15397952,0.14466569,0.13955823,0.067643404
9,Dead Man Walking (1995),0.052200623,0.075058095,0.19367395,0.014752557,-0.10416583,-0.09927636,-0.22796312,0.039599597,-0.13308448,-0.13496877,0.013941825,-0.09989335,-0.094726406,-0.075286396,-0.0958387,-0.071362615,0.03582754,0.1948044,-0.058095466,0.11809518,0.09720388,-0.008320123,-0.14572272,0.07569206,0.14803763,-0.23603685,0.0359884,-0.070283175,-0.04945805,0.21699885,0.048286457,0.10888919,0.108902596,-0.108928755,-0.099417984,0.020479292,0.016736278,-0.13340756,-0.21618965,-0.080600366,-0.16854118,0.15838026,0.2801668,-0.06973727,0.15342675,0.18259083,-0.12137693,-0.21529786,-0.02362814,-0.042639844,-0.03751681,0.17124632,0.11458947,-0.08231772,-0.18688366,0.016659843,-0.04240234,-0.003010303,0.048478656,-0.07138895,-0.0118323285,0.2111073,0.19298029,0.28398767
10,Richard III (1995),0.31586632,-0.27363577,0.2534705,-0.0057377312,-0.08053104,-0.10881715,-0.39298287,0.10857348,-0.21468931,-0.031057311,0.008260812,-0.087531686,0.015459696,0.33192873,-0.08132358,0.02244333,0.1029705,0.09557381,0.051408548,0.06085071,0.0631323,-0.1494744,-0.25363412,-0.10005945,0.18926613,0.124454305,0.12714043,-0.08205085,-0.12536548,0.2865089,0.11039672,-0.21849647,0.009298883,-0.21175958,0.049115427,-0.023823008,-0.050913002,-0.16954911,0.14218569,0.07987805,-0.27345026,0.3944624,0.17979291,0.10388823,-0.11725136,-0.24107623,-0.04780918,-0.12988709,-0.123838976,0.07279176,-0.040468078,-0.20317733,-0.095937885,-0.11450762,-0.19688357,-0.041482992,0.12930444,0.098575294,-0.22369331,-0.39306542,-0.15110834,0.30329573,-0.054368563,-0.21968949
11,Seven (Se7en) (1995),-0.028664246,-0.07971697,0.10528388,0.11220932,-0.17791884,0.14654738,-0.14397459,-0.0020058476,-0.16459325,-0.008672055,0.0037222898,-0.19449364,0.070980325,0.04750655,-0.19240257,-0.21299295,0.07138499,0.0085443435,0.041655466,-0.026808513,0.054344833,0.055307794,-0.25329956,-0.0033178348,-0.12477661,-0.20960857,0.011229168,-0.068925984,-0.14423832,-0.0032583307,0.17145514,0.032097302,-0.07271008,0.006260944,0.050213825,-0.042019423,-0.060715996,-0.06516759,-0.021627063,0.006573178,-0.069964,-0.009423211,0.028560596,0.12498643,0.02938595,0.21078408,-0.07562849,-0.23691243,-0.14074183,-0.17710131,0.12637791,0.1596134,0.117149875,-0.26871058,-0.3208738,0.028728308,0.1384247,-0.08926788,0.18241854,-0.084963545,0.07907084,0.15728748,0.02311541,0.07869383
12,"Usual Suspects, The (1995)",-0.014478873,-0.087570444,0.2003698,0.10175765,-0.11467152,0.06769433,-0.19381075,0.10346452,-0.14925444,-0.14536329,0.06853228,-0.17604019,0.012854468,0.13314994,-0.13733599,-0.042333134,0.10651817,0.0031799874,0.085166834,0.1462036,0.11997636,0.0030305327,-0.20534484,-0.17693837,-0.032047655,-0.19620624,-0.04568798,0.029277554,-0.11644746,0.05263287,0.08850807,-0.08253297,-0.018809473,-0.004329245,-0.013943757,-0.050416447,0.115133,-0.1912769,-0.0017932614,0.055026203,-0.05071306,-0.09847819,0.06221232,0.0314054,0.0023288908,0.14070065,-0.13924716,-0.29781762,-0.03934162,0.008582085,0.12168689,0.14646754,0.1019207,-0.15775372,-0.282655,0.0020324,0.24264148,-0.21082479,0.10962153,0.019501705,-0.08554468,0.16917796,0.014067748,0.070063345
13,Mighty Aphrodite (1995),-0.08941875,-0.07780248,0.0625007,-0.10652383,-0.06609932,-0.05243922,-0.2674617,0.068974584,-0.2580844,-0.019963643,-0.059197284,-0.045679323,0.049846236,0.23367225,-0.046274934,-0.15029775,0.069532275,0.31173655,-0.22052203,0.13150932,0.11308049,-0.03503726,-0.06902779,-0.12564257,0.15336758,-0.17460674,-0.101224445,0.01924742,-0.106407665,-0.06501334,-0.28609943,0.08030647,-0.034684688,-0.06738573,0.0734652,0.055997185,-0.0880774,-0.02065453,-0.15508586,0.107299656,-0.11278853,0.040289823,0.020820342,0.11613315,0.109991506,0.1456186,-0.117626324,-0.20540828,-0.36418533,-0.10450062,0.031453066,0.29313514,-0.10714475,-0.1858561,-0.13700342,-0.06238099,-0.026774716,0.14041336,0.047079444,-0.14145455,-0.30922136,-0.045183625,-0.07002096,-0.07739415
14,"Postino, Il (1994)",-0.0744159,0.0039648293,0.2601756,0.12305634,0.050421372,-0.22828625,-0.24004762,-0.022735441,-0.34186357,-0.14766611,0.0059198816,-0.012261183,0.10607467,-0.15101996,-0.1575185,-0.29465738,0.107699044,0.5202276,-0.17063692,0.09713866,0.09227415,0.0019470318,-0.1380804,0.019970035,0.0640014,0.040085662,-0.2584568,0.031023422,-0.06688826,0.01670374,-0.05640736,0.06900039,-0.03397446,-0.16289431,0.08511288,0.030982068,0.022556491,-0.06729693,-0.20234545,0.020084282,-0.27529374,0.23755118,0.39604095,0.025182923,0.06523697,0.19564669,-0.25302577,-0.0017172768,-0.2623597,-0.104303695,-0.04901991,-0.037180834,0.00015996449,-0.12218265,-0.15916102,-0.43476108,-0.06859523,0.1911481,-0.12823361,0.18874487,-0.3143864,0.07832303,0.104507394,0.14371888
15,Mr. Holland's Opus (1995),0.16881208,0.19742754,0.22597851,0.05260684,-0.11774113,-0.10373913,-0.11999276,-0.022135649,0.031044584,0.11497191,-0.25237158,-0.113144234,-0.04613741,-0.107479624,-0.20950176,0.05734455,-0.0724499,0.17427754,0.044809535,0.07571097,0.116954945,-0.01620748,0.042563144,0.27407783,0.13535035,-0.038329914,0.006754959,-0.17119573,-0.08023924,-0.025268404,0.084335804,0.00045949453,0.09721822,-0.20634107,0.058868363,0.04747543,-0.008744107,0.050633807,-0.2519845,0.034038354,-0.15148436,-0.1631711,0.14985491,0.004084652,-0.13662066,0.09145396,-0.015824653,-0.2378039,-0.31477374,-0.050435886,0.20149823,0.21092694,-0.2381832,-0.12380676,-0.19716619,-0.22046216,-0.09814131,-0.02556291,-0.044904873,-0.2712861,-0.031598248,0.05621735,-0.09081613,0.393124
17,From Dusk Till Dawn (1996),-0.44023028,0.018457284,0.12067072,0.08587935,-0.5823736,-0.03136593,-0.14114508,0.043160327,-0.31073833,0.009538017,-0.14169528,0.095470995,0.42135453,-0.21087232,-0.18164237,-0.25383952,0.3288394,-0.01070804,-0.070737876,-0.10632162,0.072325274,-0.21411881,0.028041247,0.18873939,0.10030016,0.26630443,-0.061054073,0.31851742,0.15650111,-0.09165454,0.23989992,0.034377452,-0.046096884,-0.23244154,-0.033887316,-0.2217476,0.05546259,0.10226032,-0.16866657,0.11244963,-0.12563996,0.07925431,-0.04303046,0.46552858,-0.10776729,0.050871786,-0.028211877,-0.21549954,0.1155493,0.01399213,-0.21349114,0.108254224,0.17772748,-0.3823457,-0.1433207,-0.22098196,0.3968743,-0.073024526,0.26059812,-0.26734948,-0.19428091,0.15336208,-0.11516465,-0.14385907
19,Antonia's Line (1995),-0.073008426,-0.67592794,0.07756248,-0.21035844,-0.36059907,-0.4730304,-0.77867395,0.023794396,-0.050804257,-0.15370649,-0.13446726,-0.390197,0.4088659,0.025399776,-0.15304281,-0.49776632,0.002234958,0.18153928,0.109604,-0.16776544,-0.1997013,-0.25241062,-0.10042652,-0.17349063,0.23301257,0.053541604,-0.09477265,-0.29839033,-0.30873483,-0.015634902,-0.23911822,0.1473125,-0.0635045,-0.17908695,-0.02358276,0.26923716,-0.10133486,0.25035125,-0.29115453,0.12058659,-0.3896308,0.47602034,0.53657705,0.04786026,0.096920975,0.15347265,-0.36491475,-0.4384564,-0.33769697,-0.10736073,0.051137783,0.30892727,-0.22566356,-0.19211547,0.09379982,0.36558437,-0.07904052,0.11932563,-0.22680506,-0.26690128,0.12477463,0.05294691,-0.36327127,0.21423993
20,Angels and Insects (1995),0.17728515,-0.58058345,0.39952847,-0.07858294,-0.22480425,-0.26730645,-0.62894505,0.10600348,-0.0029489156,-0.17691402,-0.25713938,-0.64550436,0.09617411,-0.07590104,0.09456022,-0.31586644,0.039739516,0.12948658,0.11881556,-0.14472014,-0.064948,-0.30329537,-0.19617616,-0.28567874,0.09291297,0.31672823,-0.19436404,-0.27014726,-0.20808527,0.16386235,0.1463868,0.28508332,-0.0092024375,-0.17586732,-0.41034415,0.33367625,-0.047951188,0.02127503,0.017907996,0.25305885,-0.21038894,0.6583304,0.27657032,0.0960025,0.22825228,0.19696736,-0.385125,-0.32818493,-0.33983847,0.11645622,0.11464929,0.13541752,-0.11986969,-0.27939934,0.23289494,0.024952639,-0.045515556,0.004007234,-0.34943822,-0.43305832,0.061925806,0.39981854,-0.035564803,-0.1451293
22,Braveheart (1995),0.09208286,-0.008392694,0.18341446,0.08062381,-0.120266035,0.12256091,0.018294426,0.018790359,-0.038070668,-0.06055306,-0.05677239,-0.004350347,0.16462979,0.13752007,-0.112492405,-0.08525741,-0.03282919,0.061586026,-0.03173056,0.1344765,0.14771299,0.07633158,-0.08760023,-0.09897007,-0.075336054,-0.00038532127,0.08141334,0.0031312618,-0.15519099,0.020125957,0.29128194,0.049025506,-0.07598248,-0.1911394,-0.021856511,0.088027775,0.16806485,-0.04205271,0.05711381,-0.038003977,-0.16033138,-0.09316507,0.009609631,0.037944473,-0.14809456,0.17382976,-0.061674535,-0.21646765,-0.015570501,-0.24899898,0.13930553,0.2234913,0.06128145,-0.28087386,-0.24982804,-0.019159188,0.11235919,-0.07134568,0.06403818,-0.103255734,-0.024833124,0.112105004,0.015980083,0.08232552
23,Taxi Driver (1976),-0.0052776174,-0.26462585,0.016396197,-0.042717785,0.111325786,0.15803787,-0.32592553,0.17921215,-0.1707213,-0.08908392,-0.06298294,0.038141493,-0.14670332,-0.09807201,-0.0055184965,-0.021916984,0.1920372,0.21610719,-0.19619106,0.065240346,0.00052685355,-0.017471312,-0.16529882,-0.028602751,0.11086467,-0.10833347,-0.23260085,0.012498127,-0.15636598,0.04111609,-0.02621351,-0.06027564,-0.012319939,0.016174322,0.023749866,0.017726768,-0.022969948,-0.1310585,-0.1037694,0.091909215,-0.11208276,-0.07171077,0.023594152,0.06722811,0.019015046,0.11160778,0.072075,-0.3529233,0.04540279,-0.110535815,0.055367716,0.24372827,-0.02335138,-0.15933195,-0.31658918,-0.10424255,0.031283125,-0.13914801,0.031716067,-0.095761485,-0.05819797,0.013678941,0.059670657,-0.03446508
24,Rumble in the Bronx (1995),0.073879406,-0.15323323,0.1195689,0.057418693,-0.047929097,0.0031083454,-0.24595186,-0.07460081,-0.30342916,0.19079076,-0.27702963,-0.056962695,0.06800477,0.18939234,-0.23063676,-0.12915097,0.31657317,0.13495655,0.2034911,0.05439029,0.21348487,-0.15819454,0.16029939,0.1289905,0.0016033823,0.013982165,0.027587045,-0.011743629,-0.20322503,0.04500692,-0.11699258,0.0001446765,0.19212626,-0.08223432,-0.031459607,-0.12633178,-0.014053865,-0.050152343,-0.09401057,0.05590311,-0.014024137,-0.15395127,0.021331161,0.3341358,0.04879278,0.09291662,-0.034358427,-0.026162725,0.04174782,-0.2589234,0.2511546,-0.05886687,0.037562713,-0.3767825,-0.22559541,-0.048139144,0.05340971,-0.031702954,0.069040485,-0.07621327,-0.33194676,-0.04411054,0.12757242,0.053492725
25,"Birdcage, The (1996)",0.15653132,0.28349432,0.14854519,0.08213722,-0.22955075,0.047676895,-0.04358248,0.03663197,-0.1963071,-0.070433915,-0.07153586,-0.33899948,0.060460664,-0.09989725,-0.24046531,-0.020355403,0.067020856,0.0624856,-0.056331858,0.13536115,0.17145628,-0.0338392,-0.11464201,0.19483586,0.11256317,-0.070779525,0.042023655,-0.02976355,0.021988537,0.022690242,0.089317165,-0.13046305,0.05906316,-0.013758454,-0.19545567,0.09924256,-0.10181462,-0.021718021,-0.17740682,0.0830576,-0.38675153,0.105553515,0.19461788,-0.012010948,0.08077884,0.102087826,-0.1442544,-0.12087656,0.030850703,-0.11583364,0.23643304,-0.011745959,-0.0688107,-0.325195,-0.2229812,0.01174197,-0.113866,0.1019857,-0.02962684,-0.13937655,-0.05369681,0.18414514,-0.050962746,0.3282539
26,"Brothers McMullen, The (1995)",0.30494788,-0.23175374,0.27007267,-0.14522456,-0.31404102,-0.08157073,-0.24397641,0.1981626,-0.33213368,0.057593267,-0.06681364,0.105025,0.053122334,-0.14061522,-0.2647778,-0.05129531,-0.07871393,-0.18555865,-0.1034831,-0.008073406,0.0052688196,0.084084176,-0.081347376,0.004910537,0.11830719,-0.22962572,0.12096688,0.024576792,-0.089364246,0.22124791,0.02189901,-0.016592277,-0.088323206,-0.15708035,-0.29383385,0.11560791,-0.12540852,-0.067189924,-0.13354671,0.17369185,-0.21978961,-0.07826732,0.1858335,0.24254845,0.007973439,0.10407258,-0.0590073,-0.009946851,-0.120284185,0.02553993,-0.06892893,-0.07569488,-0.09459618,-0.28927466,0.13796316,-0.15674266,0.22720584,-0.113073036,0.0050260844,-0.39990732,-0.17896925,0.20942867,0.005278676,-0.2535339
27,Bad Boys (1995),-0.07681073,-0.022334801,0.08464176,0.01815233,-0.45208806,0.11260142,-0.030030865,0.1330417,-0.17060468,0.2989425,-0.2770497,0.06912641,-0.022531472,0.1110236,-0.11484376,0.031909984,-0.023731744,-0.030064475,0.015598929,0.15481333,0.32860732,0.23762494,-0.011545238,0.036638197,0.14777736,0.0011177622,0.07103009,-0.05271394,0.058866933,0.23942196,0.2238329,-0.05748191,-0.15464652,-0.17579299,0.011590104,0.0016758887,-0.18151939,0.049219705,0.031504154,0.11508802,-0.20604545,-0.011106017,-0.09323475,0.03743789,-0.05058178,0.061050594,0.1623782,-0.26788983,0.10130057,0.09213951,-0.17626396,0.0650122,0.20847961,-0.4549719,-0.35908803,0.10830098,0.14666377,-0.2144627,0.118145354,-0.12073059,-0.07736465,-0.1304246,0.185496,0.003716584
28,Apollo 13 (1995),0.13084228,0.0025740932,0.28453046,0.1252106,-0.07276744,0.15811174,0.025941253,0.09392494,0.015630746,0.12211609,-0.01272525,-0.023165565,0.08735079,-0.0119827725,0.0033403356,-0.11197111,0.061192736,0.10406557,-0.031020505,0.16273794,0.2353573,-0.010293531,0.09019938,-0.009041081,-0.10915074,0.0030241862,-0.042372424,-0.18417361,-0.089147836,-0.03988767,0.2541454,-0.007855485,-0.024505356,-0.27854007,-0.020788431,-0.007390275,0.10369526,-0.05194962,0.053971272,0.020575091,-0.067835115,0.022124883,0.086921975,0.06109039,-0.093618795,0.1218342,0.021981958,-0.18770507,-0.04767582,-0.14115043,0.15857215,0.16606724,-0.002076123,-0.24871503,-0.28293574,-0.03726298,0.076669484,-0.056351602,-0.09295116,-0.017221464,-0.15855661,0.065811805,-0.00803422,0.15247542
30,Belle de jour (1967),0.096722476,-0.5502388,0.18727629,-0.16208252,-0.10869611,-0.047034364,-0.32647508,0.19725263,-0.0668364,-0.07401346,-0.2680153,-0.096036,-0.12825763,-0.20170346,-0.095184386,0.41717046,0.09631586,0.16269681,-0.11136054,0.09641246,-0.09311836,0.08497939,-0.24892558,-0.19342223,0.015039401,-0.03484012,0.06306636,0.14836201,-0.1469377,0.19447465,0.020868447,-0.034693554,-0.06435119,-0.31702784,-0.14011289,0.15054774,0.29717767,-0.10778842,0.27458984,-0.038452804,-0.12819934,0.053823553,0.053861864,0.2976589,0.12561034,-0.20377603,0.083069004,0.026048765,-0.21288303,0.11764492,-0.37787932,-0.13291098,-0.17905323,-0.24514495,-0.2552753,-0.11537271,-0.10772793,0.081111744,0.023737652,-0.053067096,-0.28498006,0.54608744,0.17609072,0.101809144
31,Crimson Tide (1995),0.14032662,0.1411849,0.32263842,-0.05982269,0.07040517,0.067363344,-0.044315595,0.040296067,-0.18824585,0.13022092,-0.051389664,-0.20038652,0.1048445,-0.060587335,-0.21777387,0.013834328,0.03879549,0.045598403,0.06767319,0.14161022,0.117828175,-0.18697068,-0.10117155,-0.013765421,-0.0043740817,-0.26426536,0.078692764,-0.023576662,0.1265903,0.060437124,0.28265548,-0.13998339,0.120341025,-0.084264256,0.09582956,-0.10717946,-0.035780475,0.012882352,-0.06893034,-0.065267585,0.030555598,-0.15795133,-0.020396141,0.08574528,0.010504153,0.12577488,-0.0810552,-0.43911743,-0.2023529,-0.038698535,0.12989411,-0.02277588,-0.09160803,-0.045698013,-0.31303197,-0.040654074,0.07988145,-0.1600655,-0.0031505171,-0.13187803,-0.10008649,0.11386747,0.048197906,0.025263324
32,Crumb (1994),0.039200727,-0.16354772,0.045745496,0.103696,-0.11385976,0.31441492,-0.3164416,-0.2393162,0.013545682,0.08771377,-0.08247985,-0.15963498,0.005994021,0.09809415,-0.096082784,0.060279373,0.13264419,0.10871202,-0.10274488,0.35638192,0.057360105,0.0655764,-0.32833165,-0.15878803,0.3540174,-0.073149785,0.0734121,0.10794039,-0.062127497,0.23441742,-0.11694914,0.22077033,-0.09941832,-0.26535714,-0.0045408434,-0.03708091,0.02724159,0.1333956,-0.06376789,0.0046091806,-0.13147022,0.14809285,-0.052131485,0.2610953,0.12579916,-0.07374392,-0.21716669,-0.05786608,-0.061733775,0.10145815,-0.07303707,0.08101177,0.16014318,-0.16862741,-0.28734308,-0.07684643,0.12694186,0.29137683,-0.0707543,-0.18217519,-0.42482197,0.15284568,-0.29193568,-0.08385811
33,Desperado (1995),-0.02726379,-0.02456367,0.25497124,0.1315068,-0.18869692,0.052931994,-0.2886835,0.08603659,-0.22214395,-0.039263725,-0.09262997,-0.16665532,0.421535,0.012471026,-0.115008496,-0.1879442,0.21569037,-0.20608172,-0.14022076,-0.073268905,0.05546796,0.19798364,0.3740674,-0.069254175,0.27450213,-0.065689735,0.020562544,0.072551586,0.129737,-0.22400922,-0.10097414,-0.016753912,0.100865304,-0.13600445,-0.18711664,-0.18678755,-0.0063097426,-0.18534422,-0.17842573,-0.14726065,0.015799029,-0.12334555,-0.1688066,0.19906358,0.01038134,-0.2854723,-0.06203322,-0.34872445,0.19319275,-0.14538553,0.13612358,0.37956208,-0.16143362,-0.45292547,-0.01919035,-0.33112547,0.1592713,-0.02608992,0.39784202,-0.24160919,-0.23621294,0.025305469,-0.092828974,-0.014979699
38,"Net, The (1995)",-0.32710716,-0.116259016,0.11436332,0.4834174,-0.18039298,0.07582247,-0.11522097,-0.11342592,-0.47675976,0.23957568,0.22645256,-0.010305951,0.15216644,0.124497466,-0.069177814,-0.3317087,0.09023145,0.088112555,0.06656717,0.18217953,0.44605353,0.17039156,0.20701036,0.22037199,0.24258026,0.021954494,-0.112555854,-0.062465865,0.029761557,0.17555943,0.35184613,-0.13747959,0.009883838,-0.34825245,-0.21315219,-0.27959388,-0.16082084,-0.3403006,0.24195476,-0.06653225,-0.10092085,-0.04453799,-0.1422007,-0.047225684,-0.13918301,-0.015704053,0.48980924,-0.23673616,0.14677128,-0.22465277,-0.140223,0.13922524,0.10943917,-0.21823163,-0.110303394,-0.013137561,-0.013889813,-0.19054572,-0.09409225,-0.34055436,-0.20529164,0.045700915,0.10744683,0.009772337
39,Strange Days (1995),-0.37152034,-0.27027816,0.37579274,0.08207086,-0.47962058,0.07239795,-0.12454699,0.16295426,-0.23506129,-0.084772564,-0.0561564,0.07004479,0.04179155,0.015697813,-0.26620448,-0.16309151,0.13264072,0.05807468,-0.06672619,0.0037660366,-0.068043575,0.3946563,0.001667904,0.10646268,0.15892328,0.1061214,0.1694141,0.14866008,0.1319438,0.02842506,0.31591275,0.014512646,-0.15741342,-0.2996783,-0.015629044,-0.1977747,-0.3300105,0.14741965,-0.03418974,0.09072207,-0.29617667,-0.18485904,-0.019544603,0.05676048,-0.02960129,-0.028993668,-0.05166023,-0.14212278,0.01988717,-0.069691524,-0.18032026,0.052738216,0.22300854,-0.32251737,-0.24258186,-0.043540772,0.25030085,-0.16358788,0.22898924,-0.30771837,-0.0064702416,-0.083349966,-0.12680852,0.060306817
42,Clerks (1994),0.033546336,0.009358338,0.02356098,-0.13429287,0.06000519,-0.018198665,-0.038849555,0.080950476,-0.1930816,0.09749255,-0.00894122,-0.048547246,0.14652756,0.06591108,-0.15547365,0.054597244,0.13070023,0.075373106,-0.021690922,0.14305101,0.1932337,-0.20303728,-0.016749907,0.013613965,0.004496946,0.051579285,0.18696335,-0.04593805,-0.044524174,-0.07791441,-0.13797748,-0.098028734,0.19693172,0.02313004,0.0107409125,0.24061523,-0.0058575016,-0.18953308,-0.20336346,0.10314307,-0.12874882,0.005834942,0.09249563,0.2236751,0.0033734106,0.026323158,-0.13544083,-0.23439486,-0.022557369,-0.13571577,0.07978408,0.09245418,0.14416623,-0.48086277,-0.27793586,-0.039144702,0.15129307,0.020360354,0.05319965,-0.193965,-0.1039484,0.20972262,0.17612502,0.033108562
44,Dolores Claiborne (1994),0.06509851,0.079709664,0.46565187,-0.015115168,-0.21113016,0.08775291,-0.07923887,0.16800205,-0.27619603,0.007224682,0.12660314,-0.06810742,0.19138986,0.057057492,-0.08613623,0.106984325,0.0003595583,0.08110621,-0.1625353,0.12927067,0.38605365,0.3746342,-0.077294216,0.15776093,0.14791924,-0.08037861,0.17729191,-0.12998521,-0.35014436,-0.028966721,0.09398819,0.021000616,0.10601756,0.052455343,-0.2907027,-0.18621594,0.003986817,-0.2296285,-0.00424002,0.29160213,-0.063686565,0.14565708,0.0883773,0.017850515,-0.015474873,0.008070154,0.15825124,-0.178383,-0.28306463,-0.10631987,-0.29837012,0.1290672,-0.17173347,-0.11831646,-0.14893274,-0.08479422,0.15902445,-0.047017176,0.13967003,-0.0445947,-0.036641296,-0.08748267,0.03342109,-0.12172605
45,Eat Drink Man Woman (1994),0.0394013,-0.19219063,0.29026946,-0.17333718,-0.021295104,0.04397471,-0.42984912,0.19249366,-0.18926014,0.04188366,-0.101690754,-0.13952832,-0.044569027,-0.0072341673,-0.26995885,0.11946334,-0.05205125,0.13689168,-0.113279976,0.07096721,-0.11125218,0.0026397177,-0.18999776,0.18960808,0.28809363,0.15736236,-0.08237024,-0.17509066,0.20057894,0.006896602,0.061385803,0.02369147,-0.18598868,-0.0993389,0.011168693,0.08716983,-0.03182711,0.013266327,0.079358235,0.26775804,-0.4764171,0.23100935,-0.019851347,0.110903315,-0.06543881,0.0060045714,-0.03738966,-0.18845451,-0.0019685184,-0.11111484,-0.24447882,0.17837657,-0.11871424,-0.07578279,-0.14537016,0.11335964,0.07609293,0.10388439,-0.070834994,-0.2067286,-0.28936216,0.19544233,-0.2105841,0.0680805
47,Ed Wood (1994),0.095961004,-0.09809215,0.024601286,0.01897765,0.033614885,0.07308649,-0.15180969,0.20645097,-0.076132484,0.01502583,-0.063151486,-0.10565533,-0.007983368,-0.10416637,-0.079543635,-0.21543375,0.02819406,0.21215393,-0.16633148,0.152079,-0.025059283,0.016904172,-0.20767252,0.14567712,0.16627122,-0.2213667,0.10972128,0.049901254,-0.16023427,-0.058377348,-0.037663262,0.11285333,0.08411473,-0.03164002,0.19886193,0.09141978,-0.09891419,-0.2058947,0.06314425,0.001471771,-0.121099785,0.12640153,0.09610253,0.15553688,0.13538224,0.05003508,-0.027370894,-0.2740241,-0.15362692,-0.088603966,0.012111391,0.12244061,0.27931675,-0.22391626,-0.23439547,0.061254658,0.21343876,0.10422365,0.08166614,-0.015008204,-0.0969307,0.15186153,-0.022821387,-0.05434159
48,Hoop Dreams (1994),0.006956007,0.073635116,0.1015128,0.03705807,0.110742316,0.04639421,-0.049953856,0.13477106,-0.02442507,0.03822373,-0.07960577,0.05764767,-0.024844738,-0.1982204,-0.07052898,-0.07165215,0.149315,0.1627753,-0.036323503,0.060619462,0.0705242,0.026881767,-0.28916574,-0.14063402,0.29352874,-0.0613948,0.10682336,-0.14057349,-0.10273349,0.06726499,0.012117231,0.0003386626,0.047476154,-0.12670027,-0.045648914,0.03617718,-0.15618195,0.026772993,-0.12763259,-0.0047058016,-0.1654452,0.06916704,-0.11640576,0.16640891,0.012842483,0.16888174,-0.031105973,-0.302214,-0.20796806,-0.19282986,0.099979505,0.13874637,0.1432265,0.0059775356,-0.27967075,0.08886154,0.06285954,0.12062964,0.007617177,-0.22358376,-0.21754633,0.17715332,0.048923146,-0.02717433
49,I.Q. (1994),-0.18126784,-0.14619076,0.33499333,0.16545337,-0.23823828,0.11121845,-0.13163298,0.16722272,-0.17806125,0.2751031,-0.07882531,0.01742735,0.1029798,-0.12681724,-0.37959442,0.018527418,-0.15333487,0.009052571,-0.22007792,-0.13231385,0.108610645,0.13420749,-0.016895238,-0.11089725,0.14686054,0.043750808,0.13833201,0.1298836,0.12972969,-0.007166341,0.34508693,0.111219615,0.03327785,-0.48439425,0.088919245,0.010699898,-0.26967424,-0.1568047,-0.06229826,0.3333604,-0.22755729,-0.22848052,0.027456868,-0.017735017,-0.18016888,-0.06327524,0.19694239,-0.3154155,-0.23628932,0.045079462,-0.15478952,0.08069447,0.38939065,-0.31812564,-0.05422913,-0.11582615,0.09191874,-0.19979404,0.008619126,-0.01974585,-0.247827,-0.03913891,0.16589807,-0.10509669
50,Star Wars (1977),-0.07190104,-0.16630113,-0.03463273,-0.05749946,0.049666066,-0.081729926,-0.0033225422,-0.067225456,-0.2191512,-0.15738685,-0.07265308,-0.0675862,-0.08715283,0.29000723,-0.19337511,0.13830794,-0.011678437,0.15640022,-0.08761859,-0.016814832,0.1124163,0.1381092,0.15536037,-0.03325994,0.09443971,0.08828752,-0.002391829,0.05226829,-0.13181107,0.18039986,-0.0051715234,-0.21652654,-0.03875579,-0.55344546,-0.01806566,0.05921045,0.19881418,0.04281933,-0.031293042,0.23636709,0.08662993,0.03217213,0.07567767,0.039972737,-0.013515238,0.20571776,-0.0898463,-0.26720095,-0.06871009,0.15740593,0.14431901,0.20710088,-0.0042650495,-0.39957574,-0.24889758,-0.11942293,0.03034896,-0.11307926,-0.15781917,-0.14931749,0.007826275,0.09934812,0.06904646,0.17758445
51,Legends of the Fall (1994),-0.2310995,0.02154306,0.31408775,0.127131,-0.31560624,-0.21042773,-0.115327656,0.04960905,-0.14062761,0.44288933,0.09826261,-0.03462097,0.3107634,-0.031062715,-0.1710075,-0.010480239,-0.14726478,0.38991463,-0.096252516,0.07807826,0.24196243,0.49471998,0.054303717,0.20190506,0.014982152,-0.13896134,0.2679789,-0.33833426,0.24379602,-0.06102513,0.0832867,-0.03668419,-0.09460312,-0.067322455,0.0311448,-0.14847603,0.27267462,0.0046623596,-0.21943673,0.18508214,0.060001228,0.114581354,0.19803211,0.01610624,-0.11112295,0.14471972,0.076011755,-0.12078057,-0.26999608,0.051515654,-0.061208893,0.040802438,-0.029410375,-0.22615829,-0.04665152,-0.18448986,0.19554347,-0.1321107,-0.031007685,-0.40892872,-0.16001204,-0.05439301,0.09121114,0.07858289
52,"Madness of King George, The (1994)",0.2780691,-0.013658105,0.22900239,0.0322647,0.210999,0.071040876,-0.12213347,-0.018096644,-0.030809483,0.054749943,0.108874545,-0.0014022201,-0.046857815,-0.048167612,-0.30716658,-0.20275639,0.07602136,0.15113255,-0.176677,0.2017491,0.12290036,0.062451467,-0.12267273,0.05357269,0.18911147,0.118039615,0.071360804,-0.15217009,-0.05217578,-0.00960149,-0.061955158,0.043488752,-0.050103504,-0.055432934,0.08773841,0.07998619,-0.08683781,-0.147808,0.12842576,0.20377922,-0.3239635,0.12543237,0.023487974,0.21734358,0.027488291,0.11713489,-0.06534775,-0.12968162,-0.13606553,-0.06941276,-0.0959712,0.18191443,-0.095546216,-0.100878984,-0.23766018,-0.21965972,0.055711024,0.2096362,-0.017963033,-0.16882288,-0.11308476,0.15392359,-0.07626179,-0.14739086
53,Natural Born Killers (1994),-0.1481121,-0.06777523,0.33193898,0.22835916,-0.24056405,-0.091227315,-0.30197236,0.1455041,-0.32744285,-0.18208858,0.122620665,-0.014361768,0.23485374,0.023934122,-0.06591109,0.22873028,0.17868698,-0.033445362,-0.09462088,0.2432309,-0.01746814,-0.072579876,-0.026351625,0.21058473,0.008201259,0.019436315,0.07670838,0.2895938,0.043335963,-0.02508324,0.21143708,0.03729202,0.32717216,-0.20626445,-0.10280667,-0.22531265,-0.10164011,0.02456127,0.00038938777,0.016920008,-0.13370815,-0.021156741,0.25806725,0.18792088,0.1393812,-0.03932603,0.087393664,-0.1947515,0.17311436,-0.01583651,-0.20523165,0.050156623,0.3009336,-0.44681183,-0.44222382,0.029184196,0.13013649,0.13152513,0.3278587,-0.18549737,-0.16694935,0.11790914,-0.16683415,-0.19304131
54,Outbreak (1995),0.13656224,-0.004953642,0.20503986,0.09710793,-0.30562165,-0.14683431,-0.05832868,0.25366873,-0.22095948,0.20250273,-0.012991317,0.042534634,0.22993526,0.006414362,-0.044521406,0.14513814,-0.019508244,0.12681778,-0.1244433,0.15346795,0.102479585,0.30082932,-0.081316166,0.13333853,-0.059444267,-0.20259199,-0.07848769,-0.07152878,0.21461451,0.1723591,0.2547306,0.011149068,0.18868215,-0.10526733,-0.2544176,-0.19284342,0.04044142,0.13269018,-0.30835086,-0.106886975,-0.10217003,0.07514292,-0.105733626,-0.11780975,-0.13755652,0.008126773,0.27479213,-0.38511065,-0.24318449,-0.12857781,-0.02185012,0.07867351,0.0074961805,-0.3912115,-0.103498556,-0.20172149,0.064454146,-0.17733239,0.011408414,-0.2306274,-0.1487815,0.13041893,-0.017138362,-0.14853513
55,"Professional, The (1994)",-0.10311668,-0.009263314,0.019035364,-0.10241818,0.092858665,0.05839747,-0.15194082,0.16642258,-0.23015212,0.06842316,-0.097709656,-0.09171846,0.1613413,0.035231337,0.117199145,-0.0557032,0.17074087,0.09708536,0.04741484,0.05487171,0.029676558,-0.048046518,0.0008126911,0.1378905,0.036785733,-0.14712553,0.15958737,0.06174625,-0.16550708,0.04002511,-0.03470619,-0.007897445,0.04635281,-0.011203914,0.039099455,-0.15013784,-0.112888776,-0.08706938,-0.006815564,0.037813473,-0.12148936,-0.03577261,0.058952857,0.2657406,0.2016753,0.0968208,-0.08860662,-0.3608697,0.041498184,-0.19903256,0.201971,0.19639033,0.09394988,-0.33959484,-0.26953754,-0.08750747,-0.008172627,-0.09134061,0.013863097,-0.15897039,-0.31363046,0.034530547,0.0649403,-0.07030584
56,Pulp Fiction (1994),0.01914133,0.0031017195,0.10660199,0.072188,-0.09355934,0.0885736,-0.15778022,0.112730615,-0.28722134,-0.09789084,0.046010822,-0.059010662,-0.014156221,0.16948658,-0.1575729,-0.0020166796,0.13133533,-0.0047060265,-0.062188737,0.038798068,0.018971058,-0.014773073,-0.07469627,-0.17291543,0.054483544,-0.20311882,-0.11579394,0.103537604,-0.17022343,0.08918295,0.122824065,-0.14071828,-0.13437358,-0.11932831,-0.019549817,0.066847414,0.15591958,-0.12529708,0.03382549,0.09067753,-0.046039242,0.025799386,-0.0042546694,0.0735197,-0.042754848,0.07692583,-0.09390156,-0.25024784,-0.06824295,-0.0306225,0.19346479,0.069589086,0.053041473,-0.22553782,-0.29200068,-0.021137107,0.23114935,-0.23699108,-0.0011835259,-0.066905096,0.0045522843,0.103648,-0.121351056,0.13800313
57,Priest (1994),-0.05605938,-0.59641695,0.15819062,-0.06612696,-0.5888554,-0.09880364,-0.4522501,0.19609965,-0.42890748,0.012166997,-0.281484,0.11332445,-0.006945295,-0.025142608,-0.3514072,0.14115423,-0.06677566,0.04213591,0.062730156,0.077725574,0.0070395265,-0.10270055,0.06562029,-0.24141164,-0.048088815,-0.13678288,-0.13220781,0.08982215,0.05124289,0.09812735,-0.034011833,0.06519593,0.04617016,-0.39318103,-0.2835381,0.15480019,0.0019319019,-0.16200946,-0.008746712,0.22185658,-0.06989151,0.05905412,0.14616251,0.22388457,0.12958768,-0.2528004,-0.19223404,-0.12329701,-0.31341952,0.17620422,-0.15016432,-0.3256709,-0.035349358,-0.32452056,-0.13388564,-0.17227085,0.044876684,0.063479476,0.21219474,-0.35220197,-0.023001418,0.17354028,0.06317213,-0.0022712338
58,Quiz Show (1994),0.05199869,0.1204425,0.199491,-0.04100939,-0.0008839746,0.01970132,-0.060929514,0.13447723,-0.06372839,0.1728268,-0.0005346466,-0.009366342,0.055766873,-0.07938935,-0.05694789,-0.17205113,0.107188344,0.22650307,-0.047240477,0.16212401,0.12834792,-0.002175964,-0.060591314,-0.0009408876,0.0822085,-0.02088358,0.17666087,0.0066224816,-0.14573988,0.07324196,-0.018134553,-0.028526941,-0.012580862,-0.09568992,-0.0023775916,-0.09410165,-0.041557282,-0.15208252,-0.049212947,-0.04811404,-0.102669664,0.18404204,-0.029359873,-0.0028734822,-0.00969489,0.22376727,-0.07866003,-0.22356695,-0.05460012,-0.0809967,0.022330204,0.24779394,0.087459885,-0.11964716,-0.2174518,0.004075007,0.04720386,0.11648053,0.094504915,-0.11341698,-0.019595994,0.19566138,-0.01551774,0.074589044
59,Three Colors: Red (1994),0.12051828,-0.15154018,0.38012502,-0.12474156,0.20634398,0.2628473,-0.24564114,0.43167502,0.002816797,-0.20421195,-0.0148013225,0.11667961,0.047268465,0.12537615,-0.2538456,0.12650467,0.23500027,0.1547595,-0.24577901,0.14388561,0.10568301,0.14579242,-0.15042207,-0.23911098,0.25995758,0.060802322,0.007814071,-0.15417665,0.048926406,0.07691948,0.08918574,0.037268493,0.04275797,-0.13543355,0.24979766,0.0089769885,-0.096159615,-0.053118538,-0.19945055,0.25373313,-0.26106,0.22398189,-0.052652147,0.04679546,-0.01771426,-0.10648532,-0.3198353,-0.22757155,0.019834245,-0.11865993,-0.04641028,-0.17003872,-0.055473268,-0.0010328592,-0.08637931,0.0348914,-0.038680647,0.09383533,-0.005265632,-0.23387568,-0.24167833,0.1854889,-0.20105621,0.12227313
60,Three Colors: Blue (1993),0.02623135,-0.007014564,0.2510096,-0.31561443,-0.16298966,0.22476555,-0.34725386,0.47163513,-0.08578935,-0.0958425,0.060100153,0.32141614,0.13888878,0.18233572,-0.26874766,0.064023145,0.19586243,0.26134685,-0.14424449,-0.011686324,-0.029810008,0.2338202,-0.03727058,-0.010459261,0.08622479,-0.025193736,-0.3200197,-0.008209648,-0.1692448,0.24471717,0.22568601,-0.11276057,-0.33399847,0.08046911,0.22211245,0.2370364,-0.2292175,-0.087980576,0.14268549,0.23815258,-0.28387848,0.08762716,0.18997969,0.043964453,-0.009314066,0.024637528,-0.5132184,-0.076278426,-0.06749659,-0.093161665,-0.13627471,-0.12927398,-0.060810294,-0.010234059,-0.1086951,0.30677736,0.007902813,-0.09314204,-0.0020103392,-0.579366,-0.35268873,0.22601965,-0.31728545,-0.025566032
61,Three Colors: White (1994),-0.0013079515,-0.059773896,0.24528515,-0.032778073,-0.0101506775,0.20541975,-0.3987538,0.67077523,-0.09139685,0.125534,-0.0021378957,0.25444028,0.27465755,-0.117614865,-0.29334536,0.50705856,0.361362,0.20980497,0.026960867,0.027172536,0.010489353,0.22936617,-0.16763836,-0.0941768,0.02528429,-0.027942138,-0.40344897,0.09755319,0.1011557,0.1556972,0.23647718,-0.09280992,-0.15291286,-0.033903733,0.14781296,0.20552023,-0.2871404,-0.16047221,0.0591636,0.34765077,-0.2562595,0.30626637,0.16368005,0.101084925,-0.034467746,0.025042022,-0.34185994,-0.07846595,-0.12808387,-0.022361914,-0.14203653,-0.10510999,-0.10538969,0.015975855,-0.46542352,-0.1393995,-0.23316069,0.07424955,0.09342956,-0.13319083,-0.13404246,0.27523318,-0.26637387,-0.11151091
62,Stargate (1994),-0.14076652,0.05968443,0.25171718,0.021579169,-0.5306928,-0.15463173,0.143281,0.04177852,-0.36333877,0.36868572,-0.053017788,-0.076466285,0.098802574,0.08068891,0.021616554,-0.34802133,0.08802287,0.26573265,-0.06939431,0.19000912,0.103314,0.28081268,0.22003411,0.010186108,0.20072444,0.14954254,0.029982092,0.01736371,-0.035937782,0.051388953,0.2113902,-0.1114963,-0.14313777,-0.4230038,-0.11849845,-0.36148942,-0.04690508,-0.06682331,0.14331762,-0.030399574,-0.047617942,-0.1294185,-0.2148244,0.119807936,0.029386546,-0.12465876,0.04884572,-0.31898627,0.05169762,-0.08525016,0.15137418,0.25453448,-0.020474719,-0.098735176,0.035397254,0.1381978,0.083129995,-0.052466728,0.26584202,-0.23701456,-0.032448955,0.12119961,0.26703572,0.056820408
63,"Santa Clause, The (1994)",-0.25616682,-0.047296748,0.06913464,-0.09659251,-0.29384986,0.21474831,0.008066573,0.006333192,-0.19981876,0.22943015,-0.049468037,-0.13779052,0.20701365,0.15324552,-0.07123705,-0.35584724,0.06467916,0.16074003,0.08515464,0.3125567,0.3268087,0.15874095,0.124534264,0.16671677,0.26418355,0.025389222,0.025013024,-0.19073397,0.025116142,0.17369322,0.31052634,-0.14672534,0.17747727,-0.44947195,-0.017428419,-0.08596264,-0.15066685,-0.36888453,0.2796928,-0.07237857,-0.2933526,-0.10466809,-0.08172789,-0.14854674,-0.08980983,-0.10137094,0.54413307,-0.3871565,-0.12169489,0.035955407,0.03325228,0.10349863,0.12004269,-0.16434628,-0.06128411,-0.061810452,-0.101910055,-0.104931094,-0.12878038,-0.22149277,-0.13361308,0.033879027,0.13015196,-0.0028309005
64,"Shawshank Redemption, The (1994)",0.16211277,0.04881677,0.23825566,0.04892713,-0.03321748,0.06381928,-0.12089991,0.0637917,-0.24128033,-0.03784128,-0.01678825,-0.0019398803,-0.0017432419,0.022970848,-0.13031803,0.0034461243,-0.035670124,0.09216125,0.08413454,0.06429136,0.19638538,-0.048703756,-0.06398688,-0.17613633,-0.030966403,-0.11420522,-0.11263711,0.06932948,-0.07658234,0.078922905,0.048457336,0.036192063,-0.031041004,-0.22195697,0.04576516,0.01723353,0.07301744,-0.042678535,0.044698462,0.12880124,-0.05186458,0.028662676,0.07448209,0.16338551,-0.03800691,0.19049227,0.01916236,-0.24924722,-0.060552742,-0.089181244,0.15975724,0.19388601,0.026948994,-0.24456862,-0.1917497,-0.09932585,0.21211101,-0.09627892,0.09278053,-0.070691966,0.08641921,-0.009391607,-0.030490603,0.075206354
65,What's Eating Gilbert Grape (1993),0.11673244,0.12987277,0.11153332,-0.01960888,0.06921229,0.1297177,0.025292503,-0.07808786,-0.1576857,-0.091886476,-0.094642684,-0.07111209,0.04169951,0.011185776,-0.17585546,-0.1352305,0.53388655,0.16303182,-0.020120088,0.102798946,0.17087744,0.2902738,-0.18588659,0.006084669,0.08717583,-0.09459916,0.11754781,0.087257236,-0.23843625,0.021845717,0.00019590474,-0.028605878,-0.05027654,-0.07038446,0.0012241985,0.13332184,0.10254051,-0.21877207,-0.18725945,0.09609432,-0.102456816,-0.113966,0.272572,0.058502182,0.028326996,-0.2275698,0.095615216,-0.117834024,-0.23425801,-0.030806016,0.17369469,0.12727055,-0.15760235,-0.24896424,-0.039118342,-0.016928026,0.09906462,0.14392215,-0.10018197,-0.18760645,-0.23093498,0.34542257,-0.22577615,-0.16839541
66,While You Were Sleeping (1995),0.043943245,0.031369716,0.22901429,0.13577701,0.17360137,-0.07790219,0.1899407,0.015659248,-0.20201156,0.23875879,-0.20891014,0.049567517,0.17638433,0.19232704,-0.24253987,0.057054687,0.016488617,0.057997983,-0.05997563,-0.086656876,0.07591386,0.21703573,-0.0972455,0.21453539,-0.0810389,-0.06347796,0.27798554,-0.02247421,-0.08653398,0.28292027,0.09893496,0.007096173,-0.16665098,-0.09312759,-0.18883103,0.0818868,0.16132918,-0.11122358,-0.25903672,0.19363968,-0.24859498,0.01731272,-0.013741006,0.057754535,-0.287689,0.14189805,-0.04111992,-0.19818698,-0.50920045,-0.09032354,0.339552,0.042923007,-0.10524077,-0.2501583,0.050667096,-0.016534502,0.24596329,-0.1859447,0.09498905,-0.34246337,0.030979995,0.24583046,0.124831334,-0.011119317
67,Ace Ventura: Pet Detective (1994),-0.15137903,-0.07550412,0.16544943,0.16641249,-0.40394974,0.15170895,-0.08988804,-0.13443369,-0.44313014,0.09382279,0.15265211,-0.23074476,0.17247196,-0.23587856,-0.11413548,-0.29396057,-0.15753804,-0.08789886,-0.030955406,-0.09794914,0.28303593,0.13465722,0.2575285,0.17433542,0.07828943,-0.2128082,0.0721169,0.20833437,-0.020869317,0.099837966,0.113911495,-0.084042184,-0.1739746,-0.39690465,-0.11804321,0.030986115,0.00038537508,-0.25825474,-0.16483374,0.11868211,0.038046747,-0.23771171,-0.29935986,0.1265967,-0.18325694,-0.020777255,0.08809514,-0.35648522,-0.3131362,-0.2841706,-0.007897995,0.09069266,0.05951955,-0.12379026,0.05644537,-0.1709606,0.18893123,-0.0863909,-0.07895983,-0.24533992,-0.0478918,0.12844297,0.015895303,-0.03906436
68,"Crow, The (1994)",-0.026642801,0.11696326,0.34506816,0.01713538,-0.009970618,0.2790782,0.14444074,0.18284339,-0.18544555,-0.05346312,-0.021996645,0.0010423854,0.22174093,-0.110808164,-0.18615487,-0.054894987,0.25836903,0.07436384,0.09608418,0.00791706,0.065996066,-0.09445406,0.14704701,0.26144674,0.11104956,0.011942286,0.059088387,-0.06654203,0.19150363,0.18476273,0.054781005,-0.060773555,0.21211772,-0.18790543,-0.28377634,-0.076238625,-0.046834227,-0.061146453,-0.14956199,-0.10175967,0.23387793,-0.15489009,-0.069758534,0.23733339,0.14753845,0.015430558,-0.124557786,-0.15827152,-0.025036631,-0.2589129,0.121172786,0.017361647,0.056945752,-0.3560874,-0.12714358,-0.14162628,0.08215312,-0.16696037,0.1675615,-0.30879503,-0.3499524,0.07483436,0.11086036,0.1250127
69,Forrest Gump (1994),0.05355869,0.10953658,0.26570395,0.07821776,-0.051479325,0.12652603,-0.046430524,0.11083553,-0.049840007,0.020121766,-0.1216653,0.033429123,0.09262353,0.033370037,-0.10964139,-0.12847361,-0.05139592,-0.05951581,-0.089958616,0.110425316,0.20857663,0.053193573,-0.072274625,-0.09041851,-0.086459436,-0.018678622,-0.07951473,0.02937444,-0.07585804,0.05385306,0.15446545,-0.00517224,-0.008303407,-0.18151975,-0.029529639,0.023950871,0.080568306,-0.15787412,0.011148597,-0.015253765,0.009891989,0.060366895,0.12950549,0.11531827,-0.17745022,0.087047815,0.020329703,-0.19318525,-0.198325,-0.15164801,0.16061722,0.14493752,0.066280246,-0.248403,-0.32277948,0.078028515,0.105636664,-0.12681775,-0.087495595,-0.093128555,-0.064412706,0.036994126,-0.059527613,0.13514926
70,Four Weddings and a Funeral (1994),0.12759893,-0.01063757,0.29652703,0.08350714,-0.03989994,0.008065269,-0.08448533,0.14240429,-0.053468313,0.032195866,-0.037757505,0.044340987,0.08133668,-0.10590994,-0.0424536,-0.13050663,0.06738101,0.20477629,-0.09374197,0.1397881,0.06923458,-0.06717862,0.10200487,0.0070272856,0.0042026946,-0.113767646,-0.019951778,0.025877517,-0.071128786,0.16568863,0.08839322,0.0438008,-0.13991965,-0.10847378,0.0721995,0.025183314,-0.01932664,-0.16479231,-0.28265995,-0.010731186,-0.16203338,0.0926556,0.14615008,0.06676619,-0.0785691,0.1800686,-0.13432163,-0.2250333,-0.1415111,-0.124735504,0.12489889,-0.014348598,0.05978059,-0.16570133,-0.16640387,-0.100651845,0.10230584,0.013814807,0.06864966,-0.031771358,0.04485175,0.12449278,0.055315033,0.107044816
71,"Lion King, The (1994)",0.12782155,-0.058016807,0.13999103,-0.19357184,-0.048702024,0.08125583,0.123195745,0.06252538,-0.058549035,0.025672251,-0.066362,-0.15961818,0.018979635,-0.12695688,-0.12832691,-0.053402804,-0.072197326,0.06695915,-0.20321709,0.17294234,0.08032442,0.0026074531,0.09653357,0.043001477,0.047559544,-0.008495472,0.057332292,-0.019363053,-0.13423774,0.12704284,0.21074073,0.053705752,-0.13659164,-0.07653544,0.0048267734,-0.09842639,0.06661296,-0.017014386,-0.023000896,-0.108766824,0.062076148,-0.17246464,0.07647586,0.15355527,-0.051703982,0.12541978,-0.050025597,-0.28297287,-0.31765974,-0.17299895,0.20011397,0.24946633,-0.02330776,-0.15536162,-0.24663073,-0.0756563,0.06294438,-0.0049469233,-0.029654639,-0.18672687,-0.14435261,-0.00238747,0.03757468,0.19471152
72,"Mask, The (1994)",0.16316606,0.042685665,0.39406055,-0.081731826,-0.23174995,0.06079396,-0.03656142,-0.007014065,-0.20491911,0.27103359,0.15918243,-0.056158166,0.2593666,-0.014896035,-0.22319554,-0.05484485,0.036391135,0.10183346,-0.13198903,-0.040015943,0.073543765,0.13246216,-0.07763665,0.13982168,-0.038654752,-0.26223522,0.13742805,-0.123799354,-0.031430162,0.011481559,-0.027342971,-0.09860126,0.17565474,-0.09661785,-0.25191468,-0.013488049,0.050676413,-0.04359558,-0.25215474,0.10663113,0.07088288,0.018293474,-0.09668815,0.089751214,-0.21515623,0.19172029,0.071703926,-0.18220225,-0.16087127,-0.09044469,-0.023925684,0.010987327,0.06341321,-0.21031384,0.051949643,-0.11235365,0.30987832,-0.14773378,0.057330463,-0.078731686,-0.1690789,0.3029976,0.006319389,0.1291114
73,Maverick (1994),0.051763974,0.008915714,0.13852602,0.17547607,-0.1037486,-0.073360175,0.09049744,0.06921321,-0.26347053,0.22212178,0.024464132,-0.086570024,0.1101617,-0.07187689,-0.23693866,-0.14783324,-0.07042821,0.19590051,-0.10723553,-0.024223281,0.13167462,0.15725693,-0.09220716,0.20516302,-0.057384573,-0.14940909,0.024194332,-0.12450117,0.013575109,0.2605174,-0.11858158,-0.09934053,-0.12631826,-0.20719753,-0.10600301,-0.13429005,0.022252066,-0.08679851,0.01866161,0.16857645,0.0028888914,-0.08642695,0.10658476,0.12619829,0.00919214,-0.049823757,0.17140214,-0.28690067,-0.30781808,-0.097637,0.10105359,0.039792623,-0.012024245,-0.19674943,0.043199092,-0.05703143,0.2009386,-0.112889715,0.10797322,-0.2130659,-0.10273731,0.20436972,0.11052044,0.02673652
76,Carlito's Way (1993),-0.27800024,-0.0960657,0.21658432,-0.038693897,-0.3623704,-0.0897822,0.022601105,0.22686441,-0.29458326,0.2724844,-0.20648257,0.10755858,0.050312784,-0.090259865,-0.3992086,0.11531983,0.2150385,-0.25384104,-0.12196055,0.15364197,0.09245937,-0.022044078,0.09170282,0.040530298,0.27978706,0.005752188,0.101588756,0.25415128,0.04782079,0.08228731,0.23404323,0.10732852,-0.091962725,-0.32181,0.037157036,-0.20617807,0.010052067,-0.120792694,-0.0610442,0.2019624,-0.16676047,0.054446373,0.043967623,-0.27651113,0.08473983,-0.046179462,0.045049906,-0.3921967,0.030429166,-0.29175702,-0.36798808,-0.069958225,0.3378118,-0.22194858,-0.21431927,-0.10423287,0.5139547,-0.050919227,0.11193385,-0.23781545,-0.02471986,-0.07805867,0.11414684,-0.18274917
77,"Firm, The (1993)",-0.1318668,0.058419604,0.25707617,-0.069619544,-0.11855868,-0.23196691,0.189558,0.22773145,0.0016067199,0.090844594,0.16794299,-0.20245801,0.16981187,0.07494507,-0.063878365,0.11041756,-0.029424809,0.17479257,0.08017469,0.07967716,0.25345287,0.30602857,-0.0035060183,0.13727163,-0.11405472,-0.06700139,0.09896602,-0.25849947,-0.01750982,0.13662958,0.20412119,0.0027540454,0.17834167,-0.06459136,0.062639095,-0.124746405,0.11451377,-0.027601361,-0.14158696,-0.004778216,-0.15317129,-0.14814545,0.15949847,-0.013612995,0.1335894,0.19937998,0.21148941,-0.36530316,-0.26795676,-0.003815297,-0.0012702211,0.12090163,-0.30690587,-0.18746477,-0.21090363,-0.2280491,0.30197182,-0.21757002,0.042768106,-0.31312507,-0.018509535,0.13737829,0.14156497,-0.0035807202
79,"Fugitive, The (1993)",0.029416291,-0.050718907,0.14443952,0.18042208,-0.1696196,0.031844337,-0.052265085,0.15013711,0.0038450072,-0.024065858,-0.030872839,0.023207694,0.050152287,0.16935791,-0.13113482,-0.08492418,0.01856561,0.04984417,0.06204637,0.023934336,0.1472216,0.04127223,-0.06383075,-0.08411959,0.11961449,-0.07047204,-0.025395148,0.038478304,-0.114881255,0.060136195,0.18913724,0.037863567,-0.011781544,-0.25901783,0.018104598,0.029523933,0.15757181,-0.06916467,0.11589071,0.07128406,-0.03460172,0.0060425415,0.0070479917,0.07900607,0.0026710469,0.17296983,-0.0033822483,-0.2993882,-0.005160692,-0.0851823,0.23000446,0.20450206,-0.01762422,-0.19783637,-0.36122108,0.04428819,0.22617775,-0.11394478,0.013535419,0.030382087,-0.004972261,0.057597335,-0.11786049,0.006136477
81,"Hudsucker Proxy, The (1994)",-0.03986264,-0.028988453,0.07547138,0.0047281124,-0.056396525,0.19885117,-0.18475077,0.014237756,-0.09887656,0.060089126,-0.07165636,-0.012260821,0.16984175,0.19818765,-0.09358593,-0.12610874,0.12755886,0.02257356,-0.17909107,0.115430996,0.116509795,0.04374077,-0.08975866,-0.11834835,-0.0010474666,-0.06523742,0.38398033,-0.1002104,-0.19360143,0.038757335,-0.41589043,-0.005674372,-0.05128577,-0.24744686,0.11647883,-0.038174804,0.13165896,-0.15745386,-0.21507359,0.11221479,-0.14984643,-0.07137879,-0.01656855,0.046242714,0.12695694,-0.03918832,-0.07585042,-0.21965802,0.058458988,-0.05648499,-0.0012245349,0.12385329,0.050827798,-0.2524255,-0.1283819,-0.12574059,-0.019357597,-0.032256152,0.13984972,-0.28033197,-0.41148266,0.0125706345,-0.13645878,-0.12828903
82,Jurassic Park (1993),0.08218803,0.023742486,0.2380857,-0.13222428,-0.029877514,0.1659303,0.17702453,-0.0371133,-0.035301816,0.18318915,-0.12171759,0.0065603917,0.14198613,-0.01386536,-0.003914492,-0.18227333,0.09365135,0.093945704,-0.013217969,0.10149762,0.18927391,0.043594144,-0.0059398944,0.055837277,-0.029950835,0.1061836,-0.017796386,-0.098323174,-0.19724149,0.0544992,0.13574378,-0.037023794,0.090294085,-0.31636322,-0.029378176,0.03546858,0.071649656,-0.011212383,-0.060050473,0.03437418,-0.03705329,-0.092651114,-0.028636293,0.081260666,-0.09853461,0.12486201,-0.024884045,-0.14891429,-0.049970243,-0.18744797,0.072264396,0.17358418,0.0042906962,-0.19338167,-0.4148597,-0.10443289,0.07601714,-0.035031673,-0.091969274,-0.12269543,-0.12786208,0.031667534,-0.0018381589,0.11359265
83,Much Ado About Nothing (1993),0.06382081,-0.07987859,0.083726,0.17314382,0.0048823836,-0.05147374,-0.06625199,0.23319767,-0.0039829733,-0.02699405,-0.030123016,-0.16516146,0.09480446,-0.057901934,-0.12853509,-0.10719389,0.23052602,0.10369391,-0.034400202,0.10996601,0.015681198,0.18998821,0.14399348,0.062876716,0.041599054,-0.16465104,0.15748481,0.21077096,-0.013376435,0.30297396,-0.009707076,-0.052458346,-0.20049174,-0.27206245,-0.027785765,0.037146647,0.02580277,-0.15955551,-0.13502239,-0.04215053,-0.22191285,0.08874059,0.24416341,-0.043692343,0.027280543,0.17617057,-0.099785574,-0.18466263,-0.069693476,-0.08375052,0.16173552,-0.08507348,0.00092461996,-0.28600422,-0.20173965,-0.006111752,0.16147964,0.036020678,0.024833987,0.07192351,0.0066235983,0.12087602,-0.031452045,0.065938756
86,"Remains of the Day, The (1993)",0.12512127,-0.16773081,0.09330506,0.2008847,0.026956951,-0.032289114,-0.24083214,0.19156325,-0.15751567,-0.07558125,0.16539237,-0.121021986,0.09508034,-0.16896442,-0.11344979,-0.19077356,0.17523754,0.095778115,-0.21106578,0.15989827,0.050256018,0.18041526,0.083347484,-0.044279315,0.15202855,0.012367835,0.09069267,0.16347235,-0.07293329,0.11395934,-0.12864107,0.030712506,-0.13131693,-0.17391542,0.05533949,0.09505396,0.05083213,0.14749628,-0.2636105,0.03887567,-0.08841421,0.31012517,0.17198473,0.080887705,-0.13273518,0.12854815,0.017994571,-0.11983054,-0.15925428,0.0033934715,0.1555924,-0.070238344,0.02602241,-0.10479103,-0.49056205,0.09669411,0.056922905,-0.04498292,0.07945446,0.15325375,-0.15868662,0.20458357,-0.13655175,0.03841981
87,Searching for Bobby Fischer (1993),-0.07070538,0.04219629,0.12203772,-0.041847385,0.06296697,0.060839526,-0.096232995,0.08476031,-0.0777113,0.1792658,-0.13393207,-0.29837635,0.096214674,-0.13350333,-0.16109632,0.062690556,0.09992768,0.15146229,-0.044674877,0.14451183,0.01049357,-0.04698196,0.048815686,0.038876414,0.11363495,-0.15769318,0.2319792,-0.09269756,-0.13385051,0.14697579,0.100781344,-0.13387498,-0.033636827,-0.17933773,0.09173868,-0.026568374,0.10481503,0.051737066,-0.164737,-0.009842444,-0.055772796,-0.20836602,0.13460304,0.079218715,0.06280089,0.04541944,-0.116560854,-0.35000488,-0.09207124,-0.14538959,0.18778035,0.0069907634,0.02964936,-0.015450873,-0.14347059,-0.11834187,0.14189216,-0.08822,-0.027262593,-0.18108213,-0.14845894,0.080443375,0.070209414,0.12691098
88,Sleepless in Seattle (1993),0.1727558,0.09317061,0.22186953,-0.011265841,-0.123312704,0.1317765,0.1770411,-0.007069822,-0.08136059,0.1287395,0.02363503,-0.13662408,0.07976935,-0.17974852,-0.24188995,-0.14067885,-0.028991139,0.027992558,-0.17450397,0.147254,0.055256534,-0.031996287,-0.11665502,0.06692792,0.055323705,-0.12493434,0.18226953,-0.05421198,0.11002858,0.19073072,0.0104738735,0.0094812,-0.20442167,-0.112483285,-0.019845596,0.12576573,0.0053668427,-0.012414223,-0.08847782,0.06657873,-0.17200278,0.025889821,-0.081299685,-0.024033077,0.001589535,0.26862,-0.04067096,-0.16619514,-0.07331887,-0.1033267,0.19503787,0.079857156,-0.06830991,-0.21349862,-0.29075518,-0.15221651,0.05772752,-0.08186895,-0.011157335,-0.20617904,-0.029659724,0.0530176,-0.1009305,0.13083781
89,Blade Runner (1982),0.05540265,-0.12065763,0.20748505,-0.03316112,-0.08884671,0.08980086,-0.030911809,0.054178998,-0.17681365,-0.0832947,-0.095790796,0.0800743,0.1400699,-0.0483409,-0.06407653,-0.044089343,0.015534109,0.16947077,0.05244567,0.17543319,-0.003596766,0.15910016,-0.029277692,-0.05527303,0.06705271,-0.07446598,-0.1566861,-0.10391135,-0.02768265,0.06924229,-0.06246906,-0.094872504,-0.12295404,-0.078312546,-0.018508902,-0.05253758,0.19290592,-0.109722994,-0.07056264,-0.052246395,-0.06568379,-0.04213614,-0.0016442828,0.093960546,0.1267397,0.16384153,-0.0013880391,-0.095020875,0.16054706,-0.07298485,-0.012433779,0.10833383,0.009773902,-0.20078948,-0.3724671,0.00247952,0.1797078,-0.15735637,0.105347626,-0.14371073,-0.12782629,0.11720994,0.080336176,0.21027823
90,So I Married an Axe Murderer (1993),-0.1572743,-0.02430914,0.22994004,-0.011313722,-0.5535225,0.04899338,-0.030800544,0.2150628,-0.26622722,0.14811164,0.047688067,-0.066585205,-0.06748512,-0.014922312,-0.32578352,-0.102797635,-0.04347848,0.18820338,-0.18257158,0.0811828,-0.06918183,0.1633271,0.19675267,0.013849464,0.31641912,0.13001446,0.04272407,-0.12321634,-0.006285604,-0.06889257,0.36810678,-0.06843949,-0.2273095,-0.057838827,0.06002949,0.04037773,-0.013507537,-0.06043408,-0.22807065,0.4120074,0.03920761,-0.19156219,-0.014155682,0.15176152,-0.21207803,-0.25230122,-0.0331981,-0.43417776,0.043995455,-0.15292317,-0.19436225,-0.018713066,0.22550538,-0.4516962,-0.09174825,-0.019458292,0.22411771,-0.012606608,0.11476125,-0.34223723,-0.16019766,-0.23618926,0.15835081,-0.048796013
91,"Nightmare Before Christmas, The (1993)",0.099313684,0.06285937,0.25936824,-0.035078473,-0.102128804,0.072384514,-0.022136316,0.077291094,-0.27738485,0.10762704,-0.11274829,0.043803316,0.17035617,0.13171661,-0.2601959,-0.031819932,0.2345701,0.13899133,-0.060490157,0.16860646,0.080471225,-0.037144598,-0.049682233,-0.034056373,-0.15573324,0.051723745,0.039362084,-0.039186105,-0.122239724,0.07752217,-0.25410324,-0.10778496,-0.12398275,-0.007225167,-0.051235404,-0.023349514,-0.24668208,-0.2141254,0.0132163605,0.05889148,-0.1399094,-0.2382057,-0.029909465,0.1603941,0.1139104,-0.05554463,0.008157509,-0.19933303,-0.060660955,-0.19973439,0.15614232,0.22803143,-0.073900945,-0.22123069,-0.08823202,-0.12253159,0.0036308563,0.18153298,0.03614908,-0.0030322375,-0.23264058,0.2755838,0.0820187,0.024615323
92,True Romance (1993),-0.038233675,0.017764585,-0.026203485,0.05203691,-0.0645438,0.37885424,-0.20228231,-0.050969798,-0.12389037,0.062221684,-0.2179612,-0.05011242,0.08559045,0.003916552,0.031102296,0.14771333,0.068345554,0.18803427,-0.026398327,0.33536813,0.096872985,0.06820179,-0.083477534,-0.0028261128,0.1298991,-0.17099029,0.12640871,-0.14308034,-0.18436308,0.057555564,-0.01992445,-0.03972307,0.16605721,-0.073142,-0.13526444,-0.055063862,-0.12656322,-0.115183115,-0.24566574,0.09658703,0.040977158,-0.08208774,0.0009257529,0.2649155,0.16389069,0.072696716,-0.1400017,-0.38782713,0.04203032,-0.23097682,0.09565504,0.010012392,0.12548767,-0.3614502,-0.05966946,-0.21834618,0.10312585,0.09925734,0.15514763,-0.14745384,-0.1292947,0.10997495,-0.05068943,-0.15064515
93,Welcome to the Dollhouse (1995),-0.17309366,0.09138152,0.24961141,0.13166815,-0.25660956,0.061824884,-0.35194305,0.04192149,-0.012653107,-0.10135082,-0.38437,-0.14067526,-0.006074881,0.016434086,0.011756927,-0.20456803,0.10419535,0.22057,0.1030834,0.13592784,0.11843635,-0.12604378,-0.09722307,-0.03242481,0.21457769,-0.11721824,0.07417769,0.16913177,-0.018599693,-0.04855435,-0.027763963,-0.06262241,0.08389501,-0.20719372,-0.13737495,-0.18662259,-0.015096328,-0.12246561,-0.27079815,0.45524704,-0.14179842,0.12033322,-0.050050873,0.38797498,0.14635259,0.17444414,-0.29762492,0.025874658,-0.15084526,-0.076953456,0.093723625,0.42975426,0.06593533,-0.28078973,0.011566206,-0.0017594589,-0.1891536,0.26098913,0.10585015,0.03075018,-0.22396003,0.09126828,-0.2698497,9.7867516e-05
94,Home Alone (1990),0.01444244,-0.026689954,0.07396151,0.12675317,-0.31686944,-0.054074477,-0.10542031,0.039766144,-0.2510196,0.22554037,0.028180124,-0.14488094,0.093728535,-0.31458706,-0.40513274,-0.19333349,-0.19882976,-0.082209244,0.08944033,0.031691357,0.1482697,0.3526051,-0.011589005,0.1966554,0.14420377,-0.07609337,0.26130965,-0.21217786,-0.039960045,0.27379352,0.04042781,-0.14916798,0.015595552,-0.37836742,-0.097910166,-0.03534801,-0.15569204,-0.024719065,-0.08369657,0.18200202,0.32320148,0.028791586,-0.18152712,0.24178931,-0.0880101,0.27395824,0.2619995,-0.31438473,-0.06010147,0.008088963,0.08013785,0.11890447,-0.029744862,-0.1205727,0.0621369,-0.09107609,0.15572906,-0.101645626,0.01172851,-0.11704347,-0.16024403,0.16485864,0.092372164,0.08341595
95,Aladdin (1992),-0.04127648,0.0072226627,0.066195674,-0.18467705,0.032098554,0.045860596,0.1490293,0.18836476,-0.2888109,0.30913106,-0.113281436,0.03020278,0.20003377,-0.14511734,-0.24399352,-0.30902636,0.08643565,0.15544543,-0.19570164,0.26049417,0.24522826,-0.24849683,-0.1288797,0.17083678,-0.21636842,-0.13844661,0.05760925,0.03065646,-0.11770093,-0.08992323,0.13916163,0.012341232,-0.21903437,-0.06357609,-0.095635325,-0.056541353,0.29855454,0.05010875,0.0036453542,0.22434391,-0.029897353,0.0025725577,-0.07163477,0.26162922,-0.0868039,0.14657748,-0.19449906,-0.312723,-0.059959684,-0.10195032,0.09194451,0.0057798447,-0.043233976,-0.298921,-0.038412724,0.02002397,-0.051612243,-0.12922275,-0.026804937,0.0035336702,-0.27691156,0.010151026,-0.08010075,0.20874847
96,Terminator 2: Judgment Day (1991),0.065659516,-0.021880442,0.17493922,0.09615851,-0.14196049,0.18897721,-0.10983841,-0.08599138,-0.062656954,0.10192846,-0.15153386,0.05491755,0.15938611,0.21915093,-0.050686445,-0.21287228,-0.013917938,0.034026425,0.06555844,0.056236424,0.17804714,0.079026975,-0.0057029617,-0.06078519,0.017231798,0.08708309,-0.057386503,-0.09799339,-0.011133473,-0.0037715794,0.13958876,-0.09235533,-0.04754001,-0.20064703,-0.10207345,-0.026508411,0.231293,-0.010114232,0.057687324,0.028398657,-0.14790541,-0.05971994,0.04937246,0.12080134,0.03301254,0.101547524,-0.03732565,-0.13512066,-0.033877555,-0.12636058,0.03837091,0.2001862,0.05578676,-0.15146251,-0.4235703,0.02585769,0.17893219,-0.17068674,0.03476414,-0.07821361,-0.1547922,0.106738575,-0.001618001,0.123167284
97,Dances with Wolves (1990),0.21034291,0.12877344,0.29609695,-0.036425244,-0.060562912,0.1146821,-0.062693104,0.122431494,-0.009350763,0.13319804,-0.07697446,0.065615855,0.06309352,0.035755444,0.025438739,-0.10114569,-0.0041770344,0.08331208,-0.13834722,-0.021989731,0.17189208,-0.076820776,-0.07246319,-3.610625e-05,-0.022497874,-0.15342163,0.006573421,-0.010930659,-0.1174157,0.16317485,0.0355125,-0.021979498,-0.03887001,-0.17133771,0.08480037,-0.104899816,-0.00032487142,-0.16498554,-0.06205121,0.004231942,0.09532289,0.122129716,0.09024994,-0.068112634,-0.004973585,0.13172348,0.027361719,-0.24998054,-0.24165316,-0.16920188,0.06227028,0.08786635,0.015197657,-0.16713141,-0.29010835,0.017289696,0.109914735,-0.09416602,-0.0003714846,-0.044518236,-0.0469907,0.03846517,-0.08403278,0.17964889
98,"Silence of the Lambs, The (1991)",-0.044248126,-0.013476557,0.20305291,0.029535893,-0.13493349,-0.061243013,-0.08365685,0.09720114,-0.18773396,-0.13063516,-0.12883769,-0.036764737,-0.07755806,0.22706012,-0.2369461,0.010225948,0.016778955,0.15373118,-0.018539414,0.14429663,0.10017679,0.0942347,-0.046112046,-0.108448714,-0.013912791,-0.046560463,-0.07266848,0.093251646,-0.02764894,0.101753525,0.109518595,-0.013396574,-0.07232439,-0.19051082,0.09012474,0.0974614,0.15794,-0.106694035,0.107745245,0.16824257,0.041132316,-0.019254608,-0.031385288,0.08705101,0.013368176,0.24018279,-0.101015314,-0.27341136,-0.069719516,0.02693126,0.086369015,0.16090353,0.020973705,-0.25268245,-0.21609597,-0.03418061,0.24626538,-0.18363091,-0.012876468,-0.0052274507,0.06219994,0.046250604,-0.068258554,0.16875388
99,Snow White and the Seven Dwarfs (1937),0.10309666,-0.0869585,0.14196582,-0.10375116,-0.023384087,0.014077968,-0.010687371,0.046036117,-0.0009996563,0.08612459,-0.006693059,-0.009754242,0.022516778,-0.105607234,-0.120805696,-0.2042894,0.07606723,0.16246521,-0.2171385,0.12916845,0.014849411,0.024926625,-0.17387646,0.12108577,0.002677935,0.00864602,0.15316641,0.11059312,-0.16445573,0.21410629,0.022278031,-0.11674932,-0.05583127,-0.13271941,0.11790297,0.01875731,0.022769857,-0.07536042,-0.0282065,-0.25913218,-0.16754144,-0.06655722,-0.031893596,0.032968625,0.08826642,0.12529066,0.09571912,-0.118001655,-0.17222066,-0.1298802,0.12081134,0.17124113,-0.0050567915,-0.33040008,-0.03905928,0.042436123,0.13263592,-0.035305317,0.14239736,-0.14284073,-0.06597611,0.09992348,-0.010791908,0.2658689
100,Fargo (1996),0.0014226377,-0.051927567,0.21452105,0.052029613,-0.1896122,-0.032470692,-0.13654414,-0.0806504,-0.114002846,-0.45611823,-0.07702008,-0.1577319,-0.23873286,-0.011033767,-0.5034237,0.08533809,-0.03417096,0.2861197,-0.135239,-0.14210737,0.01957411,-0.15116735,0.1423499,-0.13797347,0.08187106,-0.15842058,0.089624815,0.063688144,-0.20510954,0.065254614,-0.13218182,-0.18514806,0.06223915,-0.34345868,-0.009719863,0.060719237,-0.09239266,0.055377323,-0.090133466,0.3547784,0.10249413,0.15801252,0.03529466,0.10580329,0.103275724,0.27370825,-0.009052752,-0.37927005,0.24383432,0.3036594,0.08317352,0.092125334,-0.057913966,-0.1335148,-0.29257706,-0.03776276,-0.11753768,0.025357734,0.09671379,-0.19089149,0.020016808,0.18003371,0.05599752,0.23944716
101,Heavy Metal (1981),-0.2073697,0.045211036,0.23812869,0.12900709,-0.5536142,0.053160984,0.024580387,-0.0003138249,-0.2112671,0.11902654,-0.21223707,-0.12201387,0.16137308,0.01888828,-0.10532306,-0.24602395,-0.12665778,0.048288766,-0.15684763,0.050295666,0.122520804,0.29090926,0.01989968,0.20193389,0.37175474,-0.16559264,0.10660819,0.42396083,0.019339113,0.07874652,0.12993081,-0.29929027,-0.13529557,-0.2265233,-0.058767445,-0.048025876,-0.12997867,-0.12046126,-0.047041144,0.3579876,-0.14771591,-0.088803835,0.064113036,0.05647172,-0.08923452,-0.24999397,-0.060127396,-0.28654253,0.07122738,-0.015784234,-0.255595,0.06832951,0.2513711,-0.1261916,-0.1316161,-0.042179853,0.29247177,0.1735154,0.04069764,-0.31267053,-0.32395002,-0.18668921,0.13417092,0.19110398
109,Mystery Science Theater 3000: The Movie (1996),0.12954052,-0.016887292,0.12595414,-0.036971,-0.39526683,0.14570811,0.051634286,0.07074797,-0.24761225,-0.105869144,-0.17786357,-0.09567182,0.24543488,0.06818464,-0.24710062,0.07928925,0.16172302,0.12364435,-0.16636726,0.27037072,0.078155376,0.085361965,0.053449675,-0.021240098,0.3750515,-0.085214846,0.050496787,-0.011549809,0.041274134,0.10400228,-0.116781496,0.023386482,0.090355806,-0.36069024,-0.32009122,-0.092720255,-0.011362135,-0.28157145,-0.1967991,-0.045360904,-0.065746695,-0.3041701,-0.08979955,0.32301274,-0.092489846,-0.29013488,-0.012491973,-0.04694474,0.008264018,-0.21167827,0.10532098,0.063585974,0.09261008,-0.28917035,-0.16343142,0.064295545,-0.16158058,-0.015659288,0.08229923,0.058246445,-0.010197417,0.22145472,-0.2500726,0.016131056
111,"Truth About Cats & Dogs, The (1996)",0.12993081,0.42088485,0.08690217,-0.0116817225,-0.059849128,-0.19312038,-0.056611683,0.14957662,-0.21555677,0.036536545,-0.19572829,-0.15040621,0.12957609,-0.056709353,-0.39126146,-0.113746546,0.08873192,0.10779473,-0.058367103,-0.016851146,0.07164626,0.032036897,-0.03759862,0.19763198,0.19755918,-0.10523436,0.03381501,-0.15849179,-0.2007417,0.17394243,0.12885351,-0.035578657,0.03089214,-0.078619145,-0.074596696,0.07461201,0.008743629,-0.13844,-0.1972312,-0.10994198,-0.28519484,-0.01649293,0.096287176,0.05377351,-0.20866175,0.047669597,-0.20981121,-0.10579201,-0.24865316,-0.08948586,0.106654614,0.019327652,0.01381898,-0.19951145,-0.18896122,-0.11108024,-0.07712956,-0.04050593,-0.019195182,-0.1902553,0.041762665,0.09350847,0.017590651,0.31096223
114,Wallace & Gromit: The Best of Aardman Animation (1996),0.22849765,-0.27363715,0.30101007,-0.054161087,-0.15310994,0.06062978,-0.16163819,0.26995906,-0.3313957,0.15565744,-0.2172683,0.11669683,0.20599678,0.1629451,-0.29186428,0.01685555,-0.04826736,0.29301205,-0.017709762,0.37542048,0.07476752,-0.06232527,-0.09986063,-0.07644722,-0.13525708,-0.10751893,0.09042759,-0.21166976,-0.018479634,0.30969146,-0.1769204,-0.16818336,-0.10784003,-0.33842656,-0.094691806,-0.07773582,0.049561452,-0.15963674,-0.17164585,-0.014462152,-0.3606447,-0.04320217,-0.07132094,0.13487746,-0.27218536,0.16364649,0.031606346,-0.015146259,-0.06900442,0.23882173,-0.15093029,0.12894331,0.22069961,-0.16279683,0.09724601,-0.07570425,-0.13351043,0.16446923,0.101330765,-0.074014276,-0.2549818,-0.291907,0.028962146,-0.082700185
116,Cold Comfort Farm (1995),-0.08019307,-0.29156053,0.22036858,-0.15434186,0.09843592,-0.06551047,-0.34382164,0.06244785,-0.14173049,-0.32486212,-0.36458907,-0.17683329,-0.03483854,0.2966559,-0.14716445,-0.22839592,-0.12378807,0.19742754,-0.14178297,0.1951789,0.06044427,-0.19477533,-0.35727832,0.0019406939,0.27618453,-0.17280854,0.09729096,-0.087346226,0.039675992,0.15125766,-0.12557204,-0.03904129,0.113931224,-0.24483065,0.201108,-0.073589526,0.11134915,-0.28645965,-0.26381823,-0.03155118,-0.14438342,0.29035082,-0.07792987,0.06805122,0.045690827,0.035350364,-0.07434567,-0.1475928,-0.23490128,-0.07274095,0.09362384,0.05286897,-0.0038410185,-0.21646045,0.016609333,0.0027896136,-0.118411854,0.1423917,-0.051234547,-0.040466085,-0.25065827,0.010365656,-0.27526736,0.005147143
117,"Rock, The (1996)",0.27598953,-0.05443917,0.093545556,0.028725581,-0.10771153,-0.07879633,0.026537357,-0.008348866,-0.038023174,0.24666739,-0.17611957,-0.10091461,-0.11546414,0.15031421,-0.17589615,-0.14930792,0.010725616,0.09578091,0.061586656,0.06965308,0.12992126,0.036321413,0.069351695,0.18368559,-0.067616485,-0.12747248,0.11471952,0.03862252,0.032575957,-0.23516744,0.18604577,-0.14459722,0.09716212,-0.3851713,0.037990104,-0.22349173,0.17211401,0.07145657,0.04019209,0.04030556,-0.021378774,0.015778141,0.004134094,0.07709756,0.10120443,0.2129778,-0.143143,-0.33886367,-0.13066852,-0.0405278,0.12212693,0.18418661,0.094110854,-0.25684184,-0.2587375,-0.101559505,-0.29634637,-0.050355043,0.0052558295,-0.20284015,-0.10413923,0.15804063,-0.059137408,0.2153746
118,Twister (1996),0.26354912,0.31952035,0.16293877,0.0040471274,-0.18834911,-0.121567294,0.1458902,-0.102541454,-0.23051575,0.30169725,-0.32433373,-0.14408056,0.20515406,-0.010339642,-0.1746692,0.11352665,0.21154335,0.20224513,-0.05075389,0.050145917,0.091183335,0.15999152,-0.07809973,0.422691,-0.10715594,-0.01149578,-0.10547438,-0.11936885,-0.0059231995,-0.1584913,0.23329689,-0.16866478,0.08433093,-0.31476447,-0.18876143,-0.005082261,-0.06596643,0.07316792,-0.09701759,-0.053312916,0.023285689,0.005333644,0.049369548,0.17734666,0.13865681,-0.014894036,-0.15051745,-0.38896033,-0.16764715,0.09773422,0.024508495,0.15604736,0.025905337,-0.029361615,-0.36187637,-0.19657579,-0.047359023,-0.14897636,-0.19999261,-0.08673147,-0.15533586,-0.008244784,0.11185724,0.3349068
121,Independence Day (ID4) (1996),0.22323933,-0.013284529,0.06299829,-0.0717119,-0.2083428,-0.07169257,0.15763876,0.041275203,0.110582724,0.14876771,-0.3444187,-0.064440064,0.025900705,0.13325964,-0.18662491,-0.19723442,0.035764027,-0.043090582,-0.022520427,0.14131372,-0.02312531,0.13541442,0.0025123646,0.33418608,-0.14440612,-0.055921856,0.05525146,0.014068419,0.03592312,-0.06066639,0.18516974,-0.16122125,0.104293205,-0.5077425,0.1433299,-0.03454326,0.16240516,0.00014646223,-0.034348935,-0.090262465,-0.030728979,-0.059679996,0.05853072,0.012029973,0.06308731,0.073799096,-0.049694482,-0.27842543,0.05641896,-0.18699647,0.13159123,0.28000125,0.10008425,-0.19934872,-0.37018102,-0.06457182,-0.27408233,0.01836923,-0.25212422,-0.2136058,-0.11272451,0.22413583,-0.083691716,0.19933516
123,"Frighteners, The (1996)",-0.04375958,-0.0969489,0.1955462,0.32818368,-0.53322184,-0.097997494,-0.024961123,0.025881806,-0.0892696,-0.11299683,0.123352595,0.110852934,0.12301229,-0.10956488,-0.45343524,-0.04134677,0.14049047,0.18980795,0.05359205,0.12679735,0.06528405,-0.22626059,0.035857864,0.2802091,0.33337942,0.08798252,-0.07064716,0.18337771,-0.05030949,-0.110390864,-0.029298551,0.07008602,0.16229577,-0.30360025,-0.2220912,-0.30154136,-0.19368632,-0.17487957,-0.3656137,0.17271964,-0.11557962,-0.27218622,-0.26619646,0.2537325,0.2698383,-0.11316799,-0.098791555,-0.25221235,-0.27541924,-0.28298733,0.105903104,0.0031833043,0.15638554,-0.32997945,-0.03870952,0.0987528,0.2324303,-0.1350541,-0.008726615,0.026871039,-0.048751146,0.045788452,0.09513627,0.12336774
124,Lone Star (1996),0.02389773,-0.07513471,0.011055692,0.0665187,0.051735263,-0.13317358,-0.4445781,0.08576435,-0.0659739,-0.22836979,-0.23715669,-0.07191136,0.12985349,0.1394847,-0.02343874,-0.15265301,-0.055810817,0.29463932,-0.2205364,-0.09872152,-0.07000821,-0.07100377,-0.18276423,0.019333877,0.2909747,-0.17948776,-0.03633622,0.084454425,-0.20411369,0.1350773,0.06427206,0.23038371,0.12682383,-0.11768716,-0.012299132,-0.009351466,-0.039097786,-0.14120117,-0.20096159,0.021426942,-0.108739525,0.023159891,0.06190188,-0.0701141,0.1408917,0.24939997,-0.19844553,-0.091576785,-0.3050985,-0.09277091,0.013522435,0.15812445,0.09288357,-0.20898348,-0.1767608,-0.07956039,0.05055962,0.17026854,-0.113874435,-0.102198124,-0.17798886,0.14975654,0.23015766,0.24934353
125,Phenomenon (1996),0.22486353,0.2462266,0.43989393,-0.08045577,-0.11610035,0.0077137984,0.037226703,-0.033189792,-0.17657882,0.20479867,-0.3672174,-0.02651455,-0.044203676,0.15508735,-0.18912135,0.08215655,0.035772122,0.15134563,-0.02937254,0.033066306,0.17314069,-0.018437281,0.07935764,0.14793733,-0.036728684,0.01840979,0.06425429,-0.16890939,0.009423124,-0.043646287,0.18270537,-0.09696338,0.09313244,-0.061764654,-0.10864837,-0.008814537,0.16842453,0.019809466,-0.23183866,-0.05569521,-0.22715187,-0.08326157,0.24787924,0.020696457,0.0033251855,0.10116311,0.0072403406,-0.29647112,-0.21154575,-0.15896341,0.22519834,0.018701077,-0.049074993,-0.2260517,-0.24674268,-0.25823814,-0.19425115,-0.238733,0.04129047,-0.036421265,-0.076755434,-0.073650524,0.076785274,0.17219774
126,"Spitfire Grill, The (1996)",-0.027874637,-0.21734197,0.47051013,-0.031076217,-0.47414187,-0.19090913,0.30150354,-0.008864231,0.14260806,0.0067109773,-0.12063377,-0.21223438,0.006228986,0.15218446,-0.21907166,-0.23165578,0.5448023,0.58593047,0.049669623,-0.14401937,0.25584728,-0.015903968,0.070098504,-0.047811903,0.2670246,0.10377663,-0.06656267,0.054588098,-0.19882786,-0.05561818,-0.025825549,-0.23661216,0.25789502,0.1031732,-0.04298325,0.18898007,-0.12484128,-0.20458323,-0.0549898,0.20989285,-0.19186711,0.10297709,0.34098232,0.09447285,0.18768936,0.098751776,-0.0016135185,0.05680348,-0.36614442,0.14088356,0.2151308,0.0888396,0.120981485,0.033560667,-0.18460713,-0.09429852,-0.24169938,-0.13183524,-0.22805476,-0.8769453,-0.009070058,0.06373196,-0.14537637,0.14631258
127,"Godfather, The (1972)",0.08484933,0.15705848,0.24641122,0.12322105,-0.096556135,-0.02767325,-0.22234473,-0.003456601,-0.25317755,-0.2894973,-0.15925905,0.039087795,-0.047872588,0.13914862,-0.29640695,0.060949635,0.06767456,0.13987467,0.0129381195,0.067946315,0.10648992,-0.014220637,-0.022141356,-0.14624895,0.044100124,-0.09233488,-0.1251627,0.08721534,-0.19206263,0.040559422,0.08075684,0.04219607,-0.07686263,-0.1379231,0.026038887,0.02096881,-0.043427173,-0.060831267,-0.010868421,0.016239969,-0.04060625,-0.031496678,0.095822744,0.025056424,0.0658849,0.20356975,0.06933312,-0.19362867,-0.037332334,0.053188227,-0.0025946,0.13487203,0.06636238,-0.21392536,-0.20165007,-0.016668377,0.17765313,-0.0058739176,0.01665024,-0.18475126,0.04047559,0.19959702,0.12080462,0.19517498
128,Supercop (1992),-0.082811065,-0.31976378,0.123055376,-0.06847324,-0.41460657,0.08637227,-0.1351568,-0.18831073,-0.35907543,0.10832581,-0.18200022,0.024307366,0.29237577,0.27669242,-0.2565722,-0.26779783,0.25730035,-0.04291301,-0.18565167,0.12894471,0.07126233,0.2929374,0.16462809,0.15247653,0.36509386,0.0026914629,0.19172794,0.17656156,-0.035243925,0.06433557,0.16650328,-0.30322647,-0.28714287,-0.42916906,-0.12852609,-0.5024238,-0.2350027,-0.1256469,0.2425005,0.1578133,-0.15580793,-0.16639178,0.023779836,0.16210495,-0.2190356,-0.37960446,-0.24491301,-0.29294232,0.13374877,-0.12921515,0.11238674,0.09494493,0.14860234,-0.20564753,-0.036650065,0.07730376,0.24378031,0.046736218,0.07335356,0.045079146,-0.050307665,-0.072757654,0.2859466,0.0851401
129,Bound (1996),-0.05562648,-0.11431578,-0.15389639,-0.057054773,-0.121157765,0.041463304,-0.23489508,0.11218446,-0.09765729,-0.27072638,-0.28748697,-0.16813985,-0.0053170607,-0.011610043,-0.083268926,-0.14578687,0.084686644,0.060729858,0.0076452717,0.23251897,0.30946594,-0.19138642,-0.23294239,0.114600986,0.24143888,-0.10473102,-0.012044622,-0.092659734,-0.13562128,0.097598284,-0.1095597,-0.030535545,0.11984162,-0.197275,-0.17328426,-0.14343424,-0.16706908,0.00812178,-0.1999881,0.115970306,-0.23012614,0.0156025095,0.11224247,0.31017417,0.17034252,0.0334765,-0.3472368,-0.16009642,-0.24596718,-0.14203954,0.09125742,0.34175804,0.065473974,-0.06020672,-0.12726341,0.03690498,0.06467564,0.11615075,-0.063040316,-0.10613507,-0.21126123,-0.02093375,-0.1044769,0.025716314
131,Breakfast at Tiffany's (1961),0.2187091,-0.042715106,0.08071152,0.0052224463,-0.0005847797,0.010457188,-0.3899073,0.020563819,-0.014665433,0.033511348,-0.020465694,0.08299285,0.06689363,-0.13259077,-0.22557111,-0.046108387,0.2580013,0.121658914,-0.20927039,0.20564143,0.07168395,0.092123345,-0.14877564,0.35323,0.17446901,0.15895645,0.069953434,-0.053717896,-0.1775207,-0.03080357,0.0232411,-0.16529961,0.005522364,-0.19769613,-0.08915002,-0.036324862,0.18935697,-0.36824197,0.08815336,0.087368526,-0.103068754,0.24434868,0.18181977,0.21972798,0.023231795,0.2768497,-0.0038555316,-0.20151132,-0.12561934,-0.089345075,-0.12017306,-0.13361622,0.025369847,0.11464018,-0.23813973,0.04396155,0.093274705,-0.18872708,0.16325483,-0.14586206,0.16631308,-0.032218035,-0.028383717,-0.07730606
132,"Wizard of Oz, The (1939)",0.2563046,0.03844896,0.24630935,-0.121079534,-0.0645117,0.14715086,-0.050313752,0.18382773,-0.14979433,0.033380307,-0.10231702,0.009415358,-0.048301186,-0.08203347,0.03626644,-0.052122764,0.10733795,0.23451298,-0.06941562,0.065783806,0.18356074,-0.055738006,-0.02152761,-0.053976048,-0.015388537,-0.0882398,-0.053388536,0.03149442,0.056852274,0.11389551,-0.01779482,0.0055359984,-0.18655449,-0.1692399,-0.07317364,-0.03943862,0.08930172,-0.21484281,-0.07716372,0.0064309468,0.033374574,0.011869907,0.09375651,0.013123245,0.06158566,0.085544065,0.13900317,-0.14325677,-0.045284383,-0.17215165,0.0818393,0.08772498,-0.014755277,-0.16447257,-0.24314813,-0.10329821,0.1361129,-0.09440117,-0.14653239,-0.11102106,-0.008186277,0.0509571,0.053857837,0.09368038
133,Gone with the Wind (1939),0.07108323,-0.06647964,0.1913321,-0.033918176,-0.071390465,0.07956324,-0.16911143,0.12288674,0.047053706,0.04881126,-0.06081649,0.005718435,-0.06673846,-0.114102915,-0.16746755,-0.09283289,0.15652353,0.08759571,-0.24225137,0.1336596,0.10071516,0.014307671,-0.009910232,0.13678162,0.08461427,-0.12173392,0.03882195,-0.089568034,-0.17262292,0.116663106,-0.003534405,-0.08812985,-0.16291088,-0.12965415,0.09899235,-0.034714863,0.073401116,-0.20208526,-0.100895554,-0.010897944,-0.05352412,0.022864776,0.14873905,0.04237048,-0.015936611,0.007301517,0.1712171,-0.038527068,-0.21009146,-0.01145702,0.19954208,0.24738003,-0.04599399,0.011824018,-0.20333186,-0.027440226,0.1748434,-0.10858654,0.14045443,-0.15495376,0.05022508,0.14096104,-0.020015629,0.058670294
134,Citizen Kane (1941),0.092593454,0.008180045,0.1925133,0.008366236,-0.0128282225,0.026277084,-0.28272057,0.12152228,-0.043649297,-0.03570785,-0.11755107,0.018939411,-0.015268788,-0.1338248,-0.038004108,-0.0125540225,-0.01747254,0.26529673,-0.05273821,0.08637837,-0.037524734,0.11516778,-0.12508722,-0.06574578,0.23012166,-0.07429021,-0.16630323,0.15546428,0.0038053696,0.15807135,-0.11207003,-0.14820369,-0.13719691,-0.07553591,-0.07930708,-0.046971973,0.10580901,-0.04557321,-0.15770556,0.06297218,0.033873927,0.07259972,0.03266757,0.010511256,0.21034902,0.095578,0.041195534,-0.19113357,-0.046547398,0.0029226453,-0.04291247,0.16799743,-0.11959251,-0.2250796,-0.30921352,-0.05318249,0.069884725,-0.034374733,-0.00019933884,-0.055756718,-0.019350423,0.073906474,0.25736117,0.13717467
135,2001: A Space Odyssey (1968),0.13909826,-0.03633987,0.12311417,-0.010767443,-0.054304875,0.1684738,-0.08596,0.02585026,-0.22370552,-0.025558136,-0.11963591,0.012403826,-0.0083524315,-0.10530033,-0.19570312,-0.06922843,0.102480076,0.24024484,-0.22067462,0.17117813,0.061799806,0.1718241,-0.134406,-0.1345177,0.04639358,-0.11639055,-0.14904162,-0.07652708,-0.034278367,0.10530055,-0.01735543,-0.07787114,-0.18408881,0.0009329364,0.014516815,0.012952538,9.983385e-05,-0.024218028,-0.075472765,0.002251748,-0.0425854,-0.027508691,0.0028750997,0.04404898,0.17309596,0.08049574,-0.036917444,-0.09960306,0.04232804,-0.07134685,0.011597347,0.087177865,-0.12389055,-0.15890314,-0.34311742,0.07700761,0.107696235,-0.051867716,-0.07039093,-0.15730247,-0.058529228,0.09315655,0.055892427,0.09561579
136,Mr. Smith Goes to Washington (1939),0.13018264,-0.088593856,0.18185416,0.051845938,0.10507867,-0.004598682,-0.35118234,0.05968103,-0.056703158,0.21203195,-0.10501729,0.070423834,-0.040372793,-0.07695264,-0.24793951,-0.053186443,0.1945124,0.10954639,-0.24838744,0.07723373,0.024142701,-0.004052141,-0.15437439,0.20245178,0.21005553,0.013008905,0.175392,0.009863446,-0.16002157,0.15355997,0.3158557,-0.102887884,-0.012531881,-0.21814775,0.018946722,-0.05245257,0.10501959,-0.09041729,0.07388549,-0.037565153,0.0053544086,0.07240397,-0.025318034,0.14426702,0.009396105,0.1058785,0.31334752,-0.10467015,0.050695796,-0.25367838,0.12197922,0.15985852,-0.18652236,0.08717778,-0.14338376,0.017165963,0.07974167,-0.088453434,0.074851155,-0.062180653,0.18145789,0.14630955,-0.032262076,0.22436115
137,Big Night (1996),0.119808786,-0.16784534,0.15046199,-0.046596758,0.027687123,-0.13846688,-0.28498203,-0.11966229,-0.20276715,-0.43124196,0.04541302,-0.06960388,0.008279171,0.029803246,-0.07696974,-0.21849583,0.06686645,0.3139248,-0.12889466,0.23369953,0.020244773,0.009033674,-0.12358443,-0.1610943,0.38576618,-0.10186677,-0.13101311,-0.12781867,-0.14715791,0.016219815,-0.047097325,0.14579207,0.085096255,-0.24286877,0.14896351,-0.019943204,-0.0056498796,0.012749466,-0.2930652,0.14899583,-0.18267709,0.023541491,0.004798732,-0.06724624,0.16139291,0.19759345,-0.09952838,-0.015499258,-0.30508325,-0.01856073,0.13474195,0.032870237,0.06424047,-0.1563584,-0.14468305,-0.19217901,0.043298323,0.08177112,0.03314651,-0.016297653,-0.35780215,0.18542472,0.15900987,0.022589397
141,"20,000 Leagues Under the Sea (1954)",0.126047,-0.15776958,0.17574953,0.13207328,-0.22909345,0.050033834,-0.1313734,0.032994494,-0.20238177,0.26228586,-0.0046609123,0.06467014,0.14874439,0.17330961,-0.12346572,-0.00097206904,-0.24706288,0.18965864,-0.22183736,0.18847159,0.1510957,0.31721705,-0.20697886,0.22138713,0.075873956,-0.38699222,0.00038152523,0.012971496,-0.088430405,-0.10164497,-0.090667866,-0.24397859,-0.031929146,-0.20501795,-0.11398076,-0.27995956,0.15514883,-0.05333153,0.09564407,0.1431802,-0.15623757,0.0130954515,-0.08792442,0.0047274376,0.06603797,-0.058839124,0.34412283,-0.07324792,-0.106115885,-0.106971785,-0.18012281,0.20020269,0.092738226,0.086901456,-0.16193807,-0.14287911,0.16619754,-0.025027001,0.027705314,-0.33810616,-0.17486146,0.16322362,0.10719264,-0.056161284
143,"Sound of Music, The (1965)",0.22228257,0.028109217,0.17508937,-0.003402206,-0.09708568,0.1904784,0.13253042,-0.05772803,-0.0942892,0.11657072,-0.049883667,0.024091983,0.15727188,-0.16951323,0.04155099,-0.19937927,0.051943403,0.12862518,-0.16133174,0.13299002,0.07546777,-0.023927469,-0.020241508,0.023768786,-0.017968342,-0.06695963,0.06437568,-0.030281693,-0.18285966,0.19199127,0.15715681,-0.06152137,-0.23715542,-0.14818469,0.17128438,-0.016640002,0.018319376,-0.070086844,-0.1853373,0.06616867,-0.14580245,0.11869781,-0.11478186,0.12703443,0.08089526,0.056040082,0.002678978,-0.11678344,-0.077393375,-0.08880382,0.1653467,0.13058113,-0.015416071,-0.18137494,-0.2302878,-0.15477976,0.20853035,-0.08790669,0.05228041,-0.15434729,-0.0011472497,0.12852992,-0.15524323,0.103714325
144,Die Hard (1988),0.11086805,0.06819206,0.14761777,0.084304035,-0.1834314,0.08268871,-0.19058394,0.0546147,-0.28844756,0.12767357,-0.07902085,-0.1338669,0.046591602,0.033114146,-0.10692665,-0.24606037,0.13758615,0.045329694,-0.015990052,0.118446715,0.18529238,-0.0021941746,0.0031010371,-0.04597702,-0.060795087,-0.12815715,0.054204408,-0.14353102,-0.20362963,-0.087964386,0.04527724,-0.025591906,-0.07984316,-0.09868025,-0.01577434,-0.166077,-0.010514873,-0.07546814,0.0036518485,-0.05064536,-0.010524927,-0.111866236,-0.060500905,0.0031107268,0.15756375,0.16319412,-0.09924921,-0.088474125,0.029363485,-0.16119936,0.11764861,0.05137735,-0.090029135,-0.18251505,-0.37755176,-0.040017866,0.08995417,-0.069084264,0.007716709,-0.06817901,-0.1374191,0.08716876,-0.012827466,0.04692471
147,"Long Kiss Goodnight, The (1996)",0.19047046,0.062410865,0.1396427,0.1215478,-0.148737,0.058347806,-0.0663044,0.003782368,-0.019924883,0.021577869,-0.20752609,-0.18294358,0.02863611,0.053194214,-0.39812863,0.10736802,0.13310954,0.015235298,0.23507743,-0.11858821,0.2331139,-0.07427118,0.08406014,0.113139756,0.14061463,-0.03961876,0.034454715,-0.033592146,-0.038207754,0.0867015,0.11640517,-0.016340831,0.08923261,-0.0223445,-0.2295502,-0.23442988,-0.14058901,0.028629454,-0.23739842,0.021492502,-0.1284428,-0.22177628,0.061146144,0.29927817,0.061820667,-0.018880436,-0.000102578764,-0.34323257,-0.23050232,-0.2462337,0.023401566,0.1768813,0.04923933,-0.16000271,-0.32727718,-0.18341191,-0.036135938,-0.24038675,-0.040445395,0.0016599083,-0.29613918,-0.0956503,0.04187598,0.23711148
148,"Ghost and the Darkness, The (1996)",-0.009365684,0.019151717,-0.11748855,0.23022173,-0.3643804,-0.12334063,0.29797962,-0.044813484,-0.4124926,0.0011065546,0.1274124,-0.13129956,-0.046288114,0.12530136,-0.12082021,0.024319839,0.3988094,0.2659992,0.20946893,0.05467889,0.48478615,-0.19474022,0.2247931,0.07999359,0.1126804,0.053606145,-0.24933235,0.19390708,0.08002789,0.18936653,0.061134674,-0.35935026,0.45583537,-0.10536591,0.0327589,-0.13348909,-0.06828911,-0.22565639,-0.015757684,0.165222,-0.42226976,0.09791603,-0.30940446,0.17481802,0.14561081,0.30298448,0.2689851,-0.33442387,-0.6880237,-0.04473382,0.14387262,0.14064364,-0.023307802,-0.036847383,-0.1634952,-0.0044899336,-0.17174058,-0.12003019,-0.08992694,-0.4489396,-0.10729179,0.0074095298,-0.08219746,0.23864944
150,Swingers (1996),0.14605765,0.08760536,0.20800433,0.09195225,-0.18113711,0.03408878,-0.22558813,0.053577933,-0.09389479,0.018157242,-0.30593875,-0.3531756,0.16193938,0.059496347,0.080557376,-0.021892527,0.036789928,0.033969708,0.1868068,0.21954022,0.11827749,0.014597261,-0.01638219,0.07525998,0.2682106,-0.08186555,0.15299597,0.09926711,-0.27450103,0.06317318,-0.18077701,0.14058854,0.30306983,-0.2106613,0.05378342,-0.020107195,-0.21343829,-0.10312395,-0.18302374,0.14847755,-0.11612859,0.048078995,-0.04627813,0.21576622,0.044720557,0.089572266,-0.17127298,-0.16005896,-0.07573902,-0.12835436,0.16056025,0.15444972,0.10481437,-0.23552026,-0.107022576,0.016728548,0.113804445,0.06717772,0.15118355,-0.15309769,-0.09583271,0.08963016,-0.111654125,0.081984475
151,Willy Wonka and the Chocolate Factory (1971),0.11239349,0.016868068,0.14705382,-0.0032461355,-0.15306783,0.1262306,-0.10935933,0.081824616,-0.1834374,-0.036843695,0.029483054,-0.08112898,-0.062279142,-0.1253083,-0.18579838,-0.18011135,0.15335478,0.08995968,0.016046071,0.16269425,0.298036,-0.043085296,-0.09269466,0.2030502,-0.02460645,-0.21226718,-0.085286014,-0.02785984,-0.12029864,0.044369027,0.113022685,-0.017478157,-0.03034068,-0.093460485,0.019159954,-0.13295048,-0.025587277,-0.0733404,-0.076278195,-0.037726525,-0.09534298,-0.09058963,0.08874019,0.030149281,-0.01882263,0.0866355,-0.06500787,-0.15388809,0.01283374,0.022164028,0.13443303,0.1303616,0.018023703,-0.29969242,-0.16256009,0.067751184,-0.054738205,0.06729309,0.0037010112,-0.11586508,-0.07077546,0.12679282,0.037388977,0.2553271
152,Sleeper (1973),0.13103859,-0.19763438,0.077158876,0.023717375,-0.13715142,0.26936105,-0.15836267,-0.021874523,-0.1254269,0.26120475,-0.044980243,-0.17600445,-0.027265823,-0.010596249,-0.32086796,0.32360706,0.11954357,0.16358623,-0.09625398,0.2757649,0.036358587,0.04964206,-0.05878093,-0.047822997,0.02714251,-0.06756979,0.034647718,0.10810472,-0.0116192475,-0.07123037,-0.07300259,-0.037666216,-0.20286465,-0.31852633,-0.009542352,0.17266664,0.19948846,-0.2695255,-0.30384645,0.030588925,-0.019398233,-0.03163135,-0.25679868,0.031042391,0.05075717,0.2264092,-0.023191888,-0.2115409,-0.18700285,0.009759404,-0.16679943,-0.062352628,-0.009253617,-0.22535576,-0.14596246,-0.010597379,0.04330911,0.37692142,0.13883962,-0.060828596,-0.32503882,-0.0039085587,-0.05429405,-0.15910691
153,"Fish Called Wanda, A (1988)",0.06679252,-0.027482547,0.20533587,-0.020921176,-0.124001846,0.057633203,-0.10742835,0.12569328,-0.14137186,0.023981232,-0.1031948,0.008010503,0.03793492,-0.14183436,-0.115242295,-0.12369638,0.030263504,0.071442336,-0.029847292,-0.04122657,0.26447338,-0.0073088035,-0.17411706,-0.017539263,-0.0562247,-0.17431228,0.097072646,0.07097004,-0.004355405,0.15770048,-0.049897507,0.004204669,-0.17365503,-0.16810831,0.1267092,-0.12154926,-0.016004676,-0.19577311,-0.17134053,-0.01752759,-0.014340041,-0.07960851,0.0798031,0.07263616,0.10347844,0.10651904,0.006080542,-0.18013977,0.00810384,-0.06661948,0.07869286,0.005793855,-0.006422388,-0.19546619,-0.24975143,0.041214745,0.046384014,0.10063753,-0.08094555,-0.10412163,-0.09804326,0.12365142,0.00667356,0.080126844
154,Monty Python's Life of Brian (1979),0.06748768,-0.049555037,0.14684807,-0.004985041,-0.015266878,0.14746459,0.014774881,0.099530056,0.010580871,0.059002165,0.11331587,-0.08605409,0.12017651,-0.16494507,-0.13217916,-0.17293312,0.14630644,0.24031037,-0.16064785,0.22170964,0.15556328,-0.061054386,-0.17035057,0.0024399904,-0.030974954,-0.15966007,0.011107169,0.021440722,-0.0035441467,0.1231121,-0.13806072,-0.0191656,0.08944089,-0.1612133,0.008324186,0.05320167,-0.06612148,-0.27958503,0.11577167,0.15982255,-0.18788023,-0.063151725,0.0936737,-0.075468205,0.052274264,-0.10441492,-0.18894644,-0.27074835,-0.0106337145,-0.13126154,0.054059837,0.1500724,-0.09205926,-0.29931325,-0.20918944,0.15201017,0.013599456,0.16683689,0.1057583,-0.021139497,-0.1281286,0.10092419,0.05064254,0.04621253
155,Dirty Dancing (1987),0.0871312,0.24075642,0.3385965,-0.22998227,-0.42872298,-0.21433899,0.14098501,0.26931056,-0.1336335,0.05260338,-0.08144813,0.072851226,0.2851964,-0.027631706,0.036508705,-0.14842334,0.11771639,0.22467749,-0.01143845,-0.003075219,0.12978955,0.09146876,0.15851022,0.1537601,0.22860739,-0.26364148,0.4990071,-0.52776265,0.15064718,0.03463267,0.09815195,0.04985867,-0.10303066,-0.0649665,-0.14573316,-0.08087001,-0.02675106,-0.032165725,-0.23636058,0.057564635,0.09527332,-0.11395614,0.07478803,-0.2907115,-0.061806154,0.06632731,0.007842588,-0.09647462,-0.32565776,-0.00034007995,0.03645509,0.028533796,0.11046291,-0.48921886,-0.22538625,-0.4235039,0.046398614,-0.3430443,0.22294532,-0.27545562,-0.04061538,0.2256139,0.22764796,-0.064188264
156,Reservoir Dogs (1992),-0.066666976,-0.1582654,0.05185909,0.13499235,0.014704547,0.19194488,-0.23503716,-0.012552815,-0.20518765,0.017401526,-0.13714622,0.04465847,-0.02270968,-0.0012035293,-0.15515797,-0.004019553,0.24955395,0.18887544,0.12367928,0.24782512,0.16443555,0.027385646,-0.032409817,-0.04670501,0.041709676,-0.14663386,0.15020308,-0.1726199,-0.11451506,-0.11083315,-0.019927278,-0.12833324,0.050754573,0.039329644,-0.10965404,-0.077329054,-0.16851842,0.005646968,-0.119427636,0.030544238,-0.08188018,-0.095337495,-0.07247586,0.18621601,0.23815441,0.17781875,-0.22230943,-0.069235206,0.07495357,-0.19671622,0.13579789,0.114941545,0.036665916,-0.31585947,-0.24725962,0.029984094,0.16452393,-0.046271592,0.0390508,-0.16668832,-0.120703325,0.2780555,0.032905325,-0.06103914
157,Platoon (1986),0.033101603,0.05707901,0.053862438,-0.07277399,0.1412415,0.0052585835,-0.034197144,0.13124374,-0.3355534,0.012997135,-0.05824119,-0.06371494,0.15707901,-0.059078984,-0.110305786,0.026383352,0.14299309,0.17105767,0.016327411,0.17047723,0.16897641,-0.020853262,-0.1358101,-0.014977983,0.03540725,-0.02676729,0.16895038,-0.10303616,-0.0064228904,0.08216277,0.0001423324,-0.14656368,0.20491834,-0.2695987,0.16179179,-0.0867689,-0.059898626,0.029836716,-0.1376533,0.048540484,-0.088545695,0.020853575,-0.10070036,0.13610011,-0.023676852,0.08205865,0.018565519,-0.40427312,-0.09839296,-0.15351811,0.011207204,-0.06365605,-0.05689134,-0.21269074,-0.16567312,0.093439594,-0.03292662,0.064901955,0.07815655,-0.31415328,-0.01807565,0.17102885,0.038459238,-0.07202508
159,Basic Instinct (1992),-0.11143648,-0.01739872,0.29036936,0.2555991,-0.48765162,-0.17374854,-0.0686133,-0.10963458,-0.18633346,0.20272975,-0.07147487,0.09029104,0.16099824,0.18892853,-0.30729246,-0.058147922,0.2347752,-0.036283493,-0.1842306,0.15051156,0.16284865,-0.03273413,-0.26870233,0.08946169,0.1756297,0.04070841,-0.06606823,0.22267175,0.22355814,0.08783354,0.32690987,-0.00237815,0.08555043,-0.0057626707,0.021224424,-0.14121756,0.006983153,0.15825893,-0.10027326,0.16969717,0.0069628386,-0.068724036,-0.23808739,0.21680203,-0.0839848,-0.1932578,0.14956251,-0.36548895,-0.007598778,-0.28743947,-0.043841947,0.26807886,0.15603083,-0.31469902,-0.04513361,-0.22024669,0.18715605,-0.14519773,0.09196426,-0.22175118,-0.13309088,-0.018739568,-0.009938077,0.1252173
160,Glengarry Glen Ross (1992),-0.121837735,0.059798256,0.24972975,0.101434655,-0.122663304,0.12107882,-0.39879924,-0.03225973,-0.17137362,-0.06052213,-0.16936074,0.10957411,0.09733401,0.009728113,-0.19579117,0.1255293,0.007967775,0.010106998,-0.13232642,0.39646015,-0.05897924,-0.016266538,-0.12895256,-0.095232904,0.3097442,-0.18382286,0.05595908,-0.14763054,-0.16444717,0.20376329,0.07418613,0.22585191,0.092444584,-0.22068213,-0.20267662,-0.2859804,-0.07421006,-0.010697948,-0.04045431,0.024802534,-0.1997901,-0.22208728,0.091129355,0.30804116,0.017098749,0.03483457,0.030321818,-0.07090906,0.037404876,-0.2701024,-0.052275866,-0.07242057,0.12866484,-0.31872818,-0.23020235,-0.046001334,0.20054784,0.13953951,0.10243216,0.019065624,-0.3016784,0.036490206,-0.2534056,-0.35230145
161,Top Gun (1986),0.09133235,0.013853633,0.4272122,0.002102932,0.07707182,0.07844504,0.2277418,-0.010459282,0.03604421,0.18037067,-0.047193963,-0.103975505,0.061485466,-0.058798436,-0.1931783,-0.24840187,0.082833,0.13609605,-0.08230546,0.22880626,0.14479594,-0.07151873,0.007839098,-0.12832873,-0.10971927,0.03379607,0.08043358,-0.04890583,0.05914742,0.007988947,0.22205697,0.118951395,0.05892225,-0.23127829,-0.16881953,-0.15964605,0.055972412,-0.0244724,0.0048228167,-0.015810732,0.11067945,-0.028973531,0.03621162,0.103785776,-0.048083726,0.10698649,0.020327415,-0.15708955,-0.11185629,0.0063280617,0.027472092,0.034784846,-0.05092012,-0.17777185,-0.3587403,-0.15053037,0.15228564,-0.20719938,0.10652288,-0.24271196,-0.2688513,0.11390514,-0.08324895,0.03451267
162,On Golden Pond (1981),0.014519375,-0.02018192,0.3557268,-0.17763488,0.0067743156,0.14408754,-0.006770676,-0.022955552,-0.13627796,-0.06283397,-0.024751043,-0.06532864,0.17529838,-0.08484433,-0.11895837,0.22124773,-0.12067313,0.2763498,-0.22506562,0.1508817,0.49097386,0.3247486,-0.08290941,0.13916141,0.12175116,-0.08495477,0.15493508,-0.0061900355,-0.0055389553,-0.06217585,0.0046285093,-0.04171638,-0.11374582,-0.110593766,0.09794469,0.06907329,0.12384273,-0.08773859,-0.05342742,0.25100988,0.0049429657,0.15941794,0.1223927,0.17688179,0.063619114,0.16161518,0.25691262,0.015836613,-0.30137098,-0.11201433,-0.151412,0.07790037,-0.0742915,-0.21448104,-0.103604965,0.00049720233,-0.018016957,-0.0152111985,-0.13337241,-0.11503368,-0.14471343,0.27634388,-0.09821152,-0.25642842
163,"Return of the Pink Panther, The (1974)",0.19339615,-0.09275419,0.0827216,0.025404353,-0.11033862,0.08192116,-0.030487029,-0.0099021625,-0.10311888,0.05005276,0.25226554,-0.2039328,0.1834021,-0.070175014,-0.19642282,0.2285663,0.05279634,0.09526513,-0.24717037,0.2461737,0.07130604,0.14026636,0.097531125,0.042796325,0.17411299,-0.016202288,0.031808015,-0.16805089,-0.110487424,0.20851897,0.19268052,-0.1036011,0.022051234,-0.17916578,-0.032218613,0.055672966,0.18017815,-0.10818366,0.05338974,0.008034456,0.002511258,0.01795198,0.0031628138,0.25164887,0.019193571,-0.033089384,-0.1223075,-0.22623312,-0.2896248,-0.22459824,-0.18483384,0.11515925,0.11742919,-0.045175422,-0.2171497,-0.07951698,0.13694832,0.14392959,0.1446016,-0.0055779913,-0.21204045,0.14421809,0.13516705,-0.011172237
164,"Abyss, The (1989)",-0.06759928,0.0206811,0.14775498,0.0075999126,-0.21184143,-0.13740212,0.12607585,0.13579893,-0.058348358,0.240863,-0.088278696,-0.05757203,0.20365268,0.059358973,-0.11158836,-0.085795805,0.1275192,0.10280128,0.09505409,0.05221958,-0.098851785,-0.013238976,-0.06367302,-0.03541615,-0.062339135,-0.021770412,0.11350341,-0.056587607,-0.06533345,0.17358862,-0.09436806,-0.06272298,0.10230191,-0.11233517,-0.13093768,-0.07161833,0.06590968,-0.019117026,-0.21631062,-0.09306595,-0.056892693,-0.12191325,0.06518035,0.3789537,0.04464321,0.23996966,0.09821921,-0.1739658,0.027333735,-0.17085007,-0.047971144,0.111910544,-0.016084278,-0.16650468,-0.2165829,-0.15550558,0.14871755,0.030583594,0.06257901,-0.24235678,-0.273432,0.30724788,0.02162504,0.18714929
165,Jean de Florette (1986),0.4518088,-0.32877436,0.5207277,-0.027836483,-0.13628669,-0.04092738,-0.3219263,0.38188872,-0.32800734,-0.18912011,-0.47982293,0.114262536,-0.22528698,-0.124309994,-0.18058355,-0.26481658,0.014549802,0.08292117,0.14189412,0.1627788,0.14794546,0.26377752,-0.011335449,-0.12112034,0.43336898,0.47165212,0.007406974,-0.014511411,-0.11513719,0.23851131,-0.033136945,-0.105228126,-0.25861877,0.09928223,-0.06313326,0.31329665,-0.06452529,-0.43313456,0.34995502,0.18258637,-0.19343138,0.07293623,0.23482564,0.057208862,0.004653824,0.053822886,-0.083046086,-0.17309113,-0.0388991,0.049112953,-0.13246882,-0.20781526,-0.50963,-0.14934519,0.28116855,-0.189384,-0.15015176,-0.043468002,0.031180738,0.30990624,-0.5164583,0.6560555,-0.28366593,0.0667148
166,Manon of the Spring (Manon des sources) (1986),0.43433937,-0.2757831,0.36579376,0.08119233,0.10761761,-0.14432064,-0.25184897,0.33904698,-0.41084465,-0.21044631,-0.40445468,0.07395906,-0.33105448,-0.10343584,-0.34535486,-0.23873645,-0.039086502,-0.0163569,0.42356494,0.14773865,0.06447284,0.09647766,-0.37657306,-0.17540702,0.2024899,0.3051432,0.010936096,0.009403303,-0.23524003,0.5218228,0.1127079,-0.050840665,-0.21558033,-0.015037804,0.13345571,0.023717904,-0.11309397,-0.354958,0.33125332,0.36068985,-0.19355056,0.2547828,0.04633791,0.17768912,-0.032109324,-0.31511864,-0.23336487,-0.059856612,-0.2510613,-0.057347715,-0.15805155,-0.3326133,-0.64432067,-0.16032943,-0.023469264,-0.4692915,-0.17100537,0.009336151,0.014726245,0.055698507,-0.39113548,0.54533845,-0.078658044,0.05238311
168,Monty Python and the Holy Grail (1974),0.08914815,-0.101448216,0.12527032,0.1494115,-0.09941753,0.11424557,-0.063172884,0.19248775,-0.18456148,-0.10558813,0.044053867,-0.01086644,0.061992545,0.010425843,-0.17134951,-0.064121306,0.018837107,0.043679472,-0.030184908,0.08988314,0.19780712,0.078627534,-0.09486896,-0.14891247,0.061598394,-0.15781389,-0.12372895,-0.019059304,-0.11516593,0.028422428,-0.03577755,-0.11215982,-0.15848137,-0.114954636,-0.049189307,0.0054320702,0.12687191,-0.123276375,0.017998144,-0.12611642,-0.023093939,-0.0011525254,-0.017227886,0.20606785,-0.02550025,0.045497395,0.021234462,-0.12696809,0.054451566,-0.08265582,0.14054741,0.0011771754,0.015195542,-0.33296522,-0.26598868,0.08703461,0.21278942,-0.16014993,-0.05685266,-0.07194971,-0.087057754,0.06974501,0.003905135,0.1657941
169,"Wrong Trousers, The (1993)",0.21114077,-0.1796528,-0.024413409,0.12563294,-0.0912079,-0.013230242,-0.27071583,0.18010409,-0.11257995,-0.036831636,-0.092640795,0.08654979,0.3288394,-0.09458951,-0.06852105,-0.056980085,0.19327752,0.1433085,-0.07211746,0.059076015,0.29928246,-0.08158141,-0.2403312,0.06250723,-0.10011216,-0.086539045,0.028964175,-0.13058807,-0.11259172,0.21615954,-0.22422965,0.018563325,-0.22995947,-0.22178964,0.084274404,-0.05241419,-0.133741,-0.20470814,-0.0317845,0.1275796,-0.18320023,-0.085648455,0.028842345,0.07111854,-0.0503141,0.14669402,-0.024761861,-0.3397132,0.06421991,-0.17180562,0.10098163,0.13092412,0.1272277,-0.1320307,-0.042349227,-0.033267714,-0.1810728,0.012996117,0.10339501,-0.036447734,-0.10039222,0.14567317,-0.08766153,-0.14607444
170,Cinema Paradiso (1988),0.07496761,0.0054587605,0.37056836,-0.070560716,0.0664738,-0.07877319,-0.28613383,0.33267203,-0.089588955,-0.23120123,-0.07505342,-0.060077395,0.113764405,-0.05786865,-0.17906727,-0.14191613,0.3006375,0.33907458,-0.08371724,0.17003034,0.10895827,0.23595808,0.0033142106,0.07537344,0.14444326,0.26699054,-0.056867175,0.18131857,-0.033616573,-0.05719096,-0.18335207,-0.23259173,-0.16863742,-0.13360985,0.1528952,0.17046826,0.077099815,-0.047596812,0.029465955,-0.057308663,-0.22095634,-0.023324778,0.037629142,-0.060326643,0.13268416,0.17126612,-0.059334226,-0.10132578,-0.1982449,0.05861421,-0.085979834,0.0796177,-0.00073281623,-0.11558154,-0.21334197,-0.039123185,0.022028739,-0.011461314,-0.04712392,0.16843253,-0.16253065,0.09918282,-0.026713861,-0.02038301
171,Delicatessen (1991),-0.11530069,-0.014732145,0.33762932,-0.16481884,-0.36723,0.17994969,-0.24167296,0.24674007,-0.1872323,0.25850576,0.03533723,0.16627793,0.05063927,-0.14494307,-0.06390716,0.5529501,0.08159516,0.27388823,0.069305316,0.21122226,-0.18574232,0.22688062,-0.078057535,-0.2770583,0.25392282,-0.020341497,0.2829374,-0.036998384,0.03932519,0.17470255,0.015805822,0.26687574,-0.14530654,0.041795004,-0.16105057,-0.02826878,0.018548189,-0.27290618,-0.00805126,0.18894061,-0.39428556,0.078471385,0.08643856,0.015986906,0.18569204,-0.16260564,-0.31180474,-0.3853549,0.29653582,-0.14276244,-0.013372094,-0.051845603,0.21151896,-0.3691978,-0.4426689,-0.07336294,-0.15115274,0.22291481,-0.020895299,0.05551786,-0.32952464,0.06777454,-0.08796043,-0.10872324
172,"Empire Strikes Back, The (1980)",0.0921086,-0.08921693,0.09491283,0.034995392,-0.1841854,0.10634451,-0.0135725895,0.10759368,-0.13643068,-0.052473944,0.06313827,0.059515614,0.11773772,0.09083571,-0.093704425,0.013061629,0.047138475,0.11664152,0.04151037,0.105113484,0.33264518,0.058591615,0.0543458,-0.10533305,0.022169285,0.048779152,-0.10125886,0.025747793,-0.03680286,0.09644983,0.08713769,-0.014168889,-0.07595782,-0.25218582,-0.053260658,0.00060276216,0.15261377,-0.15949073,0.06854285,0.00081996527,-0.063484766,0.0044256775,0.09630724,0.13422203,-0.14862566,0.07309044,-0.074668266,-0.21209432,0.0790385,-0.14527944,0.21603878,0.17419592,-0.009073166,-0.2943339,-0.26202908,-0.09209954,0.17567794,-0.12771977,-0.13677163,-0.021809192,-0.03211861,0.04021593,-0.012432141,0.062008932
173,"Princess Bride, The (1987)",0.1560896,-0.09968935,0.15112036,0.05164043,-0.06933596,0.17903689,-0.060512967,0.08707034,-0.18052247,-0.038846467,-0.017960647,-0.044142142,0.102822326,0.02315187,-0.08580458,-0.13507414,0.1389869,0.10115098,0.12287311,0.10408401,0.16372955,0.104282916,-0.036579054,-0.0792544,0.0044120643,-0.014177795,-0.06896373,0.05562968,-0.007122934,-0.04069287,0.0684267,-0.122347526,-0.19642794,-0.14571157,0.003419584,0.03720605,0.095211186,-0.09767506,-0.023460817,-0.025124587,-0.108005755,-0.061511777,0.13300936,0.06324398,-0.051518384,0.19971,-0.031424493,-0.23378511,0.0016529385,-0.24847561,0.055736627,-0.019200036,0.051756546,-0.25388235,-0.16114701,-0.021772366,0.22439742,-0.038089972,-0.04492363,-0.13360998,-0.014744693,0.1077748,0.015865464,0.14111291
174,Raiders of the Lost Ark (1981),0.0025117346,-0.102193564,0.104591876,-0.04736994,-0.0672656,0.1119396,0.041124597,0.09773845,-0.06319634,-0.11304214,0.010060398,0.07296585,-0.0031660222,0.22068949,-0.15001786,0.10972462,-0.066364765,0.12795798,-0.05764982,0.11757231,0.17185177,0.12040433,-0.028140057,-0.106938764,0.092069894,0.04626387,-0.11683508,-0.051119175,0.012393928,0.09731843,0.1528286,-0.12849881,-0.07963105,-0.3498755,-0.020330997,0.054706153,0.15858372,-0.18182702,0.058599915,0.14127809,0.007206555,-0.057142477,0.065182276,0.13535383,-0.08352646,0.1295449,-0.13541594,-0.24886094,-0.08142,-0.078377694,0.17212246,0.10533546,0.07514163,-0.2858706,-0.20079802,0.03708625,0.24087371,-0.2440078,-0.042740315,-0.012159899,-0.071419135,0.104734644,0.06762329,0.10186815
175,Brazil (1985),0.09984558,-0.2394302,0.10655649,0.08487426,-0.03874659,0.10949726,-0.19147159,0.22195399,-0.1339444,-0.0683427,-0.07614444,0.037068576,0.07463727,-0.10892631,0.01268818,-0.059963837,0.1186949,0.21211708,-0.112554446,0.07594507,0.20307855,-0.041907415,-0.2671746,-0.08862106,-0.00954725,-0.1580742,-0.010874183,0.02834942,0.08146299,-0.043420628,-0.22168848,-0.11105564,-0.042502422,-0.021313516,0.01841106,0.116032,0.04208146,-0.112008125,-0.12924172,0.01006941,-0.08034492,-0.044869337,-0.012579325,0.109414175,0.10719407,0.021174666,-0.09027671,-0.28591326,0.055097125,0.07641415,-0.042709894,0.16705163,0.11722089,-0.18395652,-0.2632529,0.11185264,0.096225224,-0.032556005,0.089479916,-0.06505474,-0.23721558,0.12320803,0.22100678,0.013229194
176,Aliens (1986),0.075522415,-0.044160962,0.17518163,-0.030593656,-0.11637815,0.18653044,-0.10173272,0.079924665,-0.14931127,0.004513092,-0.042994548,-0.0112563465,0.16886958,0.064079344,-0.07830133,-0.18554634,0.0202834,0.11168335,0.04276809,0.05715106,0.17878956,-0.061361387,-0.13349788,-0.03694552,-0.011905399,-0.056058012,-0.07616055,-0.12775283,-0.050834153,0.05604283,0.14560772,-0.10056053,-0.091883086,-0.055992983,0.04656025,-0.10202103,0.119099006,-0.14482339,0.141728,-0.06764694,-0.08191902,-0.05706732,0.01251721,0.1784742,-0.00457685,0.13631664,-0.011472903,-0.14216316,0.08916025,-0.13151179,0.015772473,0.09238161,0.010058393,-0.22101314,-0.24195598,0.096556135,0.11773675,-0.056220263,0.092436746,-0.20994447,-0.069476664,0.19836064,-0.019484248,0.15361916
177,"Good, The Bad and The Ugly, The (1966)",-0.06601242,0.12727605,0.24122353,0.13489124,0.063036226,0.088734865,-0.016837053,0.13063118,-0.13620704,0.26492283,-0.0974093,-0.1025614,0.15983959,-0.007424376,-0.16100109,-0.025182247,0.18235232,-0.044122633,-0.1461984,0.12748702,0.05898006,-0.053494543,-0.07289181,-0.048751514,-0.018657058,-0.19403888,-0.05833572,-0.10543432,-0.05005134,0.13170876,0.039792433,-0.12426688,0.14352901,-0.2582783,-0.017900635,0.03674207,0.05987748,-0.059044827,-0.08602514,-0.14612576,0.043179948,-0.056352224,-0.022866772,0.05690283,0.15255767,0.20245776,-0.04867466,-0.093289666,-0.08134521,-0.23879027,0.0042226566,0.08065895,-0.010411252,-0.055918034,-0.32084322,0.032913897,0.071644254,-0.10087039,0.12278142,-0.2548578,-0.19150856,0.15783875,0.058459077,-0.22596529
178,12 Angry Men (1957),0.027344499,-0.12344267,0.031355467,0.029795289,0.11697622,-0.032423235,-0.30402315,0.04329612,-0.036660437,0.16853479,-0.16195512,-0.0871721,-0.067516655,-0.22765589,-0.13293056,-0.08021012,0.21669239,0.17397532,-0.10641008,0.07521601,0.17021339,-0.03570883,-0.06990549,0.055543113,0.23389162,-0.0069073923,0.11710939,0.10348282,-0.09196709,0.045007024,-0.033767417,-0.05550387,-0.13575639,-0.18569191,-0.013209267,0.10294627,0.041761354,-0.11341085,-0.24166939,0.009014798,-0.07639709,-0.104138404,0.06792602,0.083131574,0.012835782,0.16001147,0.07853545,-0.23260717,-0.017325215,-0.17962974,0.040647,0.11996265,0.0025662817,-0.06347543,-0.14039716,0.038456723,0.13533618,-0.052459493,0.059169754,-0.16204298,0.0845857,0.13167132,-0.13547651,-0.012118122
179,"Clockwork Orange, A (1971)",-0.015937414,-0.17097746,0.104471065,-0.06866153,0.011440779,0.04327361,-0.264357,0.15736827,-0.091783844,-0.16517866,0.032064263,-0.020063058,0.030723618,-0.10466885,-0.19703773,-0.0069773416,0.11350302,0.1158328,-0.028042987,0.11547512,0.03260452,0.014629944,-0.10377908,0.0008116278,0.027655106,-0.14520697,-0.14108005,-0.032577634,0.053472836,0.050131574,-0.19672975,-0.10086666,-0.08168836,0.020790976,0.00084037334,-0.12826477,0.0055472576,-0.21031514,-0.20870674,0.11750502,-0.11822965,-0.0055078072,-0.0089571895,0.048474737,0.095712796,0.16890813,0.17794979,-0.22687499,0.14017665,0.015109042,0.012902355,0.18890919,-0.050068524,-0.18243834,-0.43955377,0.13497718,0.0004926505,-0.13126776,0.190477,-0.12210559,0.021599386,0.1690829,0.10110142,0.111369595
180,Apocalypse Now (1979),0.0017204197,-0.042596675,0.024263432,-0.09031326,-0.021606935,0.07812785,-0.3047649,0.13100187,-0.1214747,0.04049671,-0.114192426,0.001284952,0.0034728851,-0.19579053,-0.062254082,0.015144625,0.112420976,0.07533923,-0.034660693,0.1863049,0.10898415,0.12138464,-0.17482232,-0.104340024,0.15549076,-0.09691363,-0.20381476,-0.011222948,-0.11604355,0.17393096,-0.10476614,-0.07698351,-0.13631019,-0.09657162,0.022275755,-0.14692453,0.14007425,-0.14565116,-0.10633489,0.023122557,-0.053180758,-0.06434358,0.008491604,0.018823626,0.095044665,0.13764149,0.023616763,-0.16767842,-0.019297745,-0.048804145,0.081424095,0.13916293,-0.036142502,-0.06854607,-0.30942583,-0.017596727,0.12853682,-0.09059824,-0.046424977,-0.15931027,-0.013614131,0.07500649,0.007431028,0.12187118
181,Return of the Jedi (1983),0.1008137,-0.117144965,0.032408718,0.024711454,-0.040513273,-0.0826919,0.041608855,0.0154285375,-0.081786655,-0.025536805,-0.055982813,-0.046673663,0.019142149,0.19593498,-0.12874368,-0.07367339,-0.03751366,0.06561149,-0.10278461,0.020899516,0.23657846,0.11789591,0.07340309,0.027615434,0.17354642,-0.031377878,-0.07332733,0.04055059,-0.11151748,0.031748634,0.13140328,1.1077594e-05,-0.0050489367,-0.4647169,-0.00067248277,0.018707592,0.1309327,-0.04828158,0.14265303,0.13747206,0.02245996,0.0501552,0.15733849,0.11072156,-0.03494984,0.2628423,-0.07109892,-0.2209911,0.08469068,-0.04979137,0.1827423,0.21386632,0.052825723,-0.31431583,-0.2436959,-0.13385387,-0.00083602493,-0.006793833,-0.10817299,-0.17086715,0.074589744,0.054289203,0.044487473,0.17355439
182,GoodFellas (1990),0.012086452,-0.02387328,0.13208885,0.018622352,-0.122610316,0.2540601,-0.27906415,0.13382955,-0.06524108,-0.11827649,0.11812752,-0.093707375,-0.028418206,-0.012293315,-0.08971589,-0.014931118,0.1318865,0.0873374,-0.03966084,0.06508541,0.070928715,0.00039161797,-0.08722929,0.04736985,0.07269077,-0.10614993,0.011822687,-0.075530194,-0.03258232,0.036619622,0.11391907,-0.06248261,-0.04968309,0.031964686,0.07313465,-0.027488722,-0.02272121,-0.04860267,-0.16273187,-0.0027019514,-0.02782494,-0.0626783,-0.088307634,0.16470782,0.0032600348,0.1265625,-0.12169379,-0.31310716,-0.08116537,0.04456721,0.10112791,0.08394717,0.06504709,-0.17306434,-0.32152835,0.08452958,0.06404412,-0.08710015,0.1839359,-0.18956515,-0.071743436,0.16347694,0.11531553,0.16677795
183,Alien (1979),0.056242123,-0.02196006,0.11914847,0.07368082,-0.13670246,0.10218039,-0.17924413,0.15980892,-0.1276557,-0.061025556,-0.04549965,0.0015623628,0.062430818,0.052864317,-0.12683032,-0.11647809,0.06338143,0.1371791,-0.0073481104,-0.009550228,0.10849675,-0.043151468,-0.1203846,0.010312729,0.027717547,-0.035868876,-0.053794306,-0.0076063,-0.13189517,0.09702076,0.08782407,0.023013614,-0.0663676,-0.075000055,0.028082604,-0.01789042,0.14629252,-0.086918704,0.09623891,0.0815559,-0.14928575,-0.075718686,-0.080528505,0.16122244,0.0331015,0.18182607,0.030145658,-0.13431351,0.0606222,-0.02873963,0.031027064,0.109637134,-0.016326224,-0.14629003,-0.41388088,0.029291525,0.19719331,-0.09800421,-0.05680821,-0.18757528,-0.027209438,0.08397147,-0.006560935,0.056523897
184,Army of Darkness (1993),-0.032611534,-0.16669208,0.3916208,0.121706404,-0.13332164,0.22888088,-0.013643625,0.006131068,-0.27917653,0.15147783,-0.14532448,-0.07710336,0.2575312,0.023045117,-0.07020516,-0.03961091,0.25943643,-0.011993354,0.12418447,-0.059576545,0.10343594,-0.00021437528,-0.0024743178,-0.0012577418,0.0059640724,0.04009578,0.11880161,-0.13762687,0.15860626,0.03288729,-0.012569791,-0.005977095,0.27641723,-0.32159647,-0.051687147,-0.109118976,-0.030522296,-0.07603533,-0.12761016,-0.045445826,-0.00071410823,0.045813255,-0.03335293,0.44405016,0.063352756,-0.19880444,-0.06936194,-0.16048533,-0.014710473,-0.05101286,0.06755115,-0.0643045,0.0807898,-0.36250037,-0.0509289,0.07958423,0.29746607,0.13697405,0.09687009,-0.038545985,-0.31975836,0.3795979,0.19586544,0.111635186
185,Psycho (1960),0.1320483,-0.1010547,0.23324932,0.18826473,-0.1978094,0.17935535,-0.11256892,0.17115323,0.007158965,-0.017053425,-0.03187659,0.0819581,-0.12614784,-0.018240454,-0.11175407,-0.11004675,0.1377763,0.08657583,0.047136612,0.1535308,-0.0061460496,0.032757062,-0.10625223,0.07051182,0.043343157,-0.11608737,-0.25426272,-0.15041968,-0.08360822,0.10261912,-0.22181937,-0.20733227,-0.036889598,-0.058574144,0.023344656,-0.048014633,0.107005395,-0.11585661,-0.2502127,0.15500167,-0.15968986,0.042103626,-0.16623852,0.07586316,0.14885625,0.087929495,0.14749949,-0.18479799,0.0786916,0.07295457,-0.025599785,0.040266853,-0.13527712,-0.17747805,-0.37419346,0.10319631,0.19054165,-0.12299368,0.11255877,-0.11842648,0.08337363,0.18955465,-0.057567373,0.1564901
186,"Blues Brothers, The (1980)",0.020159444,-0.17836978,0.13178101,0.01518604,-0.12325767,0.24502625,-0.018235588,0.0754187,-0.10574141,0.006450714,-0.08800521,-0.08116674,0.09202464,-0.05607234,-0.06722623,-0.14478399,0.03464531,0.055022415,-0.062218357,0.09705935,0.27266237,0.016785782,-0.080908775,-0.0019312805,-0.08090317,-0.12666604,-0.054252803,-0.13067971,-0.0905476,0.029598996,-0.08587377,-0.023374971,-0.002998632,-0.14929429,0.041235123,0.10413279,0.020634282,-0.15358701,-0.047664512,-0.006326163,-0.069005035,-0.20788011,-0.07988889,-0.0027477432,0.07866993,0.14357114,-0.096063964,-0.21293071,-0.028286578,-0.255507,0.059973177,0.07791386,-0.09963481,-0.21306835,-0.19974826,0.08942987,0.11558644,0.0079052,0.021673266,-0.20899725,-0.16155481,0.047020074,0.024503151,0.118880734
187,"Godfather: Part II, The (1974)",0.11278018,-0.0306369,0.17855148,-0.023343872,-0.01833213,0.16580085,-0.22321077,0.06369112,0.016224282,0.0025066626,-0.115008205,0.07771604,0.008194333,-0.087850206,-0.034398098,-0.06982093,0.14517699,0.18083097,-0.020682698,0.04219695,0.22339655,-0.008243029,-0.044080246,-0.015694527,0.13857995,-0.06177729,-0.013355715,0.032370802,-0.1196106,0.10411084,0.0290845,0.015158706,-0.1158833,-0.039000038,-0.01725389,0.028431445,0.03567676,-0.10163412,-0.11826407,-0.01607228,0.00765568,-0.062358186,0.04145787,0.07436433,-0.0063671204,0.08780433,-0.057763014,-0.28641754,0.0008147994,-0.108006224,-0.008783588,0.21798953,0.031962443,-0.08145961,-0.24787213,-0.020932728,0.13800332,-0.089355476,0.09244206,-0.16389726,0.08097528,0.15549119,0.025262477,0.07944435
188,Full Metal Jacket (1987),0.13372995,-0.022378622,0.14726503,-0.06198513,0.06675857,0.10680893,-0.19433768,-0.01693554,-0.13467826,0.1067043,-0.084117,-0.13445501,0.06933601,0.017546989,-0.10470935,0.12148223,0.22605652,0.206183,-0.10755373,0.16299264,0.036799535,-0.00909081,-0.010533852,-0.072280556,-0.071468696,-0.23140977,0.18662791,0.0064251986,-0.16197358,0.24417073,-0.00549674,-0.014230759,0.16524781,-0.040095933,0.07916996,-0.08818726,-0.101664305,0.024774048,-0.02362223,0.12076835,0.05383741,-0.114252076,0.005122151,0.1163918,0.07113522,-0.04423186,-0.116831504,-0.26832485,0.0074746544,-0.21224661,0.13266768,0.10934666,-0.001961063,-0.18512209,-0.293923,-0.107696146,0.035596307,0.026180966,-0.052415635,-0.19597638,-0.05957129,0.19056444,0.0639383,-0.009956396
189,"Grand Day Out, A (1992)",0.35886943,-0.14935069,0.16720897,0.00052786875,-0.24917786,0.048390213,-0.1619984,0.26414052,-0.18230341,0.14743562,-0.22446533,-0.017977176,0.09254485,0.20147309,-0.34143412,-0.12140807,-0.090188935,0.15428698,-0.08830299,0.4001664,0.16023502,-0.06680979,0.08114994,-0.19015507,0.030890817,-0.22302076,0.030072998,-0.2981137,0.32470763,0.48157188,-0.27365667,-0.14038804,-0.16755061,-0.22548665,0.04631104,-0.08911072,-0.15342584,-0.13906978,-0.11073082,0.17929024,-0.15350388,-0.20906758,-0.00990535,0.48143306,-0.42662638,0.17527317,0.020575272,0.04021327,-0.060278554,0.19673532,-0.13411619,0.0016039332,0.22039643,-0.3466908,-0.0070102424,0.11521229,0.1018209,0.074355766,0.14795499,-0.12415111,-0.033980243,-0.20113899,-0.16397975,-0.22551247
190,Henry V (1989),0.27760062,-0.20585084,0.2742036,0.055638082,0.081446715,-0.06032385,-0.22035445,0.27945986,0.048492685,-0.0850678,0.070323795,-0.008048317,0.15343414,0.042752106,-0.109894566,-0.26326826,0.1785381,0.128664,0.03571317,0.25203112,-0.006266152,0.19971022,0.038425867,0.063604884,0.22006276,0.011039571,-0.0048524956,0.15296806,0.017278638,0.05376248,-0.22006637,-0.0057064244,-0.044252466,-0.25945014,0.032356564,0.08895691,0.018798416,0.07175845,-0.04270275,-0.031339385,-0.23613295,-0.11499625,-0.058369365,0.0032623287,-0.17357242,0.09195577,-0.0009942222,-0.21168557,-0.20846443,-0.115421824,-0.06301395,0.13792421,0.010068689,-5.1061397e-06,-0.24281663,0.083347864,0.21149015,0.070794486,-0.068370946,0.14790721,-0.100216165,0.33643872,0.044973034,0.105597846
191,Amadeus (1984),0.13325465,-0.008629343,0.347699,0.1358911,-0.09012496,0.15385054,-0.13457957,0.17428343,-0.20170704,-0.05148433,-0.05355229,-0.11822908,-0.08296369,-0.059581175,0.02813458,-0.008075722,0.07446281,0.16601051,-0.12193404,0.099664055,0.057650495,0.07937265,0.011643285,-0.08412325,-0.07338164,-0.14088488,-0.089932255,0.10476094,-0.015831785,0.2860783,-0.021689277,0.05089074,-0.32001176,-0.12266387,0.0064516584,0.014125668,0.0752797,-0.087924734,-0.16448057,0.1070748,-0.022179686,0.09614045,-0.025128203,0.07966093,0.12599082,0.1372384,-0.080251,-0.17563559,-0.10748868,-0.011606726,0.096364714,0.064446285,-0.010052755,-0.18121324,-0.09400884,-0.07936949,0.18481141,-0.07148926,-0.028683247,-0.04582042,0.09052886,0.05458151,0.17302532,0.27193135
192,Raging Bull (1980),0.06492696,-0.030113483,0.06865646,-0.017014576,-0.18558125,0.095581815,-0.20771988,0.018187508,-0.15008426,-0.093895994,-0.05475981,0.027113013,-0.06219457,-0.039554305,0.0533525,-0.13658775,0.13839363,0.08989609,-0.38947108,0.1270148,-0.1052903,-0.029468833,-0.13421898,-0.11447002,0.10943239,-0.17715229,0.08828677,0.12612039,-0.26377913,0.060337715,-0.0022097891,0.05472684,0.110383116,-0.1260491,0.3876829,0.109114364,-0.020180492,-0.06631114,-0.11050437,-0.108799994,-0.13910899,0.068941176,0.079880886,0.16676544,0.029054949,0.07799612,0.0036688813,-0.14497736,0.08267573,-0.18444514,0.010159352,0.24433117,-0.06330416,-0.030243767,-0.21932651,-0.05678343,0.1328879,-0.15768415,0.1304635,-0.1531288,-0.2737313,0.19033636,0.19276868,-0.004124226
193,"Right Stuff, The (1983)",0.050364055,0.026105924,0.11926448,0.043253478,-0.072814316,0.01247763,0.017037148,0.13276333,-0.0002529742,0.1666689,-0.13718829,-0.09600098,0.052895196,-0.18275453,-0.18906331,-0.15001263,0.16995943,0.27605638,-0.07925343,0.04672568,0.110950686,-0.067021936,-0.13406982,0.059565667,0.05086235,0.013093528,0.15457124,-0.03615289,-0.011303014,0.22589396,-0.0023336264,-0.025945568,-0.04912619,-0.09577429,0.18519719,0.0042224014,0.010696849,-0.0049264478,-0.14110926,-0.074536234,0.020387549,0.010569164,0.15130395,0.074327774,0.073483564,-0.003106201,0.09361992,-0.21789245,-0.04849248,0.0045250235,0.037800055,0.27104777,-0.03500068,-0.058200303,-0.38006055,0.12444262,0.1038023,0.0058751903,0.08470549,-0.1589933,0.01060079,0.08525802,-0.0721806,0.028649105
194,"Sting, The (1973)",0.18341391,0.036418065,0.22969742,-0.06434278,-0.12590255,0.106897146,-0.09140392,0.072404586,-0.04133662,0.11389666,-0.120981365,-0.018904407,-0.04094728,-0.14666861,0.04218981,-0.10714392,-0.020882173,0.18615837,-0.1044734,0.053835988,0.22572836,-0.04305331,-0.027864171,-0.09041688,0.060614243,-0.04380509,-0.07463502,0.1813071,-0.112829246,0.11850609,-0.13911594,-0.13059065,-0.17374747,-0.1649927,0.013177651,0.07665297,0.052978277,-0.032073364,-0.11525885,-0.05919393,-0.017378166,0.10047846,0.09910908,0.07557707,0.0524789,0.10706987,0.010490391,-0.22115792,-0.110460736,-0.14497598,0.056323417,0.03867354,-0.050893955,-0.1493221,-0.19621812,0.0036257373,0.23257324,-0.055241164,0.042858575,-0.050598454,-0.058068644,0.107421115,0.09560261,0.054996572
195,"Terminator, The (1984)",0.11706281,-0.05024636,0.18237263,0.112036034,-0.16426407,0.108175375,-0.114275135,0.03163735,-0.057373468,0.032857027,-0.10476201,0.07408737,0.15071416,0.15329364,-0.08089447,-0.16845417,-0.016676778,0.084426425,0.1664258,0.06503065,0.08641816,0.06720199,-0.10190326,-0.11257792,-0.03380485,-0.0057673384,-0.0003220816,-0.12573022,-0.054300595,0.05533559,0.09922182,-0.16841577,-0.10641567,-0.15338162,-0.10872068,-0.14862613,0.17029966,-0.049702797,0.1252338,-0.044120677,-0.16184515,-0.014988582,-0.022258108,0.119591594,-0.047015317,0.20355067,-0.073611245,-0.21655303,0.109736845,-0.12319248,0.06719878,0.09411614,0.02643274,-0.17633992,-0.37583464,-0.017051682,0.1292171,-0.050704468,0.04336156,-0.17271304,-0.078818895,0.07762235,0.008261563,0.13243295
196,Dead Poets Society (1989),0.20536491,-0.0071608163,0.27583364,-0.09841503,-0.13049576,0.1801059,-0.041450594,0.010885903,-0.11224001,0.07319779,-0.08381093,-0.04775989,-0.014208376,-0.10211252,-0.026659885,-0.076949544,0.099716336,0.11114474,0.009382724,0.032337256,0.16404419,0.037282497,0.07049961,-0.12074758,0.05440107,-0.19288248,-0.062286828,0.03312249,-0.062005464,0.16991284,0.06429455,0.08434324,-0.22822347,-0.084260896,-0.043795243,-0.02230367,0.15923297,-0.032666087,-0.006651637,0.031332906,-0.08704291,0.12585561,0.1318752,-0.028618775,0.022212187,0.07455387,0.09764847,-0.211309,-0.096213326,-0.22056559,0.10161793,0.07682896,0.008101573,-0.22565201,-0.22846177,0.029782046,0.13676363,0.08918032,0.08335701,-0.073284015,-0.06499906,0.12166157,0.027221447,0.13717556
197,"Graduate, The (1967)",0.062021952,0.02531985,0.26199588,0.017289178,-0.09378838,0.13687564,-0.24362741,0.2137398,-0.03401236,-0.028526613,0.0073827268,-0.08676778,-0.033342022,-0.12587842,-0.007042735,-0.008240701,-0.008356328,0.24987625,-0.047087703,0.11480912,0.16809899,0.058374897,0.061761476,-0.11771767,0.064709716,-0.19554186,-0.14991324,0.12037331,-0.026870938,0.17607993,-0.045670096,-0.085840635,-0.19519423,-0.14914162,-0.10734861,0.0080846725,0.121679336,-0.109132014,-0.18605761,0.09939068,-0.08834998,0.16907573,0.03512407,0.049152862,0.10823406,0.12266295,0.017984089,-0.22251381,-0.07003224,-0.0014629879,0.019224921,0.048162416,-0.16776171,-0.19458805,-0.17303002,-0.06827823,0.12097017,0.018621704,-0.02672132,-0.0638273,0.108491294,0.058067482,0.07471132,0.02183547
198,Nikita (La Femme Nikita) (1990),0.1373758,-0.098026164,0.08450116,0.024337696,0.07741035,0.06795477,-0.15383402,0.123344354,-0.19312806,-0.0108206,-0.17430595,-0.035615563,0.1128217,-0.03931247,-0.14587943,-0.027192598,0.18229298,0.15749209,-0.17349665,0.2474299,0.13678963,0.013118044,-0.16260171,-0.07584654,0.06277005,-0.05124092,0.11584657,-0.11911729,0.085198,0.17114817,-0.18716146,-0.14020878,0.03297686,-0.051447418,0.1454427,-0.12868243,0.04304141,0.031574287,-0.0890531,0.16978599,-0.12431452,-0.12122932,-0.031825587,0.016137749,-0.031693082,0.022022974,-0.091122925,-0.33037278,-0.041352376,-0.19101737,-0.0017312159,0.17756708,0.08907724,0.030457187,-0.21272273,-0.024169639,0.12186057,0.26428825,-0.09157413,-0.22609879,-0.07287543,0.099981725,0.039472733,0.0046731685
199,"Bridge on the River Kwai, The (1957)",0.18958616,-0.11845878,0.13335495,-0.021950928,-0.017260598,0.062413566,-0.16426855,0.20047998,-0.0026855206,0.008899161,-0.2210301,0.023979632,-0.019074036,-0.14740671,-0.047812115,0.0070052217,0.13038015,0.16680665,-0.21653032,0.021931674,0.20900339,-0.0005501149,0.01611105,-0.048900444,0.28469923,-0.014181953,0.09239092,0.050672267,-0.05902452,0.13286167,-0.06309872,-0.08617701,0.016014064,-0.16367315,0.011866436,-0.019889235,0.1168016,-0.0964537,-0.046329364,-0.08838661,0.1251362,-0.068567455,-0.057145976,0.08550233,0.10062791,0.102902114,0.058714475,-0.18652086,0.030055197,-0.09760326,0.023462664,0.06767277,-0.108975366,-0.072804295,-0.16519885,0.038640227,0.22510274,-0.12525675,-0.1053005,-0.17319052,-0.013467722,0.20115845,-0.0778014,0.15795313
200,"Shining, The (1980)",-0.046940826,-0.098557286,0.1984519,-0.033617485,-0.16435587,0.31952605,-0.01056861,0.14997156,0.06259008,0.010492547,-0.020215634,-0.0068088803,0.07302028,0.12717177,0.00032625446,-0.17804301,0.1581726,0.24108958,-0.0077076107,0.04664065,0.081969954,-0.033994325,-0.024557319,0.061286606,0.027138676,-0.177067,0.068902045,-0.11588698,-0.085995495,0.10055705,0.11223528,-0.056067605,0.118443705,0.023659447,0.21391751,0.025468659,-0.1535117,-0.015269563,-0.15458372,0.15294795,-0.04361737,0.020329894,-0.04074854,0.062842965,0.086017504,0.18191202,0.06522796,-0.20374113,-0.06791344,-0.033588234,-0.06835562,0.23893562,-0.14711908,-0.17506187,-0.26255473,-0.009908862,0.16508037,0.0794434,0.106559746,-0.1286096,-0.09415463,0.21500194,0.028894989,0.25325075
201,Evil Dead II (1987),-0.13673681,-0.16991305,0.23515029,0.21718179,-0.13329232,0.19863138,-0.0868663,0.23373055,-0.11381991,-0.09909647,-0.0020661643,-0.12899342,0.27338684,0.08220899,-0.13530064,0.07603805,0.3260133,-0.104025014,-0.05626561,-0.014594665,0.052594706,-0.04747625,0.13736933,0.049893644,0.22601385,0.11148076,0.015265907,0.04411166,0.0808785,0.13028558,-0.07652418,-0.052415416,0.07777368,-0.1650303,-0.24857834,-0.24057795,-0.0606576,-0.003772083,-0.20778802,0.01649452,0.010190884,-0.1655707,-0.0033351982,0.15304518,-0.0100645535,-0.37866428,-0.18218556,-0.41799405,-0.010322763,-0.13928856,-0.4720285,0.107904464,-0.06280589,-0.6373646,-0.2462952,-0.17319833,0.3673628,0.54510975,0.014847921,-0.224346,-0.08191399,-0.12621346,-0.018285885,0.120833665
202,Groundhog Day (1993),0.09303106,-0.033568524,0.2010959,0.09465486,-0.0915983,0.13433386,0.03474303,-0.0010739942,-0.06801339,0.11038997,-0.05389223,-0.022888074,0.054256056,-0.060153686,-0.2592809,-0.18309815,-0.03829209,0.12530859,-0.077246666,-0.03672115,0.2440097,-0.044497266,-0.070606574,-0.029942432,-0.024198987,-0.10915207,0.11250995,-0.13090798,-0.1449318,-0.045967232,0.048599333,0.00077650306,-0.07993338,-0.21931078,-0.059684128,-0.046954453,0.039143175,-0.060214352,0.104259685,-0.05827689,-0.05879697,-0.012906594,0.10375705,0.09839997,-0.14500296,0.12481867,-0.040824533,-0.18015848,-0.023234405,-0.14636935,0.21061084,0.057736196,0.02013633,-0.25440803,-0.2722262,0.048903532,0.08662512,0.11185613,0.020905437,-0.06880399,-0.15557478,0.043711003,0.023643866,0.1802108
203,Unforgiven (1992),0.11558561,-0.009403383,0.19550605,-0.045446806,-0.100337975,0.13839124,-0.16873902,0.15831739,0.0203996,0.12695982,-0.11426618,-0.04628814,0.057834174,-0.030254032,-0.046676826,-0.21487753,0.12414813,0.1094389,-0.033238612,-0.050350137,0.14040147,0.0052203443,-0.1023354,0.0055361004,0.017990671,-0.13345435,-0.0031026502,0.017141247,-0.06377925,0.10979942,0.017695831,-0.07395821,0.018194694,-0.021637801,0.15533662,-0.04999458,0.06160294,-0.14794527,-0.10350953,-0.095853,-0.11715029,0.01795284,-0.05204601,-0.03406801,0.14572652,0.050714653,-0.10038693,-0.23744786,-0.061561044,-0.13654126,-0.01125218,0.12776074,0.0072828312,-0.08693314,-0.3150133,0.08746926,0.13558343,-0.029415268,0.09207374,-0.12626962,-0.008180227,0.18494268,0.0018576913,0.09891
204,Back to the Future (1985),0.0515454,0.05603989,0.17455918,0.18796618,-0.04931754,0.12047833,-0.018505795,0.062326718,-0.09200075,0.13453597,-0.10056009,0.054731134,0.06575588,0.08996834,-0.0853118,0.0487362,-0.035348874,0.07430207,0.00981475,0.09434899,0.32171163,0.004312939,-0.107662365,0.09848008,0.09826913,-0.02453672,-0.120140135,0.04136892,-0.112777196,-0.043475643,0.15273376,0.048317913,-0.15582405,-0.3089945,-0.05082811,0.12808199,0.15825404,0.08427298,0.060719546,0.03735862,-0.074918866,0.14849292,-0.047831733,0.09858252,-0.09669199,0.07920961,0.026869303,-0.1810205,0.029350562,-0.075850934,0.24897079,0.19809505,-0.055251766,-0.34293976,-0.24237764,0.034255397,0.2679599,-0.02097903,-0.075242996,-0.09592537,-0.0703495,0.038838226,-0.0070356224,0.037420925
205,Patton (1970),0.035337176,-0.043798126,0.18862487,0.029749928,-0.105875105,0.03445885,-0.13253936,0.26488325,-0.049792644,0.11900449,-0.09965499,0.12956733,0.03693016,0.047042567,-0.080758415,0.0752309,0.24113443,0.13400297,-0.42372265,0.23447101,0.21659747,0.03702265,-0.026523639,-0.070200846,-0.024767408,0.14903004,0.2348017,-0.08656599,-0.26382688,0.2684095,0.025281101,-0.11494756,0.07091993,-0.36187473,0.028781833,-0.113447785,-0.023761258,0.09318116,0.113207325,-0.11994487,0.02812883,-0.10291116,0.14336407,0.068931326,0.04318294,0.149078,-0.06983061,-0.086409114,-0.048727952,-0.1569344,-0.03864271,0.13221623,-0.24550933,0.01935505,-0.10633447,0.038961213,0.13787164,-0.065224014,-0.11770132,-0.13849212,-0.0052522854,0.1071672,0.23405255,-0.0015592987
206,Akira (1988),0.029648378,-0.12439569,0.062960505,0.14182362,-0.43183064,0.10180686,0.042245798,0.057371914,-0.24513009,0.13408667,-0.20035197,-0.01322297,-0.037772313,-0.024831304,-0.3065662,0.104894124,-0.0143861445,-0.20343068,-0.0010040408,-0.010946608,0.13662007,0.15600188,-0.022587184,0.14265436,0.26167083,-0.016288778,0.109928034,0.02439973,0.057618946,0.109043196,0.31200573,-0.10815694,-0.19855422,-0.38811523,0.1524876,-0.030004783,-0.11534893,-0.20881821,0.15125139,0.31120154,-0.12892441,-0.24248365,0.03290582,0.079834655,-0.09022453,0.0685493,-0.023817915,-0.19853745,-0.101635754,0.15838742,-0.13005473,0.008118446,0.13061447,-0.45838687,-0.09284458,-0.06334703,0.22858123,-0.26453012,0.07628603,-0.25247985,-0.010581631,0.0405215,-0.06277657,0.0824351
207,Cyrano de Bergerac (1990),0.17086853,-0.44980887,0.30882347,-0.15343465,-0.09810418,0.0026502695,-0.15532696,0.4025002,-0.3164958,-0.07348951,-0.07276375,-0.14951587,-0.1745462,-0.07037518,-0.30449077,-0.12095357,-0.14506157,0.09686673,0.14911415,0.095816985,-0.03488419,0.27748612,-0.09211228,0.08954646,0.37847662,-0.102644816,0.19302368,0.0015250149,-0.333826,0.24167219,0.05391729,-0.12494753,-0.13486454,-0.18780962,-0.043876324,0.043769315,0.21216251,0.096231855,0.3026104,0.16379128,-0.08980514,-0.017552307,0.12444218,0.2920097,-0.1489202,-0.40262467,-0.2108027,-0.17483136,-0.03140372,0.020320654,-0.3654705,-0.19913924,-0.37896383,-0.10189554,-0.23573963,-0.18362464,0.038353138,-0.062006224,0.0021108915,0.02345105,-0.1144712,0.30622664,0.037502073,-0.03183416
208,Young Frankenstein (1974),0.16048926,-0.15567534,0.18336643,-0.014154738,-0.12436486,0.1632364,-0.15919708,0.16978668,-0.14339189,-0.050286807,-0.034989133,-0.016650103,0.07425808,-0.1980085,-0.02487404,-0.20623681,0.09183355,0.08380831,-0.21641572,-0.020985708,0.22813272,0.046783853,-0.08143872,0.081685975,0.029872956,-0.07711588,0.06763919,0.055554487,0.043209687,0.20966177,0.0418048,-0.0260622,-0.13179715,-0.12932152,0.052445386,0.16424277,0.13818595,-0.10318833,-0.12228023,-0.037885845,-0.03191495,-0.0051850514,0.0051610954,0.16820896,0.13136743,0.055541504,-0.010578711,-0.049940374,-0.059142217,-0.101706766,0.05774153,0.07090473,0.05552679,-0.21222724,-0.15917248,0.1887152,0.1331631,-0.023248613,-0.12779269,-0.02250351,-0.11897993,0.0755895,0.023035856,0.1752217
209,This Is Spinal Tap (1984),0.112014495,-0.06782096,0.077267416,0.09034842,-0.12847966,0.0004756216,-0.19841401,0.20724161,-0.09345852,0.024813475,-0.12158612,0.072224505,-0.011152573,-0.11799246,0.047276728,-0.13988467,0.17092033,0.2207239,-0.06417143,0.08744227,0.1034937,-0.015313986,-0.13806912,-0.022101603,0.060983665,-0.13649157,-0.082455665,-0.0060969945,-0.055867303,0.015542006,-0.16871186,-0.09894695,0.025282172,-0.027515333,0.03938661,0.06906847,0.0018821363,-0.14772938,-0.054728467,-0.10168362,-0.13294649,0.035279367,0.01610672,0.18811564,-0.0013292938,0.14211895,-0.17109378,-0.22476359,0.031374965,-0.028625006,0.078968726,0.081383266,0.037145406,-0.23800033,-0.31324267,0.20046887,0.0507965,0.12721181,0.13111421,-0.12358038,-0.10075293,0.04739507,0.2643308,0.09885927
210,Indiana Jones and the Last Crusade (1989),0.054842543,0.07101883,0.2061673,0.10979597,-0.19319044,0.08008861,-0.14493035,0.018436246,-0.15048784,0.03669832,0.015511106,0.11036923,0.20605695,0.011164205,-0.07593594,-0.15621486,-0.026931008,-0.0054490347,0.05308215,0.11978425,0.22011016,0.118544385,-0.017284544,-0.12098674,0.06669257,-0.009693121,-0.044907466,-0.021708813,-0.10000347,0.0049360176,0.12041291,0.09904103,-0.052732494,-0.20406058,-0.017323803,-0.03408503,0.23358954,-0.035414107,0.12670302,-0.026594624,0.013320748,-0.0016101858,0.13478649,0.1380688,-0.12479171,0.0915291,0.0131035745,-0.122452445,-0.010839051,-0.30537182,0.20312403,0.09810163,-0.05273186,-0.2287725,-0.27448282,0.117718816,0.2306279,-0.07135934,0.03307816,-0.10061343,-0.15051754,0.09889958,0.11847065,0.09505852
211,M*A*S*H (1970),0.062171347,-0.10326065,0.14007786,-0.13907172,0.062608466,0.07822358,-0.18827677,0.1651698,-0.032208975,0.009653518,-0.14588936,-0.0011557552,0.18916608,-0.1828566,-0.0031330786,0.078785196,-0.019732045,0.25465104,-0.20920092,-0.024668325,0.20506674,-0.10401596,0.07107222,0.029468294,0.05859037,-0.018789371,0.055240374,0.04973039,-0.032210555,0.15883972,-0.042711176,-0.05418691,-0.10079306,-0.07590933,0.07397296,-0.023263799,0.06732758,-0.15915288,-0.122897476,-0.009242642,-0.060944878,-0.017508376,0.047259852,-0.013605166,0.06751252,0.068064824,0.04260521,-0.20708157,-0.055343263,-0.16200899,-0.04513092,0.1531191,-0.033410735,-0.15883993,-0.24024458,0.15318955,0.16169578,-0.08271587,-0.010334109,-0.24014774,-0.034298446,0.09760987,-0.041863207,0.18504839
212,"Unbearable Lightness of Being, The (1988)",-0.116710514,-0.090003826,0.2200755,-0.14530972,-0.04083105,0.14528975,-0.18034498,0.5089535,0.054628883,-0.14068902,-0.11786797,-0.10416027,-0.0496728,0.09593626,-0.15328588,-0.0013504333,0.12980333,-0.028989913,-0.16936667,0.11966225,0.19780707,0.0645708,-0.33527407,-0.07487371,0.2657274,-0.022300363,-0.07931569,0.025461305,-0.09283941,0.04029826,-0.06691761,0.09624909,0.1306024,-0.24748015,0.02614601,0.043157976,-0.062109772,-0.16530028,0.06120741,0.19908291,-0.110708855,0.3081239,0.08935572,-0.10101576,-0.32776707,-0.10698334,-0.2717245,-0.33973762,0.0026383998,-0.14427926,-0.08756581,0.061022345,-0.37395597,0.11556194,-0.3460041,-0.12505259,0.064056836,0.027323741,0.04108413,-0.004955111,-0.38043243,0.32629362,-0.25797245,-0.30667225
213,"Room with a View, A (1986)",0.21420398,-0.018046914,0.14900282,-0.21002018,0.14569442,-0.11600767,-0.2300004,0.15583701,-0.14337221,-0.021278467,0.048421793,0.019118303,0.12361267,-0.120500475,-0.13231063,-0.28159517,0.19427738,0.32274333,-0.051657356,0.255421,0.049374077,0.12628917,0.11341074,-0.0059849806,0.34766188,0.071729906,-0.10725591,0.10828517,0.1086501,-0.026348231,-0.08802792,-0.10554775,-0.13072419,-0.14636631,0.1868859,0.099902645,0.068479024,-0.14662339,-0.09476468,0.0291715,-0.11927355,0.26927945,0.34290263,0.18906164,0.059664607,0.0057051834,0.07569594,-0.10232855,-0.1414986,-0.024980417,0.010232787,0.073768474,-0.034296528,-0.103362866,-0.20670316,-0.0069346353,0.070159085,-0.13602296,-0.06640056,0.08505922,-0.21150573,0.12689503,-0.11482852,0.0053032017
214,Pink Floyd - The Wall (1982),0.06206839,0.23848248,0.14294021,-0.12057073,-0.20312883,0.14852628,-0.15970448,0.014882561,-0.11919009,0.12156226,0.009351595,-0.13417839,0.13145709,0.101601504,-0.09286219,0.08096499,0.16512692,0.26822123,-0.14483173,0.2461151,0.037172776,-0.006042709,-0.16577855,-0.055092305,0.11576385,-0.022562107,0.16027178,-0.22278062,-0.016270516,0.31168625,0.023069933,0.015273377,0.028807404,-0.21226604,-0.15800954,0.10372606,0.092274085,-0.07723667,-0.08968704,0.15888867,0.013592833,-0.121435076,0.08965484,0.34058845,-0.040418785,0.10694295,0.18854854,-0.3311257,0.09069585,0.039108254,-0.2198755,0.015550767,0.110960364,-0.30369672,-0.118900195,0.14652476,-0.052403916,0.18124095,0.111486204,-0.11072243,-0.22250357,-0.038981136,0.09049045,-0.21530895
215,Field of Dreams (1989),-0.011339578,0.033626024,0.24336745,-0.16508228,-0.07114832,0.22023097,0.06362266,0.00995284,-0.008630246,0.23163764,-0.09155308,-0.03421914,-0.019722544,-0.14288338,-0.018552462,-0.17698924,0.04744466,0.08943825,-0.09299294,0.19379936,0.18558548,-0.05173345,-0.0028996652,-0.012891528,0.023885878,-0.05843144,-0.061785173,-0.10569269,-0.04622772,0.0858132,0.1618636,0.1100852,-0.0143785495,-0.117788225,-0.074089296,0.0180238,-0.001964262,-0.023192916,-0.12759584,-0.03251273,-0.020545967,0.025668517,0.15763535,0.053576726,0.07175534,0.22350083,0.094777286,-0.15249969,-0.09229921,-0.1216351,0.061760984,0.14963059,-0.06317276,-0.22697797,-0.22910771,-0.08694487,0.15056615,-0.120905645,0.0826058,-0.12332607,-0.13464317,0.1670102,-0.12386567,0.16670242
216,When Harry Met Sally... (1989),0.1529842,0.12655687,0.2778094,0.0091145085,-0.078392476,0.22312272,-0.05325555,0.047124363,-0.090131015,-0.012770128,-0.15472835,-0.05866009,0.11955601,-0.003418635,0.0023125745,-0.110567585,0.077333875,0.07343688,-0.07665585,-0.017194401,0.20977527,0.102521084,0.026484746,-0.06534711,0.027659282,-0.13123743,-0.033430424,0.077853225,-0.023527304,0.086931236,0.065510914,-0.060232896,-0.16736595,-0.18501315,-0.0077151703,0.010044947,0.10415868,-0.062235128,0.0020862818,0.13702549,-0.13289137,0.18715069,0.070538916,0.024407348,-0.06192064,0.14958416,0.011260302,-0.2047266,-0.10133046,-0.18393318,0.055268694,0.024944397,-0.045660906,-0.27649957,-0.1697057,-0.12214148,0.16492835,-0.031527486,0.030395754,-0.060885873,-0.026494436,0.0055824975,0.029219892,0.088423535
217,Bram Stoker's Dracula (1992),-0.046902526,-0.108454466,0.45652905,0.07108498,-0.39211786,0.12181728,0.11589967,0.12804645,-0.2838255,-0.08700963,-0.026566595,0.04262669,0.46403778,-0.079136856,-0.22404777,-0.022042051,0.22665134,0.12386828,-0.14473653,0.089427695,0.04711766,0.08728938,0.032029644,0.019825798,0.036582798,-0.19472712,0.018613122,-0.10710384,0.12306917,-0.083941214,0.14617129,-0.25321466,0.25680828,-0.051340066,-0.025801845,0.010126675,-0.07884398,0.09019292,-0.10521133,0.038141217,0.1231551,-0.20255393,0.06274868,0.26608667,-0.2835839,-0.2114836,0.15509772,-0.084920235,-0.18854858,-0.0462946,-0.12654004,0.27217293,0.22925791,-0.41256467,-0.19249886,0.19794314,0.27394384,0.31367034,0.14171685,0.120203346,-0.21165496,0.24479921,0.032488167,0.124496385
218,Cape Fear (1991),0.07664883,0.1357633,0.23460534,0.05637695,-0.29938042,0.3108913,-0.03131398,0.14975646,0.11751174,-0.039708395,0.015708381,-0.09768318,-0.036415987,0.17827465,-0.1765529,-0.13886903,0.093360275,0.22467047,0.03425022,0.14892931,-0.056923263,0.12298743,-0.14148687,-0.01939726,-0.08417122,0.038335714,0.01321674,-0.10279194,0.12960385,0.04132316,-0.073409505,0.06183072,0.27584594,-0.050167035,-0.07992547,-0.14772809,-0.08991966,0.008432108,-0.099663906,-0.017109403,-0.073097326,-0.015359147,-0.09647022,0.2585392,0.11820975,0.28996858,0.0053392053,-0.24852474,-0.10859566,-0.13181405,0.049725465,0.15562284,-0.07906005,-0.23143823,-0.07016116,-0.25386626,0.1493541,0.038546663,0.09241332,-0.38566628,-0.024298327,0.3226658,-0.10652547,0.027027778
219,"Nightmare on Elm Street, A (1984)",0.0138502335,-0.33214995,0.10669667,0.20204967,-0.26883525,0.4352537,0.24949631,0.12792584,-0.33801547,-0.13693646,-0.054874785,0.031603526,0.14489694,0.43222067,0.0965523,-0.112458676,0.22250612,-0.10197465,-0.28099445,0.03437758,-0.14743009,0.16739626,-0.018379763,0.18499504,0.14148803,0.0469093,-0.030816136,-0.103774734,0.08524656,0.016558116,0.13479984,-0.41203767,0.2020451,0.019847337,-0.1845438,0.0025602586,-0.012610506,-0.09157733,-0.037486378,-0.010572072,-0.0044298107,-0.22378314,0.06025704,0.26603812,0.14713088,-0.03348929,0.19928227,-0.45781383,-0.27196574,-0.09435391,-0.12844656,0.07373828,0.06305273,-0.2648543,-0.20907846,-0.21800357,0.21496752,0.42100233,0.19952893,-0.18109411,-0.25968444,0.33260968,-0.0028873303,0.04980816
221,Breaking the Waves (1996),0.016169865,-0.28171664,0.3916524,-0.35680658,-0.16791567,-0.20691994,-0.5075721,0.09457452,-0.32893962,-0.07777152,-0.3912044,-0.30921504,0.10977271,0.045441605,0.14741619,-0.22069564,0.14965738,-0.038979206,-0.1483323,0.02123555,0.0030231758,-0.18253349,-0.06208208,-0.058765214,0.1805034,-0.102612525,-0.043739345,-0.18194996,-0.2625686,-0.19012602,-0.077962495,0.17631027,0.074637935,-0.20747164,-0.15368958,0.1931427,0.15011948,-0.026358012,-0.16249546,0.23983365,-0.16678855,0.42534408,0.29708338,0.047205433,0.19544406,0.27154538,-0.35709137,-0.02784074,-0.47741517,0.07787794,0.16692641,0.31636608,-0.254592,-0.50643986,0.2310016,0.3909099,-0.10123688,-0.07833158,-0.21615598,-0.16115764,-0.1571246,0.13330287,-0.114011444,-0.3755204
222,Star Trek: First Contact (1996),0.21885288,-0.068097085,0.06114601,0.025049247,-0.20822173,0.027468849,0.09241198,0.04462782,-0.14120644,0.10850217,-0.32230887,-0.13663611,0.08500518,0.12957902,-0.25178358,-0.122957036,0.18766947,0.09371342,-0.078984305,0.062361576,0.28130174,0.0019329049,-0.09296367,0.18125507,-0.021012409,-0.020707706,0.056602996,-0.18930192,-0.010089002,-0.0012503954,0.19670926,0.11614218,-0.22652279,-0.19289371,-0.009301661,-0.18400116,0.16081983,0.02282778,0.014247021,-0.1276099,-0.18345298,0.0026133955,-0.00633617,0.15138069,0.061056398,0.031884495,-0.06382934,-0.1842304,0.08265246,-0.10280227,0.12509282,0.21274383,-0.039124765,-0.11108678,-0.24877094,0.026770936,-0.15194494,-0.103497416,-0.018585876,-0.07785722,-0.15664813,0.049225785,0.019437617,0.19759868
223,Sling Blade (1996),-0.10766202,0.027263926,0.09590272,-0.028381066,0.031340867,-0.029436812,-0.13778561,0.12202644,-0.08008573,-0.048575215,0.016383534,-0.10620115,-0.00901043,-0.11149611,-0.082285665,-0.18784395,0.009446522,0.07823785,-0.18218084,0.32614613,0.124375075,-0.07776502,-0.044581812,-0.0027664795,0.039702762,-0.13652907,-0.04839707,-0.0048928075,-0.16602229,0.023827113,-0.03605209,0.0110043455,0.17055357,-0.04630289,0.04756319,-0.17360179,-0.1329784,-0.03622775,-0.13221864,0.12903531,-0.30044916,-0.0029843326,0.16125934,0.13203897,0.0058914917,0.21141095,-0.075578935,-0.30001926,-0.060907327,-0.093118414,0.025443194,0.283864,0.03697824,-0.18879206,-0.1255961,0.19570787,0.11606373,-0.04013912,0.14263378,-0.049399536,-0.07162252,0.25450483,-0.07898242,0.096266545
224,Ridicule (1996),0.0057003903,-0.25813493,0.32408762,0.16884074,-0.2719912,-0.34051746,-0.54569745,-0.07151077,-0.312957,-0.24203067,-0.35465148,-0.16470921,0.07899399,-0.0411303,0.015269303,-0.24464937,0.13641457,-0.05394915,-0.041498702,-0.075051226,0.04538283,-0.24992606,-0.14995153,-0.19892329,0.0032933007,-0.06758072,0.09280263,-0.1607162,-0.27210122,0.40366775,-0.16785991,0.13848509,0.12562998,-0.14919405,-0.05660624,0.039732285,-0.16906908,0.00012596145,-0.19124681,0.15037689,-0.49200863,0.4045737,0.04244687,0.043240987,-0.019290678,-0.23409298,-0.63555515,-0.38479075,-0.44631058,0.31638318,0.113487475,0.2669177,-0.094630346,-0.3322487,-0.097577676,0.04764504,-0.30122203,0.35069573,-0.20592919,-0.06737632,0.065720044,0.29992142,-0.29627985,0.06457964
225,101 Dalmatians (1996),-0.27232543,-0.12981914,-0.035056036,0.06917793,-0.42622513,0.12390678,0.02997928,-0.1843854,-0.1283344,0.13006148,-0.3110627,-0.008864553,0.16729374,-0.122281775,-0.2767012,-0.32402283,0.16530804,0.4404655,-0.164435,0.15836754,0.1812799,-0.03585292,0.14397372,0.16700006,0.4559046,-0.11116903,-0.121941894,-0.04428121,0.15421693,0.07350085,-0.072380744,-0.26335418,0.18753494,-0.50431514,-0.05986884,-0.03462058,-0.31309465,-0.23257115,0.22892585,0.08512638,-0.24305883,0.061308205,-0.09482906,-0.07223428,-0.13346933,0.15223552,0.26612538,-0.2882978,-0.38526863,0.0347163,0.3350653,0.11965762,0.17515112,-0.041010242,0.036286373,-0.1227134,-0.41885188,-0.26752526,-0.45393607,-0.22739942,-0.12309284,0.119415715,0.010306071,0.16550161
226,Die Hard 2 (1990),0.081053756,-0.19011022,0.35201064,0.11903814,-0.0015546252,0.010504005,0.102092735,0.03722275,-0.22712497,0.26367322,-0.09627752,-0.37122044,0.08716304,0.0047732764,-0.0565166,-0.033520155,0.04557692,0.14561456,-0.06847813,-0.012246813,0.12600255,0.0021040242,0.018215766,0.23899218,-0.05236409,-0.08116664,0.06985331,-0.12806,0.07425353,0.028108686,0.06448129,-0.10763354,0.15441418,-0.11832753,-0.2632124,-0.0067864396,-0.16864558,-0.025822727,-0.08797955,-0.14993317,0.15841046,-0.06625342,-0.1752926,0.13852827,0.10626468,0.13742065,-0.044512887,-0.2601629,0.011667642,-0.14509994,0.06579122,0.024530606,-0.2759546,-0.1212643,-0.26176858,-0.14338829,0.1889267,-0.40827695,0.14690052,-0.2682903,-0.21103244,0.19707604,0.09174662,-0.054211568
227,Star Trek VI: The Undiscovered Country (1991),0.11868867,-0.05665421,0.18527931,-0.10838452,-0.12848179,0.014357874,0.05969194,0.18619034,-0.34279937,0.3275959,0.024225678,-0.12733023,0.14176542,0.06455638,-0.20188828,-0.22151916,0.07304068,0.5006946,-0.067482,0.053581808,0.007435255,0.057690118,-0.15039691,0.09556939,-0.13508376,-0.0665698,0.006844958,0.04381678,0.19808786,0.19009869,0.181082,0.065562665,0.1706991,-0.1950292,-0.26339796,0.016882094,-0.13051455,-0.060675524,0.0147167165,-0.08519717,0.14945139,-0.11342868,-0.13951671,0.23105071,-0.070376284,0.04432148,-0.13089615,-0.19311471,0.083450094,-0.19229016,0.10412281,0.09433498,-0.1887496,-0.062550254,-0.23783113,-0.10697988,0.01266493,-0.17233692,-0.049457863,-0.20770127,-0.122697316,0.11224348,0.21737471,-0.10551823
228,Star Trek: The Wrath of Khan (1982),0.045592807,-0.13393523,0.15894909,-0.01977682,-0.120783776,0.020180143,0.061190754,0.101022035,-0.098168075,0.08507583,-0.2063267,0.058756594,0.1063384,-0.030821942,-0.15709767,-0.16548507,0.034564637,0.25153434,-0.006130938,0.07764972,0.18218079,-0.025177112,-0.077296674,-0.029741755,-0.07198894,-0.08451131,0.07713174,-0.12986606,-0.15677516,0.11434578,0.08931303,-0.066546716,-0.04687318,-0.11920181,0.00661911,-0.07226715,0.07548791,-0.0433213,0.013549423,-0.11012245,-0.080287926,-0.18964052,-0.007865723,0.09649507,-0.03242124,0.18641554,0.06722569,-0.0977846,0.07543032,-0.12521362,-0.008128231,0.021527309,0.044661775,-0.21352059,-0.35322464,0.025741776,0.07614774,-0.01758873,-0.0128537435,-0.1350339,-0.13790244,0.09369279,-0.03740711,0.15739016
229,Star Trek III: The Search for Spock (1984),-0.009535041,0.08155286,0.26038504,-0.14630237,-0.29996905,-0.054029837,0.0137307625,0.041699126,-0.22838919,0.2723752,0.046397816,-0.26835665,-0.034616902,0.022795187,-0.20669512,-0.2507014,-0.10537349,0.18720871,0.0037250377,0.033849783,0.13518679,0.21297845,-0.030066228,-0.00569751,0.024775526,-0.11976792,0.06722749,-0.16816512,0.19048412,0.34564,0.22710428,0.019670626,-0.109134264,-0.20156676,-0.28152615,-0.06401104,0.03402999,-0.2532874,-0.17747433,-0.11818914,0.042712536,-0.12473488,-0.090870894,0.37729082,0.019788112,0.03919126,0.039833855,-0.13437498,0.15055475,-0.10118899,0.10365308,0.2590419,-0.37193057,-0.038567644,-0.17716621,-0.14993466,-0.06231792,-0.03607308,-0.063199066,-0.15864989,-0.114412166,0.112769976,0.2978479,-0.23218556
230,Star Trek IV: The Voyage Home (1986),0.05084121,-0.06386585,0.26354912,-0.033895813,-0.036243957,0.06087009,0.043908674,0.1917335,-0.068840146,0.23960972,-0.029638259,-0.10881904,0.11439933,0.028564041,-0.21773402,-0.17572659,0.056068342,0.2675428,-0.051791526,0.0647326,-0.060107876,-0.119514205,0.18173838,0.32371852,-0.11837871,-0.09862511,0.09589504,-0.05760369,0.019076921,0.23538326,0.107227005,0.07940119,-0.012963332,-0.18599278,-0.20972626,-0.013818038,0.0652913,-0.017188042,-0.055968896,-0.05551818,0.04887812,-0.23896886,-0.11400588,0.15556721,0.088531174,0.056025352,-0.01981112,-0.20000932,0.025221068,-0.12060535,0.08420216,0.18263204,-0.100164704,-0.03273704,-0.24151996,-0.07631496,0.06777966,-0.10961506,-0.06422695,-0.29892492,-0.2269505,0.19882996,0.14108191,-0.008659703
231,Batman Returns (1992),-0.2624482,0.049588297,0.12408144,0.13322696,-0.35302258,0.0541308,-0.038350113,0.09436698,-0.1981159,0.20105356,-0.076847546,0.1665909,-0.1373992,-0.010542981,-0.45953515,-0.16148412,-0.16859627,-0.030639531,-0.06728546,0.18171684,0.18755442,0.15211715,-0.04097479,-0.1365735,0.28682417,0.14384113,0.012887083,-0.08838894,0.008994224,0.102428935,0.495924,-0.04069904,-0.041288454,-0.4423047,0.03628931,-0.11949552,-0.25875852,-0.0894329,0.18917607,0.13890189,0.004923991,0.034415692,-0.09853179,-0.17093764,-0.2885105,-0.12327974,0.18396465,-0.31543693,-0.12965082,-0.028262831,-0.18313654,0.16834809,-0.021453368,-0.38776645,-0.28082338,0.05676995,0.06123984,-0.1537467,-0.060116045,-0.2529335,-0.026278691,-0.055405643,0.11326902,0.0636435
232,Young Guns (1988),-0.09570533,0.028253473,0.18221456,0.40500286,-0.53144926,0.031755272,-0.069329776,0.22819036,-0.24792102,0.008933557,-0.20397693,-0.20128243,0.19860312,-0.102681816,-0.05154185,-0.12475337,0.16640466,0.0033209897,-0.025545985,0.14996628,0.25813046,0.2836636,-0.0330602,0.06476272,0.07511271,0.23315214,0.009159515,-0.10188905,-0.048414428,0.08499477,0.15406121,-0.08901671,0.108163305,-0.2086853,-0.18197632,-0.1842807,-0.0401191,-0.002393221,-0.120187506,0.04202331,-0.091452785,-0.023827026,-0.21084724,-0.020424953,-0.08068361,0.009292779,0.1197321,-0.4166057,-0.057942376,-0.10004367,-0.08133044,0.33145332,0.20431483,-0.34018013,0.14153522,-0.15246558,0.1738157,-0.097530454,0.2021951,-0.079672486,-0.21873371,-0.14334041,0.089192465,-0.041827064
233,Under Siege (1992),0.031225018,0.028277634,0.32603967,-0.009165722,-0.24032769,0.04960896,-0.0054354263,0.037545465,-0.38520598,0.099848524,-0.0014472272,-0.138699,0.21671037,-0.018901225,-0.1639969,-0.10002102,0.09774562,0.099981,-0.07985918,-0.32660505,0.007701557,-0.029259006,-0.05626733,-0.053566214,-0.01899879,-0.038392995,0.06796528,-0.13999829,0.18757112,0.32784924,0.2214562,-0.002470653,0.29713818,-0.16265947,-0.13817392,0.006183445,0.017561363,-0.034637656,-0.3170093,-0.23768337,-0.064511165,0.053930145,-0.15127258,0.286458,0.10602529,-0.019914953,-0.1635157,-0.30513763,0.10103121,-0.1819425,0.14604566,0.24459271,-0.109043345,-0.2412583,-0.008613536,-0.07102285,0.33001542,-0.2926819,0.08245187,-0.08156734,-0.16702035,0.061372668,0.35373786,-0.19372743
234,Jaws (1975),0.033981457,-0.03323021,0.2640634,0.080673404,-0.08959681,0.23152813,-0.103986904,0.12004975,-0.016923347,-0.014466221,-0.09395846,-0.0060615283,-0.09509612,0.12174786,0.0026755095,-0.10034212,-0.04481468,0.19178732,-0.06091573,0.008791106,0.1761007,0.014798927,-0.03339975,-0.09710835,0.12860493,-0.06233751,-0.1318338,0.024257544,-0.03230181,0.019506488,0.091716036,-0.10906605,-0.07199395,0.005217278,-0.08359441,-0.08718629,0.038499378,-0.0023971847,-0.037306994,0.07639271,-0.16548112,-0.13273147,-0.012142815,0.04921301,0.0469827,0.12652694,0.098246045,-0.22900249,-0.0497545,-0.049316525,0.08606817,0.2266154,-0.11719675,-0.17907418,-0.33755207,-0.068932146,0.1544139,0.01057937,0.047185604,-0.10967823,-0.122662656,0.11465842,-0.062851876,0.06073014
235,Mars Attacks! (1996),0.1419017,0.09099443,0.16979861,0.20752282,-0.49902317,-0.17540187,0.024665827,0.1062759,-0.0254644,0.04901366,-0.03225724,-0.03462736,0.119039625,0.10953902,-0.35153311,0.07247373,0.1730152,0.20732546,-0.085410535,0.24755828,0.03680064,-0.19862756,0.052115027,-0.13871847,0.011802128,-0.1091907,-0.19422016,0.10250144,0.20753892,-0.005925348,-0.08607009,-0.11771362,0.14180472,-0.1968204,-0.23556447,-0.16336814,-0.06007136,-0.28860766,-0.19218744,0.008050032,-0.12549199,0.064497694,-0.1541492,0.14494193,0.0871839,0.024574358,-0.13872129,-0.1608221,-0.26323718,-0.27481517,-0.08979005,0.19090603,0.18790005,-0.21753907,-0.102846615,0.03237972,0.087187916,0.035225037,-0.14807151,-0.12567551,-0.2448339,0.12991066,-0.13606028,0.038790844
236,Citizen Ruth (1996),-0.08569449,-0.6056476,0.084180884,-0.046430837,-0.7227766,-0.0020407443,-0.21196109,0.11230784,-0.41125578,0.10900859,-0.09666117,0.22558485,0.17575274,-0.070826,-0.1431092,0.2689783,0.16631289,0.08693647,-0.09893506,0.07279128,-0.014239737,-0.03476589,0.038369216,-0.25802207,0.11900691,-0.17278178,-0.09602085,0.1280835,-0.055299114,0.06828307,-0.00036589405,0.10984741,0.1421198,-0.3444555,-0.0052407216,0.03693913,0.007431543,-0.21920192,0.07372991,-0.0015440133,-0.12214503,-0.18227959,-0.06797449,0.39130372,0.30793035,0.045900755,-0.03696017,-0.27791685,-0.11026725,0.06919268,-0.22460958,0.19343247,0.051839247,-0.26447618,-0.03158838,-0.0068286555,-0.07390265,-0.05960139,-0.044975158,-0.29437718,0.2652931,0.065895334,-0.14522767,0.028475313
237,Jerry Maguire (1996),0.21803649,0.06431599,0.15441689,0.017193152,-0.02059685,-0.11130332,-0.068200715,0.0018215773,-0.17661741,0.105482526,-0.088032484,-0.22339267,-0.19285393,-0.0051044244,-0.28795207,-0.070948124,0.013259066,0.17559746,-0.08173662,-0.04493958,0.22273098,-0.030613158,0.054707028,0.22240688,0.09832518,-0.19132097,0.1315939,0.035206053,-0.012716816,-0.17792483,0.2048414,-0.08145888,0.0519427,-0.22328606,-0.01516414,-0.060008716,0.053414002,-0.004530536,-0.075274386,-0.08676846,-0.16844493,0.082471,0.13886698,-0.12743847,0.057661787,0.091423094,-0.14431953,-0.3323255,-0.042070914,-0.030448046,0.2366497,0.22829981,0.03342483,-0.23902817,-0.2886851,-0.14129397,-0.28067085,-0.0026179245,0.0094089955,-0.024453707,-0.01896408,0.14335898,0.012771597,0.096303694
238,Raising Arizona (1987),0.09761828,-0.047053553,0.1217288,-0.028801737,-0.09422366,0.123516805,-0.23782805,0.102921695,-0.19279554,-0.14780127,0.052637294,-0.08858306,0.0020332402,-0.041884005,-0.06917862,-0.16152039,0.15179092,0.14839853,-0.005593222,0.16370265,0.015137246,0.025202988,-0.06026852,0.010223542,0.028057406,-0.14161694,-0.1804825,0.010545503,-0.06538069,0.011938543,-0.079306535,-0.042362772,-0.24301575,0.020575037,-0.013748347,0.013465688,0.114810735,-0.18037869,-0.02190722,-0.08576291,-0.055516653,0.067406595,0.016322518,0.14445435,0.054527562,0.041459396,-0.059266023,-0.27536586,-0.09658178,-0.073573306,0.06605744,0.07906462,0.05197117,-0.26064605,-0.27028382,0.12821597,0.13201246,0.008476085,0.105678275,-0.06513768,0.030111695,0.17268555,0.03973759,0.1011764
239,Sneakers (1992),-0.1842102,0.0060909004,0.26826108,0.056497037,-0.0882384,0.05147864,0.14870328,0.073029555,-0.15745275,0.23953299,-0.11836151,-0.11655347,0.20793773,-0.0028183018,-0.19754176,-0.09971752,0.08097824,0.30745152,-0.055183075,0.06482914,0.13934852,0.095556505,0.10769716,0.04849542,-0.11123773,-0.1775418,0.18681665,-0.12680973,0.07785182,0.23519552,-0.089185745,0.03578203,0.049183615,-0.07379516,-0.014209238,0.03954332,0.11662135,0.0030749757,-0.15148515,-0.09038977,0.00897782,0.05970747,0.041020505,0.2741976,0.0067956503,-0.010590545,-0.0017482607,-0.1582339,-0.11489361,-0.10660912,0.17946284,-0.019620871,-0.018501112,-0.21954945,-0.30443266,-0.21173415,0.06529515,-0.18114819,-0.021305561,-0.23439425,-0.2211674,-0.029810736,0.042028412,-0.08282095
240,Beavis and Butt-head Do America (1996),-0.27090552,-0.063139684,0.10234234,-0.040595103,-0.51369244,0.18203959,-0.1764702,-0.15448265,-0.030836308,-0.2288646,-0.12080302,0.11390331,0.1421287,-0.18391186,-0.123739436,0.12730256,-0.05630736,0.10164345,-0.1649808,0.19131015,0.080945775,0.10427536,0.0034974853,-0.025672209,0.32643515,-0.020415045,0.022480657,0.10813202,0.14426933,-0.07328118,0.040078428,-0.036709037,0.13177441,-0.23208459,-0.11198611,-0.47351,-0.013243691,-0.10650363,-0.10478839,-0.054058764,-0.1723962,-0.06555684,0.0072071985,0.27954885,-0.0060145655,-0.112111375,-0.14958267,-0.24547972,-0.031076634,-0.3816654,0.10655621,0.1191936,0.30030146,-0.4402684,-0.06110885,-0.062551364,-0.06377414,0.0038825423,0.23655143,-0.26449737,-0.20073684,0.1817441,-0.09987669,0.04797726
241,"Last of the Mohicans, The (1992)",-0.0054587354,0.0021295045,0.13098861,-0.21449171,-0.19913968,0.16568032,-0.100023165,0.002930916,-0.104921035,0.12474032,0.057806294,-0.13453421,0.23876329,-0.06375852,-0.3404869,-0.044103444,0.10354002,0.15387881,-0.0066774683,-0.03445598,0.090113774,0.07725469,-0.073825374,-0.1507635,0.013439901,-0.16446276,0.5181597,-0.11358671,-0.076452844,0.22224621,0.16278872,-0.15088983,0.108922675,0.036868963,-0.16819033,-0.0068627023,0.113845445,-0.002975041,-0.14263861,0.005022495,0.061002392,0.038169444,0.054287307,0.13294189,0.057368163,0.070292346,0.0771651,-0.17096727,-0.06319929,-0.14623672,0.23867178,0.27035406,-0.107039824,-0.21697465,-0.16745879,0.034724418,0.0745026,0.0054444387,-0.0013607548,-0.077645846,-0.20252033,0.008828804,0.24336852,0.000117206975
242,Kolya (1996),0.13856375,-0.39386824,0.50673264,0.19744825,-0.025311397,-0.2173442,-0.15093529,0.06795486,0.23697491,-0.10866722,-0.11245797,-0.27939543,0.33335835,0.11240911,-0.16131344,-0.13710932,-0.01841553,0.111650035,0.019996658,0.076423675,-0.1580876,-0.2823529,0.07647309,-0.31266806,0.34677047,0.38825175,-0.115952246,-0.05138859,-0.47581944,0.13478173,0.21507919,0.061467003,-0.22448601,-0.18334004,0.26432028,0.046129115,-0.09868271,-0.08126032,-0.2886846,0.17679186,-0.006096763,0.30502272,0.7312378,0.09289634,0.29846486,0.030514905,-0.33867192,-0.4270802,-0.2423377,-0.036043823,0.16338407,0.25681776,-0.022584103,-0.14104302,0.28295055,0.1422759,0.04957362,0.17290607,-0.44490054,-0.4086791,-0.16719386,0.22096892,-0.10184862,-0.112922125
245,"Devil's Own, The (1997)",0.004337417,-0.26295248,0.3626981,0.35137168,-0.2523427,0.06777659,0.27350888,-0.08654638,-0.46539012,0.19865157,-0.18158382,-0.037546307,0.12899646,-0.06917941,-0.16102213,0.072568364,0.044989616,0.2981115,0.3370161,0.25813657,0.1966719,0.024557197,0.047309093,0.01198465,0.28247234,-0.32980546,-0.09001016,0.5861449,-0.15638453,-0.06610541,-0.0061258134,0.07666353,0.20413452,-0.037991382,0.11095303,-0.3162206,0.00686216,-0.06364614,-0.2077678,-0.14260904,-0.19725618,0.02942467,0.14095968,-0.092341445,-0.08929045,0.5988344,-0.19818781,-0.47740126,-0.14286914,-0.23315664,-0.012800573,0.34234068,-0.14795071,0.0848504,0.034764696,0.02319314,-0.4821653,-0.5631228,-0.22930908,-0.3132697,-0.12176373,-0.20212261,-0.026308287,0.25800735
246,Chasing Amy (1997),-0.09215026,0.018848412,0.4285096,-0.03271911,-0.1951249,-0.05336472,-0.2799926,0.17336014,-0.057822704,0.014650549,-0.25196835,-0.3925306,0.107797325,-0.0023006522,0.088916734,-0.134837,0.098085485,0.0690838,0.08556125,0.2181617,0.18983841,-0.08551014,-0.023148267,0.03769926,0.20767881,-0.104507394,-0.0038446006,-0.010152726,-0.068366885,-0.053221647,-0.123639844,-0.00086987036,0.21322985,-0.1528802,-0.17180507,-0.16740641,-0.17694716,-0.14094378,-0.27336267,0.15090787,0.021690488,0.13552275,-0.021513568,0.34194252,0.10069549,0.0044848532,-0.2835578,-0.023277514,-0.14595033,-0.24458757,0.15299132,0.33428577,0.11231659,-0.3270283,-0.124524005,-0.15490752,-0.076544516,0.07626629,-0.07518633,0.0483305,0.046402466,-0.04516086,-0.16962141,0.14165287
248,Grosse Pointe Blank (1997),0.19196065,0.021543216,-0.0650821,0.08698773,-0.024103105,0.073504634,-0.15155879,-0.049160827,0.004501271,0.13562587,0.0067078485,-0.19827618,0.18771021,0.12309037,-0.08287138,-0.14890607,0.14412527,0.11912674,0.03923745,0.086661786,0.2100259,-0.050210286,-0.117612414,-0.03569652,0.17255655,-0.027135452,0.07969687,-0.042472973,-0.24465421,0.20023845,-0.12809096,-0.07172894,-0.013511982,-0.08836474,-0.035921473,-0.06085509,-0.12932448,0.109937586,-0.23955142,0.23216623,-0.35110697,-0.020087507,0.10542027,0.25370988,0.16750973,-0.035668053,-0.13288584,-0.1277696,-0.040273383,-0.2066201,0.096207246,0.1940478,0.049372833,-0.40437022,-0.090098225,-0.114235096,-0.11267764,-0.22841044,0.0090824,-0.02620143,-0.16232827,0.13513738,-0.045179,0.25916258
249,Austin Powers: International Man of Mystery (1997),-0.09944818,0.035003617,0.15981616,0.25338942,-0.47912523,-0.10212547,0.086877264,0.29883832,-0.32552558,0.2729529,-0.15881632,-0.094898835,-0.22856475,-0.04830467,-0.14770316,-0.11549964,0.06807015,0.20279273,0.28372198,0.16621096,0.15446767,-0.18080273,-0.008762756,-0.077913165,0.44721168,0.06338285,0.039572548,0.23641425,-0.05273971,-0.17601526,-0.14966752,-0.008899455,-0.04842975,-0.26523626,-0.30077705,-0.22206056,-0.14336707,-0.2371102,-0.15748104,0.17267671,0.048863944,-0.20014757,-0.1394403,0.18432069,0.11716455,-0.03372301,-0.19653311,-0.009476045,-0.29538158,-0.3669139,0.08487411,0.013109908,0.09036676,-0.48542526,-0.1561825,0.010012147,0.001075039,-0.057041887,0.054688428,-0.1287114,-0.021845322,-0.02514137,-0.043748524,0.18828985
250,"Fifth Element, The (1997)",0.1125825,-0.07007557,0.23714544,0.22733599,-0.15834504,0.18056175,-0.07258389,0.048959665,-0.25088912,-0.0038917542,-0.08073957,-0.29175237,0.17298526,0.25847957,-0.063912414,-0.04847478,0.3417791,0.21718344,0.14339353,0.063429534,0.483217,0.052435443,-0.11797189,0.10688283,0.07676277,0.04581892,-0.01523245,-0.079106964,-0.17397802,0.1014342,-0.024156041,0.11093746,0.028072946,-0.048151758,-0.018599218,-0.2380815,-0.003998752,0.035185218,0.12793982,-0.0042527323,-0.045967422,-0.040087678,0.056478757,0.2564651,-0.019014819,-0.11772691,-0.051639486,-0.09289851,-0.13225149,-0.15871136,0.118178,0.050352484,0.04193119,-0.36803344,-0.14831932,0.13940975,-0.2604407,-0.0328157,0.15928791,-0.12020553,-0.25027937,-0.06494406,0.029172672,0.1893553
251,Shall We Dance? (1996),0.104146175,-0.42834574,0.4731529,0.044497203,-0.27362385,-0.19872475,-0.37148535,-0.03508417,0.020012174,-0.16142495,-0.39138365,-0.1864037,0.3810657,-0.07993262,-0.094578154,-0.46599716,0.1286086,-0.06193754,0.010071586,-0.18893467,-0.11518779,-0.46251374,-0.12504518,-0.21494977,0.38091913,0.418799,-0.27441657,-0.36848328,-0.3923406,0.20816289,0.14701883,0.15559949,-0.041251596,-0.47211805,0.18089803,0.30059785,-0.16772492,-0.050014738,-0.10965189,0.20463327,-0.25574654,0.54507864,0.42598668,-0.10969291,-0.021663757,0.06468844,-0.22791696,-0.20995758,-0.45450872,0.30853418,0.07613118,0.4566686,0.005495908,-0.23590265,0.11121384,0.3188067,-0.13704489,0.18973243,-0.2225689,-0.29198048,-0.07167478,0.026696607,-0.3417043,0.041537534
252,"Lost World: Jurassic Park, The (1997)",-0.32875273,-0.0587958,-0.015190986,0.13312192,-0.49333736,-0.01618705,0.3339558,-0.008948592,-0.26101333,0.15166195,0.011459271,-0.37114856,0.14314671,-0.10673583,-0.32453403,-0.17275052,0.29570222,0.5776458,0.09677596,0.08224314,0.056308527,0.19475962,0.055622026,-0.1617315,-0.08786431,0.059534088,0.023665046,0.09990455,-0.08255667,-0.047629,0.10126851,-0.0030155054,0.1954641,-0.26302534,-0.19930255,-0.102238655,0.05217239,-0.24176887,-0.08495357,0.13820475,-0.14397232,0.15178357,-0.18131232,-0.010859761,-0.14509195,0.03190032,0.30897138,-0.1920524,-0.3646161,-0.20149304,0.00789146,0.09319267,0.11661108,-0.2150221,-0.17600758,0.05380992,-0.20482159,-0.34743658,-0.05836971,-0.31800637,0.043460615,0.2407948,0.33517718,0.17458132
255,My Best Friend's Wedding (1997),0.11550014,0.037092492,0.1411541,0.32998356,-0.109071024,-0.23135448,0.01583256,0.112268865,0.021277344,0.058797244,-0.3415632,-0.18459116,0.18631402,0.105448425,-0.5442877,-0.2906194,0.06713706,0.26410338,0.28187132,-0.010495851,0.076195724,0.071685955,0.1387801,0.09921108,0.25943783,-0.2559103,-0.14902374,0.25895125,-0.2158735,-0.065536134,0.19326177,-0.18113972,4.4200555e-05,0.04399915,-0.06442538,-0.028540032,-0.15641941,0.022439852,-0.20264974,0.0479056,-0.17701426,0.15226634,0.004250832,0.16874218,-0.18724857,0.0915287,-0.0025671425,-0.3044414,-0.5065929,-0.21054026,0.101732194,0.022858586,0.17271203,-0.1760169,0.003850205,-0.039494123,0.06211938,-0.1802356,-0.2224692,-0.27483594,-0.19258325,-0.039747246,-0.036942065,0.19554785
257,Men in Black (1997),0.2266654,0.08730317,0.12169293,-0.01677068,-0.100738466,0.02069699,-0.006366403,0.054217428,-0.17399664,0.034615118,-0.12875262,-0.10722595,0.055541884,0.11280962,-0.19809994,-0.032198586,0.218789,0.032975465,0.0015046207,0.004158663,0.2940568,-0.04582009,0.108588725,0.09499791,0.025076501,-0.075890906,0.024494179,-0.075649545,-0.14796853,0.030963091,0.106771335,0.06863176,-0.10597676,-0.15083244,-0.096262395,-0.17370363,0.048227537,-0.07585939,-0.097197644,-0.021970768,-0.13257968,-0.02252729,0.020390593,0.23859833,0.062369093,-0.012510042,-0.122617565,-0.19424957,-0.17249104,-0.06864044,0.22917427,0.16845547,0.032587748,-0.17435029,-0.24592495,-0.02545656,-0.1711709,-0.035949282,-0.008062051,-0.044333693,-0.23738128,-0.023992546,0.113336354,0.29346818
258,Contact (1997),0.015553799,0.009284243,0.15515351,0.011315712,-0.028083552,-0.03532003,0.04598503,0.085253105,-0.18929216,0.066118106,0.12113927,-0.035061777,-0.054552387,0.35398978,-0.32556725,-0.13763906,0.087261826,0.07952069,0.021427816,-0.11455092,0.23330797,0.025198605,0.15142375,0.00064780645,0.10873868,-0.16442238,-0.028388059,-0.089712135,-0.12448528,0.112142384,0.07586594,0.2409568,-0.0998168,-0.15443136,-0.0934657,0.08455801,0.021931585,-0.16960612,-0.12523676,-0.17558248,0.036476117,0.0430452,0.16951685,-0.01153865,0.17665507,0.20377983,-0.081592046,-0.17987484,-4.3043976e-05,-0.137957,-0.03282732,0.434809,0.02706527,-0.15575375,-0.3490601,-0.028030977,-0.29265246,0.19379923,0.007970531,-0.19948487,-0.06878248,0.17170139,0.0075806123,0.29021809
259,George of the Jungle (1997),-0.12749393,-0.18065889,0.14051771,0.13535012,-0.32317013,0.2708882,0.51214075,0.09518187,-0.2507919,0.3016829,-0.23092248,0.0033860647,0.2083535,0.023490574,-0.30220717,-0.046137404,0.027526751,-0.10905847,0.42030847,-0.12801988,0.17433448,-0.027928907,0.09587365,0.20437627,0.16363919,-0.23562509,-0.029908719,0.44593018,-0.09030863,0.16414973,-0.1946817,-0.021059342,0.064804696,-0.3682869,-0.19871369,0.16306472,-0.113587886,-0.37597978,0.092547566,-0.10987076,-0.16357954,-0.31048283,0.039330363,0.13291654,-0.043587945,0.2686267,-0.15249363,-0.23123805,-0.33966735,-0.23997039,0.15668267,0.2933138,-0.16215698,-0.24140431,-0.22811165,-0.15766151,-0.29710823,-0.40803993,0.16985694,0.11208412,0.027024107,0.1504208,0.0860755,0.4082227
260,Event Horizon (1997),-0.020925727,-0.21839803,0.19653569,0.42507908,-0.4766819,0.340853,0.5169356,0.43882295,-0.6998834,0.09813351,0.12483454,-0.33017343,0.6462882,0.29871774,-0.034748897,-0.11911547,-0.12128731,0.15688747,-0.07151159,-0.29340804,0.1272042,-0.33599907,0.030355839,0.09714785,0.25226018,0.045130372,-0.15132098,-0.17680635,-0.04975457,-0.46596605,-0.16512601,0.053248294,0.39535573,-0.14383723,-0.04788765,-0.0988981,-0.019515295,0.12123287,-0.34619087,-0.060757827,-0.3048711,0.062767915,0.25431955,0.4935022,0.07109608,0.14067909,-0.19608204,-0.26892573,0.009799154,0.1074125,-0.23773594,0.4545311,-0.015953641,-0.043802507,-0.3314095,0.06526992,-0.041835297,0.03084966,-0.070520446,-0.33498326,0.18198775,0.298848,-0.2195071,0.25050732
262,In the Company of Men (1997),-0.11105045,-0.47731346,0.34110883,0.24122368,0.2248771,0.15962048,-0.21539927,0.6135967,-0.39505768,0.07691242,0.23467791,0.09011934,0.55128384,0.01679819,-0.5194917,0.006196449,0.022604661,0.09119185,-0.0032142666,0.31396645,-0.27218053,-0.035296004,0.20212545,-0.45130822,0.27213216,0.11108081,-0.11816092,-0.3710421,-0.79809856,-0.15925097,0.14218569,-0.39742723,-0.21948357,-0.17582782,0.083345436,-0.29099783,-0.08008846,0.2237278,-0.6670768,-0.3543446,-0.10895387,0.25630024,0.35975504,-0.085076906,0.6445746,0.20542425,-0.26382846,-0.21567127,-0.30911753,0.3336816,0.22838455,0.51926863,-0.2844402,-0.24432519,0.26183176,0.08431591,-0.29871807,0.030573675,-0.087150335,0.032585453,0.44005454,0.15451549,-0.065281905,0.24150494
265,"Hunt for Red October, The (1990)",0.07458018,-0.043884214,0.2640663,-0.04312898,-0.15933286,0.18630165,0.11823441,0.035771202,-0.054273155,0.14807156,-0.10730619,-0.025148522,0.073032126,-0.011457462,-0.05610893,-0.24068964,-0.051669974,0.072771154,-0.058449756,0.12726712,0.1886181,-0.07981874,-0.1106278,-0.12147183,0.0006197536,0.006334699,0.06303816,-0.053123537,-0.10300101,0.20347492,0.13104317,-0.07252515,-0.0306532,-0.07566085,-0.015501367,-0.16382414,0.061541215,-0.05987633,0.03420361,0.012011439,-0.055457603,-0.08123369,0.025270613,0.08037308,0.012348267,0.23412903,0.003739324,-0.28686848,-0.026046189,-0.29692057,0.026663464,0.00054775923,-0.07537375,-0.13660254,-0.26989928,-0.13851765,0.04420705,0.04858507,0.08304582,-0.18411751,0.009001877,0.046467297,0.013716754,0.10064186
268,Chasing Amy (1997),0.03253632,0.005974854,-0.023150112,0.029884081,0.09957984,0.05317335,-0.11701089,0.2304856,-0.056429353,0.0041142106,0.2035805,-0.14836459,0.100695565,0.21656474,-0.1427346,-0.09675116,0.1247539,0.29913166,0.14310718,0.10600476,0.3996996,-0.28311723,0.023471989,0.15340675,0.12616542,-0.19714525,0.06510276,0.110208414,-0.27492577,0.1300677,-0.045669284,0.054990314,-0.010516759,-0.037175924,0.10536874,0.02238219,-0.1395596,-0.027285438,-0.1832183,0.09824313,0.06058449,0.22821014,0.047346294,0.06465445,0.17723756,-0.07091856,-0.07832312,-0.21751513,-0.07121014,-0.17495906,0.0005997406,0.31322902,-0.03157717,-0.58841103,-0.12795998,0.004631383,-0.32183754,0.08356047,0.1084429,-0.121090226,0.041509572,0.17127024,0.071238324,0.21171169
269,"Full Monty, The (1997)",-0.15177245,-0.070436396,0.11931388,0.22381334,0.3176995,-0.014394733,-0.07060941,0.17072387,-0.11455463,-0.015373178,0.17348792,-0.092769064,0.13856071,0.12142824,-0.16792461,-0.18105347,0.011544124,0.33180866,-0.15211158,0.04224129,0.35119158,-0.1139504,-0.09992388,-0.09969105,0.30344835,-0.1695064,-0.22219051,-0.19615324,-0.26329434,0.27883694,-0.003572155,-0.017480912,-0.19295679,-0.2201859,0.060865436,-0.100075334,-0.11145803,-0.005333447,-0.21053427,-0.057724234,-0.09336612,0.21300563,0.31714937,0.07126318,0.19106236,0.17539066,-0.100873604,-0.052747592,-0.1237203,-0.06063824,-0.06720012,0.15924172,0.1770131,-0.12702881,-0.10778893,-0.22923055,-0.24293868,0.019538997,0.16585922,-0.0646119,-0.13471414,0.11903064,-0.06521989,0.11883535
270,Gattaca (1997),0.15788093,-0.4242391,0.2596956,0.28546765,-0.012052148,0.02217721,0.34174162,-0.1071832,-0.30498904,0.3145784,0.05736041,-0.019059489,0.51874155,0.28342864,-0.31086615,-0.056424025,0.0037721363,0.11232968,0.2440429,0.28773147,-0.0070251874,-0.18495412,-0.06685292,0.05572462,0.4952366,-0.1345265,-0.27023423,0.11455053,-0.01775171,-0.16639258,0.00728383,-0.14237206,-0.16114686,-0.24595283,0.3862139,-0.41977137,-0.042337254,-0.14126755,-0.29727745,-0.080533475,-0.25567627,0.053490613,0.073708855,0.12530535,0.088228166,-0.30626404,-0.36836323,-0.0968223,-0.12659018,-0.16649188,-0.030528093,0.41575626,0.06259373,-0.3178773,-0.21363626,0.13762887,0.08544918,-0.26906857,-0.040374566,-0.14040057,0.124344036,-0.06621622,0.10387793,0.14147252
271,Starship Troopers (1997),0.17105946,-0.0688577,0.011756047,0.3780641,-0.07785183,0.36842558,0.14436826,0.29122663,-0.7032865,0.069081225,0.13374974,0.0005836568,0.16873233,0.29381177,-0.2891871,0.076284,0.111852445,0.026174208,-0.024634795,0.06348922,-0.077913314,-0.032599688,0.23369677,0.21960288,0.31276172,0.104145825,-0.2538052,-0.00907766,0.054876756,-0.07239359,0.2037111,0.08807922,0.1725036,-0.2413035,0.07777644,-0.3849178,0.10921665,-0.27956522,-0.46463296,0.016054165,-0.1390339,0.05253804,0.118255995,0.20627193,0.1646924,-0.18640599,-0.106979005,-0.10240135,-0.25061914,-0.24450468,-0.14985852,0.66018623,-0.10294209,0.04209426,-0.19102292,0.008094204,0.12685576,-0.0282822,-0.012350895,-0.11780647,-0.044157322,-0.09528063,-0.17179388,0.21840124
272,Good Will Hunting (1997),0.08793936,0.08878057,0.09860081,0.058146644,0.0031627242,-0.004753403,0.07181856,0.17907463,-0.15392329,0.038778313,0.28491235,0.012375671,0.15305284,0.20072092,-0.32906148,-0.18860674,-0.05405274,0.09996594,0.10855941,-0.096703626,0.50493836,0.09580239,-0.1506142,-0.04796018,0.31603163,-0.21854527,0.019206615,0.015720675,-0.62262315,0.06782053,0.09491476,-0.11286954,0.013833301,-0.28488618,0.13572249,-0.11716931,0.021183748,-0.08006552,-0.36449194,-0.2815126,-0.15166527,0.15026681,0.08158021,-0.14467315,0.22148202,0.07850317,-0.15713657,-0.11304581,0.062276144,-0.13277204,-0.024763886,0.4285992,0.061297517,-0.006837871,0.0021583282,-0.04458999,-0.045015246,-0.047186457,0.06387277,-0.014889294,-0.25864595,0.2234685,-0.14259715,-0.067948475
273,Heat (1995),0.040350605,0.055674676,0.23415318,-0.17518736,-0.11875864,0.2079222,-0.15011388,-0.03833797,-0.20229068,0.03568651,-0.39836717,-0.21932392,-0.19758217,0.2779179,-0.08981336,-0.14051554,0.18434009,0.10055257,0.1843445,0.13835937,0.27984282,0.019455675,-0.027019583,0.23064359,0.15965095,-0.21781656,-0.0738053,0.092451744,-0.20747915,0.055480514,0.0025870893,0.1611149,0.22215572,-0.08103551,0.08479428,-0.29490656,-0.060827523,0.16567199,-0.15304321,0.049253393,-0.18330272,0.049477316,0.03392992,0.30352366,0.02541773,0.09528422,-0.2316427,-0.1969645,-0.1267401,-0.07103872,-0.03648269,0.2510247,0.13084683,-0.19939105,-0.18798622,0.113105826,-0.066298485,-0.27504107,0.05895843,-0.08789485,-0.021814648,0.075928144,-0.00055512803,-0.04946572
274,Sabrina (1995),0.10491408,-0.091456436,-0.026747061,-0.05911968,-0.19042937,-0.073015496,0.019634219,0.064100444,-0.09422166,0.38231757,-0.0075708358,-0.32562998,-0.012105343,0.10949605,-0.32756108,-0.037021503,0.03812933,0.28429222,-0.056313396,-0.084185965,0.06770006,0.110166885,0.0063371165,0.22715965,0.242585,-0.22408937,0.04461932,-0.11499948,-0.038686506,0.090642944,0.15972295,-0.004480868,0.036896314,-0.12549685,-0.22840163,-0.07469244,-0.01678043,0.018780384,-0.13798663,-0.2935823,-0.4601867,0.052385107,0.09668992,0.16072157,-0.22248292,0.10035329,0.102813214,-0.064237416,-0.14128622,0.043406587,0.15951933,-0.0033026822,-0.10026848,-0.12127535,-0.15891986,-0.031583507,0.22085401,-0.24466743,-0.08600071,-0.34552145,-0.13125616,0.1240793,0.037233334,0.18054102
275,Sense and Sensibility (1995),0.0030576813,0.14200413,0.22320972,0.10857583,0.005159529,-0.06526114,-0.24731465,0.082859494,0.036942113,-0.12403445,-0.10931812,0.015483979,0.14192283,0.052241635,-0.22469696,-0.174144,-0.012346799,0.36498424,-0.09753459,0.031313926,0.041087653,-0.050235648,-0.020854449,0.0146130165,0.17941062,-0.06048518,-0.07577305,0.1806099,0.06378894,0.32567984,-0.034867108,-0.04107649,-0.09593131,-0.30924034,-0.21763694,-0.05061739,-0.077751264,-0.1355353,-0.25666574,-0.028087849,-0.09212348,0.17750849,0.36847654,-0.21178026,0.0403608,0.1983854,-0.08574216,-0.23192738,-0.2379693,-0.068968765,-0.024838483,-0.065631285,-0.016014857,-0.08644418,-0.12875503,-0.02577205,0.024629183,0.05613768,-0.027574362,0.10139033,-0.013084048,0.21086268,-0.0006249365,0.33527398
276,Leaving Las Vegas (1995),0.14717676,0.1568228,-0.039869327,0.08983231,-0.14528053,0.02587537,-0.29029733,0.13581724,-0.19680943,-0.058000363,-0.16989845,-0.073906474,0.1925723,0.10410182,-0.1878553,-0.040722538,0.0772627,0.2416039,-0.14584926,0.056300014,0.15169826,0.0009365279,-0.21321066,0.019405523,0.16539314,-0.08861278,0.06532941,0.051823493,-0.2547026,0.03671525,0.06498266,0.094645746,0.063363016,0.03269966,0.02495024,0.124662966,-0.03713363,0.017134188,-0.17645665,0.048856128,-0.07858133,0.033792183,-0.037548054,-0.121883705,0.0674023,0.11824963,-0.12422804,-0.120583214,-0.075232446,-0.16365576,0.122666515,0.32850733,0.19659427,-0.13437209,-0.1524272,-0.08531229,-0.06969419,0.07013931,0.12707268,-0.15149744,-0.017093971,0.30166093,0.022994041,0.2600919
277,Restoration (1995),0.0067885094,-0.58478385,0.47210586,-0.077470355,-0.43847993,0.045413405,-0.03635523,0.00160256,-0.30392444,-0.13058229,-0.10163656,-0.021483982,-0.051219806,-0.04006542,-0.4802922,0.10692865,0.149261,0.31546918,0.054352198,0.24837093,-0.012671776,0.05169107,-0.027011914,-0.28646308,0.2259561,0.14388035,0.22248396,-0.180127,-0.29960847,0.00034692776,0.10080705,-0.11106496,0.045622397,-0.15755567,-0.052426185,0.27950394,-0.24570224,-0.083524846,-0.08299354,0.24273151,-0.27036157,0.17444487,0.29010758,-0.15239672,-0.16913535,0.19068578,-0.008739651,-0.19013171,-0.26834843,0.21617194,-0.030869395,-0.09190334,0.023816166,-0.07587448,-0.092624806,0.063612945,-0.03248963,-0.11349605,-0.2101353,-0.45054474,0.24619994,-0.1717393,-0.11935048,0.16034883
280,Up Close and Personal (1996),0.057469502,0.020451957,0.13715993,0.14698173,-0.4686206,-0.011119063,0.21057317,-0.24925354,-0.07323317,0.20760082,-0.1676878,-0.16681053,-0.12214018,-0.11631188,-0.13228984,-0.09561439,0.39461908,0.25740486,0.08230572,0.010811423,0.35710472,-0.22753423,0.19164,0.019598115,0.1655358,-0.14075059,0.06459097,-0.13374877,0.21223888,0.052021652,0.042290486,-0.18394293,0.32875127,-0.58165306,-0.18839675,0.04645596,-0.10028916,0.0069641136,0.1309543,0.07645303,-0.41553426,-0.009398556,-0.1552877,-0.23405145,-0.19360997,0.03493597,0.066988654,-0.2792468,-0.59978926,0.061540175,0.55846953,0.28113103,-0.056552652,-0.06680205,-0.08923776,-0.07819094,-0.40760958,-0.58291095,-0.084443636,-0.50810754,-0.19037296,-0.065190814,0.20856415,0.056162562
281,"River Wild, The (1994)",-0.14773786,-0.08228896,-0.07511848,0.16406775,-0.19258115,-0.16088244,0.3013761,-0.120198324,-0.23282616,0.27527195,-0.038734443,-0.2923887,0.08097764,-0.030917084,-0.31742993,-0.22150494,0.2717795,0.577611,0.11316196,0.08478086,0.19974092,0.12568463,0.48726198,0.1830164,0.25307068,0.13252382,-0.12547451,0.19804426,0.014633371,0.12456518,0.2757962,-0.036791813,0.22797939,0.029928759,-0.029021477,-0.06491909,-0.061599128,-0.24473605,-0.011900202,0.18367283,-0.2750692,0.09439823,-0.22344264,-0.10976452,0.146543,0.10279585,0.12641205,-0.034460254,-0.36654764,-0.05707186,0.18034017,0.12205499,0.051441606,-0.2788383,-0.34841526,0.103326865,-0.16900328,-0.35455403,-0.26262656,-0.7363994,-0.1369463,0.02651495,0.0039379457,0.23097119
282,"Time to Kill, A (1996)",0.18596473,0.28374773,0.41514766,-0.03462024,-0.09973585,-0.048351523,-0.20591457,-0.15488252,0.025554482,0.13197337,-0.28790075,0.085016966,-0.053202275,0.11732836,-0.3556639,0.21398075,-0.05496937,0.1405145,0.20186728,-0.035905864,0.2052316,-0.0133653525,-0.0065174205,0.070462584,0.16768323,0.043555483,0.11087951,-0.13283834,0.019957917,-0.0342867,0.08427859,-0.038836133,0.08929166,-0.11569082,0.008891058,-0.16635935,-0.14565453,0.11619691,-0.24157448,-0.14494897,-0.22187154,-0.11595619,0.042776957,0.18107764,-0.20419823,0.013350971,-0.08231405,-0.32401937,-0.32339138,-0.17084332,0.114254445,0.22746883,-0.020601077,-0.12919545,-0.245904,-0.07454554,-0.15974899,-0.23990555,0.033223428,-0.13606888,-0.078137875,0.11148024,0.012478663,0.2197395
283,Emma (1996),-0.17850865,0.0072904346,-0.037199304,-0.0077890633,0.23585989,0.05099173,-0.18433459,0.07259463,-0.2285103,-0.18026134,-0.18812333,-0.21310773,0.1773441,0.059616752,-0.3042746,-0.30517268,-0.028798651,0.05685584,-0.08246145,0.071585506,0.0922662,-0.08392037,-0.112205185,0.051841862,0.33970731,-0.042446006,0.119896576,-0.066719696,-0.09160572,0.17328231,0.08572826,-0.1370272,-0.2827828,-0.07199229,-0.38532758,0.0064640054,0.19298974,-0.03923989,-0.2678692,0.114187,-0.41429293,0.2202407,0.22215573,0.15821116,-0.14963947,0.19591628,-0.040414635,-0.32303897,-0.26897633,-0.19951649,0.11654829,-0.03169153,-0.1233571,-0.11800943,0.041067164,0.035283614,-0.063661814,0.17594379,-0.21250868,-0.13577293,-0.14532787,0.20031677,-0.24647738,-0.021678729
284,Tin Cup (1996),-0.032423023,0.1696048,0.109918386,0.09386051,-0.027524227,-0.18921967,0.013078832,0.21593356,0.034805354,0.03593501,-0.23487754,-0.21995701,0.059413232,0.06751266,-0.17276622,-0.17434846,0.004034238,0.034971386,-0.14663093,0.15229493,0.20828258,0.15067986,0.04949497,-0.017216643,0.027244631,-0.21920404,0.035952605,0.13431258,-0.2980247,-0.047092274,0.08067988,-0.15139428,0.13784201,-0.039712,-0.17590587,-0.17292745,-0.124427006,-0.06357887,-0.30086878,-0.11024024,-0.33036783,0.0664492,-0.08734084,0.27399573,0.06204218,0.18296336,-0.050717,-0.2784374,-0.2872098,-0.21326463,0.15497757,-0.15081938,0.22328477,-0.19635281,-0.119269416,-0.19650671,0.05778375,-0.17831674,-0.011459032,-0.20592599,-0.13587563,-0.1451474,0.01783339,0.3129543
285,Secrets & Lies (1996),-0.32901892,-0.13476579,0.18865559,0.28698006,-0.01637854,-0.19211833,-0.39061955,0.14127062,-0.04735788,-0.273079,-0.06371512,-0.07184686,-0.04070478,0.050431196,-0.1436384,-0.05575215,0.012114238,0.36508805,-0.3224686,-0.0718209,0.15975666,-0.1683113,-0.2659355,-0.06847378,0.22571227,-0.022897335,-0.070646174,-0.10150106,-0.1974114,0.09708084,0.08738975,0.095650464,0.0024335878,-0.00091801316,0.1453234,-0.09984629,0.03571882,-0.04494418,-0.19592507,-0.07839918,-0.16355488,0.22663529,0.096664466,0.0048514893,0.23727934,0.13443358,-0.10168594,-0.06011873,-0.35110953,-0.1608779,0.1856441,0.20580404,0.048182026,-0.23095858,-0.034166016,-0.088335656,-0.0030687233,0.19590308,-0.07685157,0.009300856,-0.3186906,0.07006248,0.14072022,0.2052293
286,"English Patient, The (1996)",-0.118576705,-0.009529196,0.21908838,0.07090005,0.16204263,0.042019434,-0.098967336,0.04149783,-0.0553087,-0.18702212,-0.003942309,-0.04607832,0.11549141,0.13783495,-0.29580662,-0.10077984,0.0890687,0.3228469,-0.12429509,0.016130958,0.22295396,-0.045242775,0.07835621,-0.0066430597,0.24900904,-0.17061861,0.034698185,0.12525028,-0.15994436,0.31816903,0.08282885,-0.02877101,-0.071410716,-0.1429554,0.036275238,0.008018056,0.06739934,-0.09307185,-0.28410855,-0.08847278,-0.041826263,0.104426056,0.30249128,-0.20455089,0.23952758,0.23737495,-0.16589053,-0.14840782,-0.14858393,0.14867961,-0.17525445,0.21424888,0.061928034,-0.10313274,-0.20883563,-0.13420464,-0.2843157,0.037736114,0.21043037,-0.011178768,-0.07281738,0.20385726,-0.05356646,0.19512628
287,Marvin's Room (1996),0.06792173,-0.281543,0.26358986,-0.008294896,-0.30165657,-0.29182285,-0.20243098,0.13326968,0.07180299,-0.07607305,-0.31451967,-0.15421699,0.06573905,0.1821644,-0.4052499,-0.10448096,0.2937545,0.36388534,0.0028985627,-0.02452102,-0.09645166,-0.16635197,-0.0025305059,-0.25161546,0.3485913,-0.005744172,0.07166443,-0.20484795,-0.29423323,-0.2988036,-0.18168692,-0.09556861,0.26476756,-0.21064354,-0.16454239,0.28583956,0.117481604,-0.0813265,-0.18036632,0.19444378,-0.31752783,0.46465582,0.35115197,0.117485866,0.11742662,0.061849955,-0.07282207,-0.10119047,-0.43866217,0.09585865,0.21378641,0.13212001,0.18271108,0.08680846,0.060888696,0.26514333,0.08134129,-0.2971053,-0.34861916,-0.6321724,0.058022015,-0.00028870243,-0.33405462,0.17592768
288,Scream (1996),0.027060196,0.08566308,0.18137985,-0.09787829,-0.17961283,0.22124726,-0.011250902,0.006637991,-0.2765457,-0.045059945,0.008619173,-0.042515453,0.107549734,0.5480663,-0.3203269,-0.16972874,0.18079351,-0.13635233,0.057782806,0.035056446,0.5711111,0.059312105,-0.14560768,0.11090641,0.2000355,-0.30086964,-0.006825251,-0.059063666,0.010897964,-0.27266303,-0.026373914,0.17230646,0.09579306,-0.09078088,0.09675413,0.12842762,-0.061029527,-0.018023083,-0.14014642,-0.3486459,-0.15449359,0.019913226,-0.10038033,0.24295427,0.17883928,0.09721509,-0.049641907,-0.062044565,0.031514414,-0.04078426,-0.009007472,0.36065263,-0.093767144,-0.28718603,-0.07013183,-0.2808302,0.04030054,0.058962762,0.082110055,-0.3072333,0.11864137,0.025949152,-0.090945765,0.45788157
289,Evita (1996),0.3271082,-0.35735136,0.32552814,0.23176748,-0.2946156,0.097140215,0.19588439,-0.013465764,-0.20178267,-0.05085332,-0.17555757,-0.010522035,0.30498675,0.28700948,-0.2422771,-0.1213578,0.055550862,0.06873342,0.08086257,0.06152565,0.03234265,-0.25184703,-0.09219216,0.018680152,0.44414198,-0.04012189,-0.04773739,-0.1524895,-0.1356566,-0.22227041,0.025597049,-0.06438751,-0.021439612,-0.19128628,0.051671863,-0.214639,-0.24988389,-0.13478668,-0.2635203,0.07092111,-0.009390418,0.23626877,0.48223346,0.077348866,0.16439116,0.30906352,-0.060483783,-0.043650404,-0.37394744,0.06482626,0.054016758,0.21241905,-0.1313978,-0.17668062,-0.08589237,0.09503982,0.04134489,-0.16479273,-0.27140626,-0.21426976,-0.15345377,-0.14295533,0.044937782,0.09762832
290,Fierce Creatures (1997),-0.10285246,-0.31705213,0.28540096,-0.03384362,-0.3971831,0.1638822,-0.038792975,0.042274762,-0.37439692,0.16748431,-0.15924914,0.11167823,-0.0030726125,-0.03798937,-0.4770526,-0.10452559,-0.0003319309,-0.18288234,-0.046518866,0.23701638,0.020300845,-0.090886906,0.065494694,0.007816585,0.25645727,-0.027933924,0.042906538,0.021643272,0.12487663,0.005055666,0.072830155,0.079430506,-0.07392162,-0.32488346,-0.10438567,0.04035379,-0.24619547,-0.26668182,-0.11188487,0.24265939,-0.09934646,-0.05502701,0.0678391,-0.0273122,-0.20672053,-0.19817132,0.02816361,-0.22043689,-0.17153582,0.07723008,-0.16256449,0.19940367,0.22041103,-0.3038692,-0.24620204,-0.027791686,0.11382702,-0.27975595,-0.009993462,-0.070919216,0.023616992,-0.06640372,0.035712715,0.07635022
291,Absolute Power (1997),0.23068611,0.21256919,0.18267867,0.20975065,-0.5548766,-0.15245084,0.2955957,-0.21913171,-0.26946667,0.06724341,-0.09747975,-0.19647957,-0.07420201,0.12128209,-0.22702874,0.08164165,0.15579984,0.17700835,0.09534688,0.31848902,0.2841653,-0.018172853,0.13873069,0.0004831713,0.2520041,-0.12718453,-0.09925958,0.39264184,-0.039129626,0.19750226,0.03605504,-0.1908427,0.15262891,0.002545566,-0.054482993,-0.24065644,0.14610954,0.19272639,-0.10527273,0.07872165,-0.16594683,-0.091782264,-0.30033892,0.10175334,-0.13144563,0.20395528,-0.07107081,-0.3268919,-0.37267083,-0.16760373,-0.39265007,0.3428969,-0.12777026,-0.18487653,-0.112938486,-0.0072327387,-0.08273565,-0.4217654,0.038575742,-0.16631879,-0.2101654,0.006785963,-0.15051192,0.17771573
292,Rosewood (1997),-0.10558082,-0.18222196,0.3658024,0.299351,-0.15907717,0.07170135,-0.13205619,0.48587593,-0.49150795,0.075111985,-0.031059433,-0.123451106,0.7081541,0.2110748,-0.27400193,-0.11040092,-0.20689473,-0.14286363,0.10267333,0.011337404,0.03169765,-0.39785892,0.2897134,-0.15466389,0.39904207,-0.2122969,0.11897939,0.23912692,-0.19227533,0.04717355,0.048386913,0.027594607,0.063168846,-0.068948805,0.27812794,0.12911218,-0.070390195,-0.24952212,-0.26230448,0.15595426,0.07536761,-0.14452006,0.41451657,0.47092107,0.045953173,0.39240098,-0.18842734,-0.32093993,-0.20597738,0.25314033,-0.24526031,0.6818412,-0.17053114,-0.03289181,-0.09583028,0.24721593,-0.6423847,-0.22406001,-0.43498462,-0.09619163,0.36336917,0.1544809,-0.16979605,0.22063445
293,Donnie Brasco (1997),-0.035571095,0.20865,0.28713316,0.06779336,-0.08118377,0.227436,-0.24331596,0.044805415,-0.03947258,-0.0097409515,-0.19310206,-0.31267738,0.07929491,0.17308125,-0.1840628,-0.16559389,0.16509625,0.12969129,0.22449835,0.2129254,0.20550072,-0.005729727,-0.12396109,-0.028163336,0.0741174,-0.07498346,0.020770935,0.16289084,-0.25084412,0.08673078,0.05139153,0.0076325284,0.14412172,-0.073302776,-0.15824176,-0.20959044,-0.14636405,0.030617582,-0.10665713,0.18140052,-0.2498622,0.19618146,0.16792788,0.40360686,0.16086106,-0.03704688,-0.18131573,-0.10957073,-0.16988957,-0.31039396,0.06987574,0.25557923,0.06681972,-0.10757042,-0.036054853,0.19591185,-0.09808729,-0.18145205,-0.04132851,-0.10641636,-0.18600571,-0.15227617,0.00035775,0.15358007
294,Liar Liar (1997),0.21573023,-0.065171346,0.2971887,0.014954041,0.002676667,-0.015952416,0.27624997,0.013748166,-0.07288749,0.0894514,-0.08643888,-0.32337826,0.019030374,0.054337043,-0.43587205,-0.12221095,-0.020670207,-0.032639306,0.07068336,-0.21900451,0.36527118,0.2380619,0.13441305,0.21674855,0.26273915,-0.32094228,0.043813106,-0.13437703,-0.076857224,-0.08530408,0.013182055,-0.2040723,0.004219984,-0.13072295,0.03076322,-0.19713739,0.11574576,-0.19159994,-0.06836721,-0.25369126,-0.16924381,0.08674805,0.10661822,0.4148726,0.2354474,-0.05329251,-0.120482385,-0.3008404,-0.07287806,-0.10242742,0.052059375,0.08707103,0.047105923,-0.2281521,-0.20284526,-0.23818682,-0.22754389,-0.08653251,-0.1122976,-0.027252067,0.068025894,-0.033461776,0.07245437,0.21201803
295,Breakdown (1997),-0.17155966,-0.3687303,0.20922512,0.18308054,-0.36601618,-0.06459851,-0.16071974,-0.023007462,-0.35800517,0.07248991,-0.18788385,0.20080712,0.20682275,-0.30228984,-0.28062558,0.00081493973,-0.039477974,0.034098584,0.04138537,0.19983429,0.21945441,-0.061918475,0.28283545,-0.20223987,0.100984834,-0.018128676,0.07715208,-0.036005087,-0.04998532,0.19180585,0.23172058,0.026822634,0.14083073,-0.45086578,-0.15537362,0.2855996,0.07116312,-0.1080948,0.1964194,0.1625247,-0.25999695,-0.05898211,0.047572378,-0.10490865,0.17883609,0.22290508,0.17725791,-0.26897576,-0.36314243,0.138701,-0.017476842,0.09256008,0.05033732,-0.21505122,-0.102887705,-0.03210708,-0.34693074,-0.22705725,-0.3161798,-0.14514615,0.042769197,0.05749468,0.092533275,0.18879484
297,Ulee's Gold (1997),0.06486919,-0.41379532,0.43896088,-0.04412533,-0.15658836,-0.074280165,-0.41397187,0.35479787,-0.16232963,-0.047649384,-0.23409876,-0.23598887,0.13711385,0.29237673,-0.43245074,-0.1326283,0.18023635,0.095152855,0.13760331,0.023548136,-0.2212383,-0.5767667,0.008500467,-0.45396447,0.13550954,0.2951503,-0.38202882,-0.4152452,-0.5197805,-0.138148,0.5049049,0.09197483,-0.12771343,-0.32325596,-0.090179615,0.11288227,-0.1966336,0.55824924,-0.36592728,0.16741966,-0.21855298,0.51288223,0.52851784,-0.12838285,0.5929113,0.040399935,-0.16909939,-0.2552325,-0.18575712,-0.03037622,0.11899507,0.27348217,-0.09696145,-0.30970287,0.23626733,0.22062014,0.2974185,0.20328495,-0.24130426,-0.252149,0.17270057,0.19689147,-0.25548175,-0.105462186
298,Face/Off (1997),0.20125246,0.037168022,0.17662299,-0.021727145,-0.059943583,0.072581574,-0.1637928,-0.09410533,-0.22549844,0.09509452,-0.11570683,-0.25451368,0.1445276,0.16870798,-0.33772206,-0.015150698,0.08939151,0.11861323,0.09197172,0.041930377,0.34401238,-0.14639974,0.036628667,0.12783957,0.16623439,-0.107173465,-0.030022094,-0.0055129416,-0.17605856,-0.058460496,-0.01119069,0.10213747,0.11334215,-0.010991144,-0.022310609,-0.26870024,-0.20863491,0.016632847,-0.14619346,0.051171996,-0.16252469,0.07136008,0.08388949,0.31185678,-0.039882317,-0.066001296,-0.049377177,-0.122771904,-0.101040155,-0.21063587,0.045697022,0.22040872,0.10032988,-0.38188663,-0.18275456,0.00878506,-0.0967245,-0.260575,0.038618967,0.0631527,-0.10223994,0.040303774,0.10345611,0.14778769
300,Air Force One (1997),0.3369838,0.03920841,0.16897449,-0.09243523,0.009704564,0.16274582,0.116151445,0.017207662,-0.23872586,0.1841798,0.09613666,0.0060060974,0.17308448,0.29491752,-0.3926764,-0.14867756,0.069857724,0.27283973,0.1986705,-0.2036669,0.40574235,0.116190694,0.10920562,-0.1004239,0.41974157,-0.01501884,0.028235925,-0.10311747,-0.15200791,-0.0030441938,0.30863586,0.09867275,0.071796566,-0.19960165,-0.10453828,0.04311871,0.08124204,-0.026729746,-0.4062132,-0.09659106,-0.25341982,-0.17529312,0.17450579,0.22468524,0.21982233,0.3166201,-0.11577095,-0.32920954,-0.06496947,-0.1994367,-0.15777686,0.17676663,0.006207761,0.28170013,-0.0677435,-0.11791944,-0.096940845,-0.06493098,0.2205105,-0.13974883,0.16269681,-0.04819732,-0.15053347,0.2516485
301,In & Out (1997),0.38727078,-0.21728574,0.452192,0.31030822,-0.1223584,0.13192657,0.21458289,0.28605816,-0.1885067,-0.028242655,0.08647909,-0.08229284,0.21754487,0.11287615,-0.3702421,-0.2756742,0.08736047,0.26371756,0.17798197,0.06735607,0.086786024,0.16824755,-0.19142118,-0.028426,0.48262528,-0.09611198,0.14281726,0.050977204,-0.50820667,-0.055133943,-0.019915318,0.036134217,-0.051727153,-0.035544258,-0.060315687,-0.19654787,0.11808501,-0.062922955,-0.33984852,0.10718991,0.029885424,0.32300085,0.09167794,0.026055051,-0.12567876,0.27309012,-0.15435734,0.014915903,-0.28943682,0.1042906,-0.090768285,0.1318246,0.31847975,-0.053244047,0.018026225,-0.093344845,-0.26585045,-0.12254566,0.09359878,-0.18516487,0.05435879,-0.122093864,0.13037044,0.3727442
302,L.A. Confidential (1997),-0.044200156,-0.075588115,0.0923146,0.14911927,0.31967574,-0.014493735,-0.17013048,0.15294692,-0.20301163,0.09524464,0.06280891,-0.055391762,0.10343344,0.19106685,-0.089075364,-0.085427076,0.111864515,0.15985197,0.021838784,-0.1012745,0.24606813,-0.10497316,-0.105218105,-0.13361022,0.18221614,-0.17386208,0.0010314657,0.15746126,-0.2933778,0.18998495,0.116135806,-0.08138862,-0.064149156,-0.10900224,0.011022691,0.06575651,0.04198517,-0.13107242,-0.27034652,-0.13092746,-0.11380324,0.091664255,0.32638645,-0.070065066,0.24359679,0.14290036,-0.16704828,-0.11673169,-0.035372786,-0.15287231,-0.15317051,0.63920826,0.24925658,-0.04705104,0.020098789,-0.2293893,-0.22053431,0.04311451,0.20255142,-0.20080253,-0.1217301,0.20614597,0.007576878,0.23930745
303,Ulee's Gold (1997),-0.12033272,0.1600732,0.5043643,0.20794818,-0.101388164,0.22327657,-0.44560155,0.55420417,-0.05513092,0.012130817,0.15729958,-0.17268173,0.22142704,0.18410113,-0.4201303,-0.122158006,-0.13015597,0.2042861,0.10001064,0.12606595,0.04983968,-0.24042304,-0.022532789,-0.22722466,0.37998915,0.11004262,-0.28350556,-0.31074998,-0.6140762,0.30926424,0.40454218,-0.060941223,-0.4465899,0.06787354,0.114872724,-0.21308316,-0.073280394,0.42477745,-0.27900848,-0.10068506,0.18773581,0.20029701,0.38213113,0.0107782325,0.33747712,0.05900965,-0.09966328,-0.0057334155,-0.16097008,0.08663479,0.051573556,0.42014128,0.26916197,-0.37124792,0.23029718,0.032953475,-0.22785987,-0.0017644567,-0.51592654,-0.15949558,0.019534247,0.49328732,-0.14557391,-0.20868954
304,Fly Away Home (1996),0.043215156,-0.35491416,0.3304473,0.25017554,-0.38947842,0.3932839,0.15711229,0.19745557,-0.27852535,0.07466045,-0.011374424,-0.003123342,0.35045978,0.04388859,-0.4177801,0.015946738,0.102618776,-0.01570742,0.016203541,-0.058736365,-0.22281551,-0.2184578,-0.07625936,0.005684899,0.30563843,-0.18102027,-0.098225005,0.18753192,-0.525642,-0.10695272,0.052406315,0.1167093,0.04038041,0.1548052,0.18112093,-0.1633534,-0.14578658,-0.08306218,-0.1574737,0.06084076,-0.44953066,0.0967772,0.5094402,0.14980853,0.14600976,0.4687799,-0.035409167,-0.22649728,-0.1624077,0.10230491,-0.0041815294,0.3281679,-0.24912348,-0.1013947,-0.080495976,0.2394357,-0.12955503,-0.36133704,-0.42822397,-0.3215359,0.106099665,-0.118114255,-0.16127673,0.21059524
305,"Ice Storm, The (1997)",-0.0743438,-0.32088405,0.23517041,0.25110197,0.25490937,0.23082267,-0.40749788,0.5203771,0.03500666,0.3257842,0.19440049,-0.18544014,0.5643001,0.06019978,-0.41056535,-0.25349343,0.10589764,0.08733833,-0.044747774,0.3326863,-0.054717243,-0.4024251,0.21446763,-0.42371237,0.2573532,0.3774469,-0.4252234,-0.3162477,-0.77790874,-0.08783204,-0.019631747,-0.23158082,-0.18988827,-0.3738629,0.03308762,-0.2595364,0.07718473,0.35940513,-0.706653,-0.17617574,0.0140924435,0.3517996,0.51262033,0.07672933,0.668587,0.11335117,-0.30089664,-0.051238216,-0.3966588,0.17530224,0.1396464,0.50831527,0.06464882,-0.45685574,0.25299188,-0.085392304,-0.16241188,-0.08118354,-0.47561556,0.14089498,0.5587153,0.21011862,0.022950405,-0.00054651266
306,"Mrs. Brown (Her Majesty, Mrs. Brown) (1997)",0.25161213,-0.58361286,0.30153215,0.3058192,0.14226687,-0.050704513,-0.25530872,0.45371455,-0.26147622,-0.036946826,-0.19998613,-0.08976537,0.31258526,0.19368674,-0.51626575,-0.25665846,-0.0056448192,0.2893563,0.2391668,0.30092025,-0.33559287,-0.037553005,-0.048323516,-0.40530092,0.33044162,0.08333212,-0.2577411,-0.13422532,-0.55780077,-0.046000484,0.306097,-0.10412039,-0.20948915,-0.26825076,-0.046206776,0.2481148,-0.27112395,0.43708876,-0.455344,-0.3250907,0.052162353,0.41090196,0.66994715,-0.24316168,0.22110379,0.08545826,-0.07098962,-0.17238525,-0.25681886,0.13670476,0.25286773,0.3771495,-0.2346985,-0.2784521,0.2861108,0.075001486,-0.066142805,0.025704835,-0.3203193,-0.09749164,0.03397813,0.13848844,-0.033557706,0.07535545
307,"Devil's Advocate, The (1997)",0.099514745,-0.16737123,0.12589481,0.08823896,-0.15899435,-0.01578053,0.5110501,0.15942645,-0.06705781,-0.044689965,0.0809653,0.04262268,0.20065671,0.27312103,-0.10412352,0.10014724,0.014629441,0.013990777,0.11307107,0.24757203,0.5391644,0.0024873526,0.15304367,0.01174431,0.7582917,-0.57094586,-0.27818444,0.13808125,-0.18218069,0.053976376,0.043218393,-0.017653778,0.0679676,-0.31811157,0.16306883,-0.3563157,0.03736437,0.03755909,-0.39900935,-0.0074309185,-0.22771898,0.03096704,0.2645245,0.2991592,0.17103437,0.26700196,-0.25692314,-0.13513926,0.013111796,-0.11934747,-0.1267415,0.37793326,-0.14891072,-0.12069717,-0.054718096,-0.12239888,-0.2919886,-0.4386155,0.18210348,-0.09344385,-0.026064038,-0.01830111,-0.048348766,0.017652575
310,"Rainmaker, The (1997)",0.43812513,-0.16561635,0.6025881,0.37955433,-0.3206364,0.19978772,0.47521314,0.028499773,-0.068859294,0.24722916,0.17710616,0.24425066,0.3796911,0.22840899,-0.20362315,-0.08161608,-0.13919462,-0.07378617,0.008115905,0.05535466,0.08911431,-0.21339282,0.10742601,-0.17025672,0.6393475,-0.2444231,0.07403262,0.20337877,-0.60903215,-0.18802522,-0.08275921,0.039528567,0.089641646,-0.17339617,0.4253628,-0.070516445,0.06848908,-0.007434842,-0.284522,0.041282747,-0.14690897,0.17101295,0.23485233,0.0075843516,0.27527016,0.12948897,-0.13005188,-0.5148376,0.007916381,0.019410323,-0.092660315,0.4830607,0.32794875,0.0331555,-0.051800452,0.027370786,-0.5880825,-0.51109105,-0.18529932,-0.088851385,-0.18660441,0.18649913,0.24819042,0.1533128
311,"Wings of the Dove, The (1997)",0.02930383,-0.37299958,0.31765032,0.22028776,0.086235054,0.23641542,-0.29833674,0.29750332,-0.29151607,0.3159162,0.232708,-0.012320029,0.77389973,0.10004888,-0.49779978,-0.17014533,0.18330374,-0.03136023,0.05651719,0.08466985,-0.2023088,-0.16129027,0.26723814,-0.18917723,0.16155909,0.13591513,-0.073866844,-0.22726557,-0.6701091,0.11143054,0.104944296,-0.08544256,0.19200183,-0.037214674,0.23701444,-0.04697965,0.011082306,0.027495844,-0.30830058,-0.032853574,-0.09040136,0.19411018,0.45697814,0.22321074,0.3504639,0.23963663,-0.21597454,-0.29565182,-0.0076635215,0.20677197,0.30967864,0.5010437,-0.07971165,-0.14775996,0.14667068,0.19813825,-0.16873446,0.052288417,-0.29968166,-0.2228993,0.24933964,-0.12812056,-0.048595537,0.09182898
312,Midnight in the Garden of Good and Evil (1997),0.009646799,-0.004145903,0.35164648,0.43716705,0.124935955,0.23547336,0.080793,0.2972791,-0.023043282,0.029084874,0.016887795,-0.2210594,0.64448714,0.20599802,-0.17239459,-0.09876177,0.25863534,0.25421506,0.0055039306,0.38345104,-0.095374316,0.06424956,0.2215283,-0.14636774,0.32751262,0.3110878,-0.036120005,-0.031283196,-0.6394197,0.061711993,0.066012695,0.31171995,-0.14116523,-0.026848754,0.5926332,-0.056249283,0.057473227,-0.19216067,-0.3715153,-0.02755635,0.024889482,-0.039596844,0.37942827,0.28987503,0.28399602,0.34166288,-0.040326513,-0.084180646,0.13289428,0.07600723,0.2643873,0.6249378,-0.29036784,0.16347454,-0.066869065,-0.11299096,-0.31535554,-0.10954224,-0.37065783,-0.26268297,0.09962452,0.019942991,-0.14955515,0.11141639
313,Titanic (1997),0.15765855,0.09553321,0.13865392,0.08776609,0.18992895,0.06438901,0.052682325,0.09075863,-0.356685,0.2280965,0.18208054,0.15135853,-0.10352852,0.1140212,-0.2195347,-0.21363582,0.14548431,0.14662252,0.16888599,-0.015353756,0.39241505,-0.12992337,0.13124098,0.010504302,0.11250881,0.0033919788,0.04028544,-0.11364043,-0.3388456,0.094062194,0.17370039,0.22303095,-0.041497234,-0.22689581,-0.1117064,0.16419855,0.084767744,-0.16691609,-0.4101015,-0.052993577,-0.14613034,-0.12037483,0.25690237,0.10371884,0.41151014,0.12465553,-0.06052199,-0.232486,-0.048579372,-0.082481086,-0.20371915,0.42802307,0.09123026,0.16756912,-0.18480392,-0.10336835,-0.14846295,-0.14535119,0.22755189,-0.1233193,0.0074772616,0.053839143,-0.15699008,0.25624707
315,Apt Pupil (1998),0.28941235,0.011399441,0.34358233,0.25855464,0.04152401,-0.14792849,0.31184945,0.47499344,0.017546725,-0.03205493,0.019953994,-0.092401415,0.238142,0.20799585,-0.2245628,-0.06357353,0.015561188,0.14421663,0.09092727,0.13378373,0.30013916,-0.07218709,-0.32145244,-0.16261362,0.59457225,-0.35838524,0.10459875,0.041600768,-0.40214396,-0.12329515,0.108875826,0.089094125,-0.012974516,-0.10405926,0.11820869,-0.1938026,0.11098506,0.08609338,-0.21624802,0.1608546,0.04153356,-0.06116706,0.2174477,0.20499837,0.14839517,0.08743042,-0.082631856,-0.26409912,-0.043910675,0.013485921,-0.08010806,0.37785485,0.19396141,-0.08369825,-0.0011759748,-0.22612755,-0.089763194,-0.19766268,-0.18405752,0.092603266,-0.0018347199,0.20336916,0.052961655,-0.12707154
316,As Good As It Gets (1997),0.40806258,0.057614222,0.19971326,0.27853212,-0.1672529,-0.055864606,0.09175308,0.37763047,-0.054333556,0.08378454,0.2830388,-0.24325834,0.26143193,0.23028736,-0.25966784,-0.053172637,-0.04171681,0.10540799,-0.008121876,0.23107514,0.14496064,-0.24343714,-0.20122835,0.123339444,0.5407196,-0.20609254,-0.05961792,0.037729893,-0.32565874,-0.011752021,0.14779077,0.10543412,-0.11114204,-0.21282966,-0.017144693,-0.20922716,0.15367028,0.08171967,-0.2125272,0.009730825,-0.0391749,0.2393873,0.34036756,0.20260201,0.16147904,-0.2121778,-0.03529124,-0.10672387,-0.00066044554,0.040963124,-0.051748,0.38088876,0.032636523,-0.13020736,-0.16504002,-0.05239886,-0.14593919,-0.38243982,-0.0965046,-0.11119076,0.04202321,0.12394464,0.2254944,-0.2830139
317,In the Name of the Father (1993),0.037151087,0.111579984,0.14074512,-0.17905523,0.1771856,0.16896814,-0.13048017,0.11463205,-0.30455348,0.015833301,0.10357656,-0.17444617,0.04600123,-0.069324404,-0.031006547,0.08922317,0.09369329,-0.03825408,0.006906508,0.34944195,0.07404963,-0.09494414,-0.11306685,-0.11945498,0.21132547,-0.0663836,0.35628054,-0.06430459,-0.19319877,0.03591778,-0.0036824064,0.0078089307,0.12680233,-0.24763277,0.00973918,-0.033552837,0.26633498,-0.15723826,-0.100570634,0.09357719,0.03150659,-0.033609997,0.03047463,-0.00089554593,0.14312097,-0.031783387,0.06541584,-0.27036217,-0.25993612,-0.11937534,-0.07093134,0.19828342,-0.10148677,-0.2045975,-0.24467784,0.0015674913,0.14805675,0.024810493,-0.12472373,-0.14191309,-0.1433056,-0.051911477,-0.09822629,-0.09361586
318,Schindler's List (1993),0.13960116,0.07242524,0.32898226,0.04427177,-0.08136113,0.021362927,-0.049680017,-0.019936992,-0.17500977,-0.143835,-0.12024003,-0.097860016,0.055522855,-0.021976277,-0.13145618,0.060376987,-0.035419423,0.23093744,0.00059463043,0.09612305,0.107025184,0.06714937,-0.15736537,-0.15523167,0.032032803,-0.1932746,0.03281604,0.07518298,0.0027015759,0.26619923,0.16799258,-0.0013412526,-0.13915156,-0.15683031,0.08930226,0.079122834,-0.0087977,-0.10628243,-0.048844047,-0.006373866,0.01204286,0.098682076,0.07938188,-0.039320186,-0.05027,0.09129994,-0.050869994,-0.19237924,-0.1643635,-0.07335119,0.101665035,0.15682338,0.114901334,-0.17851567,-0.2014078,-0.024265317,0.21610044,-0.090090014,0.063069604,0.036570698,0.102281354,0.16761935,-0.011104949,0.11277068
319,Everyone Says I Love You (1996),0.10216014,-0.42428097,0.3811732,-0.03226837,-0.33416265,0.041227274,-0.23351447,0.19245116,-0.12640618,-0.0793874,-0.5553518,-0.32914966,0.2739514,0.12000289,0.007285843,-0.18221448,0.42303905,0.08511422,-0.11891762,-0.014667277,-0.14427146,-0.22503018,-0.35283178,-0.05007065,0.2652076,0.1958346,-0.18267538,-0.24215806,-0.38260302,-0.20408969,-0.11797391,0.035844773,0.14919911,-0.18331473,0.22819042,0.13318165,0.039148677,-0.21110716,-0.42921597,-0.11620475,-0.25611374,0.43289623,0.28327894,0.12965326,0.21818526,0.19211961,-0.33885396,-0.14269958,-0.14249305,0.34561825,0.10756866,0.31552482,-0.06661361,-0.20377564,0.25608677,0.15558067,-0.13759242,0.17977433,-0.02518921,-0.35567433,0.23081227,0.115140714,-0.16764654,-0.029340792
321,Mother (1996),0.11335493,-0.72035927,0.2972751,0.054095913,0.21504879,0.4619965,-0.21875285,0.2468954,-0.1947955,0.13004798,-0.2386572,0.07387398,0.5551678,0.08436153,-0.12856892,-0.19248989,0.26022512,0.05626882,0.010412803,0.35992867,0.049207054,-0.13124283,0.32956854,-0.36502987,0.4160213,-0.10488531,0.08502084,-0.12865451,-0.31991994,-0.14116263,0.018829307,-0.19910121,0.18661094,-0.14810355,0.19408132,0.07033875,-0.26518366,0.10679124,-0.42899537,-0.015739523,-0.10954699,0.10858004,0.4964514,-0.033156678,0.20172694,0.26910904,-0.31899792,-0.24531475,-0.3219358,0.26728573,0.2675861,0.16202128,-0.09422186,-0.22955725,-0.013471276,0.14817457,-0.37259668,0.07181363,-0.13748783,0.03837522,0.23559293,0.14372976,-0.10911394,-0.075031795
322,Murder at 1600 (1997),0.3558175,0.03896235,0.12998948,0.3037877,-0.30797678,0.05880846,0.30597427,-0.010562706,-0.67993957,0.25489077,-0.11415047,-0.054813456,-0.05660522,0.336755,-0.19624302,-0.02938354,0.11605334,0.087443225,0.03412776,0.2974974,0.24135959,0.116734356,0.2998388,0.09434716,0.38416055,-0.3584288,0.050354112,0.32830015,0.022566246,-0.05261056,0.103625864,0.030804334,-0.03772996,-0.12120718,0.3736024,-0.15172125,0.010048024,-0.055516936,0.035579823,-0.36492515,-0.21535063,0.10184468,0.07475474,0.25632516,0.11622743,0.4454117,-0.084878534,-0.45042482,-0.25184822,-0.23160565,-0.4432519,0.23532213,0.00094243005,-0.11120988,0.07466154,-0.10082714,-0.60552776,-0.54001474,-0.13932534,-0.3912045,0.08426125,-0.22301763,-0.13247767,0.21328391
323,Dante's Peak (1997),0.22476923,-0.15285975,-0.006434659,0.43860278,-0.50719583,0.2523158,0.43118432,-0.060362894,-0.6066309,0.27716878,-0.22602864,-0.21052723,0.2544329,0.27311593,-0.2624909,-0.018524598,0.06604727,0.35800117,0.1712646,-0.1188732,-0.024567528,-0.28676328,0.308092,0.066767946,0.44481286,0.058933154,-0.27116734,0.23743476,-0.1147866,-0.14096966,-0.17632541,0.035323508,0.22725238,-0.05584797,0.15749837,-0.013037362,0.31712553,-0.4668568,-0.056175392,-0.33214858,-0.2833441,-0.016693814,-0.102140605,0.23783648,-0.098291345,0.5175794,-0.14247404,-0.280005,-0.32122356,-0.15841019,-0.1889255,0.5756499,-0.15257095,0.19349314,-0.386599,0.09644943,-0.48527992,-0.47433195,-0.030521693,-0.22376958,0.21849933,-0.08703532,-0.22894183,0.36709943
324,Lost Highway (1997),-0.13707156,-0.2801038,0.109105885,-0.137302,-0.39366195,0.038391944,-0.02308469,0.19013797,-0.12689823,-0.11868682,-0.22966081,0.05705639,0.30997452,0.15410268,-0.19251326,0.1668684,0.12846412,0.005915719,-0.1408345,0.14093395,0.04711012,-0.1688113,0.11871253,-0.2558743,0.35159612,-0.03313583,-0.13808642,0.19763133,-0.25672764,-0.15796071,-0.1600873,-0.13351423,0.29794124,-0.14697233,0.07634401,0.0868583,0.11768786,0.07468991,-0.26113543,-0.09785927,-0.2702539,0.08795749,0.25679085,0.22383434,0.27898887,-0.18961407,-0.3706591,-0.38539934,-0.3686477,0.14749333,-0.09577707,0.29740256,0.10438328,-0.28488982,-0.20526618,0.019120341,-0.17924145,-0.16034387,-0.13676417,-0.3336561,0.022286162,0.14687961,-0.35648072,-0.008763167
326,G.I. Jane (1997),-0.032895323,-0.15931217,0.37012613,0.2407917,-0.087514,0.31899598,0.5489642,0.010300355,-0.4400507,0.04255347,0.026557252,-0.14426123,0.25299504,0.2124133,-0.14363988,-0.15479116,0.18865821,0.03678313,0.10369085,-0.13452016,-0.021035295,0.107285425,0.108168855,-0.22597097,0.8064978,-0.4155891,0.04041774,0.017155359,-0.099108964,-0.18049677,-0.044007976,0.016017834,-0.14312385,-0.16113599,0.33746946,-0.1470932,0.17390266,-0.04657334,-0.18897119,-0.092789575,-0.20795824,-0.22014324,0.19851896,0.2835495,0.30808356,0.5893416,-0.28552192,-0.26286697,-0.1487742,-0.26040572,-0.303604,0.29005104,-0.18075904,-0.10867055,-0.2029891,0.057886306,-0.5908895,-0.58319527,0.061421324,-0.06373988,0.15254162,-0.14042164,-0.14861579,0.24037734
327,Cop Land (1997),0.047504667,-0.23138867,0.29487884,0.19721688,-0.35186765,0.27759063,0.0007959655,0.29120708,-0.3705825,0.1467196,-0.081456974,-0.24909958,0.46836525,0.19817752,-0.4247508,0.09635707,0.09964836,0.023376307,-0.0022566938,0.18021294,-0.061345305,-0.22282436,-0.21771951,-0.116756566,0.31196856,-0.019950228,-0.28427902,0.059746657,-0.32120058,-0.25004947,0.08114992,0.017511534,0.32931012,0.02276314,0.30142117,-0.13470763,-0.12338341,-0.090663634,-0.47581738,0.13464145,0.0068706376,-0.18944123,0.36436272,-0.02273127,-0.060795546,0.24876812,-0.24567229,-0.190287,0.17225982,0.024791768,0.12664908,0.30492777,0.073077254,-0.35974026,-0.17889644,0.100171484,-0.19090562,-0.372522,-0.20871246,-0.19848415,0.29371068,-0.09071561,-0.08406692,0.006941798
328,Conspiracy Theory (1997),0.29085916,-0.088162355,0.1967268,0.22223413,-0.060888622,-0.18185122,0.44602996,-0.03833748,-0.2553701,-0.023087746,0.022089534,-0.2108568,0.19920693,0.3385424,-0.25398368,0.07456996,-0.05840498,0.10322484,0.11891135,0.032542147,0.36053354,0.17234164,-0.20785946,-0.13318639,0.29254165,-0.29064912,-0.005488665,0.08041868,-0.041758366,0.14637767,0.20333059,-0.18136068,0.12314838,-0.09820516,-0.015116004,-0.14606866,0.060092833,-0.118438,-0.42135608,-0.15922336,-0.24275851,0.004363803,0.20248608,0.2832471,0.14933129,0.29041332,0.11272444,-0.28335708,0.0072466386,-0.25538263,-0.19495243,0.3814085,-0.050208192,-0.017193694,-0.10654105,0.08491541,-0.284211,-0.21844603,0.14391384,-0.07122296,0.0054238304,-0.0047425833,-0.027607325,0.06992409
331,"Edge, The (1997)",0.18517336,-0.18431213,0.43841124,0.44860885,-0.14415783,0.5284283,0.38445166,0.10076606,-0.4312477,0.18555653,0.23964514,-0.21536762,0.37167758,0.1286429,-0.21088362,-0.12769122,-0.2317828,-0.12574603,-0.04290494,-0.2712929,0.22333123,-0.09495161,-0.046062514,-0.13570355,0.54076236,-0.269942,-0.08489585,0.20828018,-0.51076865,-0.010760511,-0.06145645,0.08279951,0.14965717,0.12712096,0.25322708,-0.056532018,0.098293275,-0.043533966,-0.08200259,-0.07504282,-0.18412675,-0.056181338,0.65924275,0.2048076,-0.042113006,0.5535517,-0.16693133,-0.22376528,-0.13021755,-0.13109784,-0.2463187,0.44877166,-0.42297295,-0.29584354,-0.041974857,0.022030013,-0.48638964,-0.35507506,-0.43317673,-0.13005416,0.18015204,-0.0044773356,-0.10127825,0.32332453
332,Kiss the Girls (1997),0.2485825,0.038150977,0.35687086,0.47066742,-0.12729241,0.59975487,0.39661312,0.1331473,-0.6449826,0.32021633,-0.04677577,0.28538218,0.30665982,0.38701704,-0.44604564,-0.17274913,-0.03561587,-0.009431158,-0.060667563,0.11022209,0.12603742,0.055159904,0.16635495,0.0037383258,0.5852198,-0.38168874,0.034238726,0.41195115,-0.29367772,-0.15774778,-0.20340097,-0.01524907,0.27335635,0.007977374,0.32253444,-0.08853703,-0.13345584,-0.19457386,-0.20830238,-0.22342233,-0.029971814,0.1400659,0.579036,0.21514459,0.04242173,0.68837935,-0.14677338,-0.28959647,-0.3093188,0.11173198,-0.24985133,0.34228897,-0.10033466,-0.1356533,0.072771415,0.049378473,-0.64135903,-0.42111313,-0.25689322,-0.022861132,0.16809686,-0.09997378,0.21456398,0.1878394
333,"Game, The (1997)",0.08925503,-0.037940837,0.24801277,0.2017078,-0.13018444,-0.080100186,0.23407675,0.21622775,-0.24722242,0.11617626,0.08094156,-0.05124504,0.05898114,0.34404194,-0.34894675,0.21043342,0.0004808351,0.16555911,0.15248215,-0.05084686,0.36645856,-0.042281903,0.056924924,0.072034016,0.51442057,-0.28845596,-0.0714764,-0.02959367,-0.1131913,0.06638653,0.22004429,0.23789681,0.23538637,-0.15174188,0.15708333,0.021073243,0.14869592,0.078341655,-0.46900073,-0.16574857,-0.3343963,0.028693348,0.101731054,0.5330617,0.25185084,0.2304241,0.07349369,0.02392247,-0.0063536614,-0.28675207,-0.048033606,0.38472113,0.062606595,-0.052247692,-0.2312085,0.14831966,-0.2050053,-0.13039085,0.16878127,-0.06320987,0.10392917,-0.12578557,-0.13526411,0.18383259
340,Boogie Nights (1997),-0.07404693,-0.037934832,0.20602043,0.20416887,-0.20773938,0.20091963,-0.16391051,0.20039964,0.020967899,0.14582308,0.2582152,-0.026230516,0.107221544,0.24387872,-0.25128052,0.033187848,0.118418664,0.059561677,0.29500148,0.009189047,-0.01241762,-0.1512372,-0.09789632,-0.09063458,0.5364692,-0.2333224,-0.36024028,-0.17317887,-0.46244344,0.17677876,-0.033084527,0.046868816,-0.33135563,-0.22155684,0.1066574,-0.21795179,0.14161481,0.0947123,-0.5084256,-0.1289517,0.042517357,0.1985381,0.25143185,0.12173854,0.22460064,-0.12412996,-0.12204754,0.037066467,-0.21155037,-0.06757227,0.038332425,0.43929246,0.049279347,-0.40738508,-0.10755378,-0.14306298,-0.24742788,-0.23665845,-0.14590928,-0.33773246,-0.09590008,0.043541636,-0.23800994,-0.17647459
343,Alien: Resurrection (1997),-0.30484405,-0.10331349,0.35637212,0.30912894,-0.037225366,0.66198885,0.3088318,0.09043373,-0.5582539,0.24061309,0.16796118,-0.15531929,0.4807413,0.19574636,-0.24127148,0.073721126,-0.048185453,-0.003812212,0.2614617,0.1588753,0.21241966,-0.14104764,-0.12934525,0.10569982,0.41151476,0.07383157,-0.19601081,0.041530505,-0.1535626,-0.29388705,0.015821416,0.0013012304,-0.019740682,-5.793438e-05,0.34800208,-0.31635097,-0.012336948,-0.4700961,-0.25697422,-0.3371768,0.06539752,0.17731203,0.47229168,0.35596618,-0.055822767,0.45462912,-0.40641308,-0.35996753,-0.04092529,0.1107477,-0.23324949,0.34200898,-0.3269462,0.109932736,-0.33167037,0.31659693,-0.39113376,-0.3959744,-0.2442479,-0.13925229,0.2894258,0.17869693,-0.3521322,0.5456084
344,"Apostle, The (1997)",0.39702237,0.10356052,0.32275835,0.6094736,0.30197963,0.47067404,-0.12342431,0.33489555,-0.24879405,0.19107759,0.26149485,-0.013816329,0.5882941,0.059286643,-0.1679663,-0.30839017,0.21139506,0.11455629,-0.18857244,0.20799497,-0.04056069,-0.17757179,-0.014453039,-0.4060399,0.5264669,0.17964803,-0.07527392,0.04652351,-0.6333907,0.14685713,0.13360131,0.21314284,-0.1024342,0.3012578,0.6274538,-0.21776353,-0.03382602,-0.051784344,-0.8035351,-0.21813352,-0.09367859,0.0071445587,0.38430482,0.13365102,0.38547528,0.31079856,-0.114981696,-0.03459465,-0.031392004,-0.12176624,0.19597833,0.5086864,0.07844139,0.072749935,-0.05416356,0.07701477,-0.1691301,-0.097580455,-0.5553024,-0.24530587,0.20360482,-0.040956277,-0.005575113,0.04065592
345,Deconstructing Harry (1997),0.13285305,-0.18110499,0.46703872,0.39679387,0.22567226,0.49571782,-0.054292362,0.2725782,-0.39968854,0.14660525,0.20753759,-0.18425502,0.43765792,0.23033431,-0.23656613,-0.30407822,0.25030842,0.16451596,-0.085084185,0.14760087,-0.17479458,-0.14901428,-0.008041279,-0.3737657,0.41276014,0.25555333,-0.13701412,0.052882556,-0.6405822,-0.11428908,0.037315574,0.12114062,-0.013653881,0.21745077,0.4479933,-0.35372418,-0.0095061185,0.005733451,-0.72463864,-0.103926174,-0.2498344,0.16074084,0.53534573,0.12781782,0.27869073,0.50977284,-0.0758163,-0.17966907,-0.16230288,0.016961105,0.29094017,0.5369692,-0.09851896,-0.018226812,0.11990514,0.13565673,-0.3112077,0.03930166,-0.3098452,-0.11092057,0.227855,-0.027818153,-0.0012577251,-0.026713435
346,Jackie Brown (1997),0.006928886,0.1570043,0.34119812,0.12891835,-0.1751403,0.056817267,-0.17218266,0.4599432,-0.09790213,0.08169215,0.16519149,0.1203997,0.42286482,0.24149047,-0.43156803,0.106168345,-0.079586,0.22392122,-0.17589867,0.11981258,0.079131044,-0.19507581,-0.42097646,-0.1739698,0.4226293,-0.03626996,-0.079834774,0.023785545,-0.45607725,-0.24574962,0.22496651,-0.083061814,-0.07253558,-0.023663752,0.2511547,-0.27508673,0.094090596,-0.04091625,-0.5133056,0.0680925,-0.021648698,-0.13724238,0.062961675,0.14790957,0.16678013,-0.1960781,-0.3599971,0.037850674,-0.080984324,0.1984035,0.01839126,0.5208426,0.23744969,-0.35672385,-0.25832772,0.0048829345,-0.15067026,-0.22724262,-0.044813946,0.04126207,0.26519012,0.042287882,-0.19538869,-0.32357833
347,Wag the Dog (1997),0.2535749,-0.037346564,0.3698249,0.32016057,-0.07119215,-0.05136441,0.018191993,0.42693377,-0.25337154,0.3630248,0.3669143,0.092691965,0.4748689,0.23683591,-0.37944672,0.03249297,-0.02329946,0.017365603,-0.08311196,0.17275229,0.3666361,-0.31339395,-0.3236699,-0.36065695,0.564813,0.07167583,0.06119521,0.0304005,-0.45054185,-0.080510445,0.24629663,0.100612596,-0.02685537,0.14191175,0.21154812,-0.50527793,0.17898731,0.15683402,-0.45902386,0.1276546,0.0363743,-0.023563627,0.23975371,-0.15155862,0.04102909,-0.1222022,-0.2597819,-0.12908472,-0.02874273,0.2088453,-0.2342566,0.5510419,0.24544543,-0.51240814,-0.23131703,-0.15133065,-0.056616105,-0.40845573,-0.43183225,0.018094787,0.291405,0.032903165,-0.088104576,-0.1265146
354,"Wedding Singer, The (1998)",0.047911678,-0.09336552,0.30800384,0.32448903,-0.22314237,0.46810204,0.22930044,0.1097598,-0.3966613,0.117354795,0.11668218,-0.18033661,0.3350813,0.059093285,-0.23536246,-0.116859026,-0.008114921,-0.023009626,-0.282843,0.099534936,0.015395844,-0.18616201,0.17667265,-0.075975314,0.39536172,0.22360502,-0.13138664,0.13985474,-0.31984416,-0.08155591,0.2598968,0.13633616,-0.20627497,0.052118745,0.3755127,-0.12498239,-0.08677699,-0.1783497,-0.45521036,0.25553107,-0.21405427,0.027183555,0.3273247,0.057688992,-0.07290078,-0.035847906,-0.119178124,-0.20889452,-0.062023904,-0.043639272,-0.1404213,0.2875026,0.20676863,-0.29792598,-0.0033035076,-0.17156848,0.13471614,-0.2769786,-0.4396242,-0.3821634,0.12190985,-0.059313923,0.13047373,0.088214435
356,"Client, The (1994)",0.039839607,0.16272324,0.24397147,-0.021929981,-0.25548133,-0.08127696,0.048365455,0.32169515,-0.12517954,-0.044250455,0.025315883,0.05582011,0.28683165,-0.027218655,-0.20724222,-0.11403722,0.065121844,0.09680276,0.08994824,0.06883236,0.3440761,0.117192864,-0.04150359,0.2966596,-0.10964617,-0.10953707,0.17779134,0.019127922,0.037284113,0.22561741,0.35372308,-0.3232664,0.25169864,0.024964277,-0.098575644,-0.09069222,0.07759435,0.1927702,-0.14383909,0.061775688,0.015492042,0.20563275,-0.11945178,0.07091545,0.04093751,0.23137374,0.18761353,-0.38381532,-0.2669619,0.121648856,-0.070819125,0.16598509,-0.08936877,-0.17367019,-0.11741055,-0.09428155,0.14329778,-0.120547295,0.010801485,-0.18820369,-0.17880626,-0.050785955,0.1099055,0.009662254
357,One Flew Over the Cuckoo's Nest (1975),0.07304779,0.0639819,0.35722914,0.07645047,-0.23833512,0.1177892,-0.18146007,0.16506954,-0.104360156,0.008863159,-0.057826307,-0.07887089,-0.06814807,-0.04169295,-0.05644573,-0.010693588,-0.010144902,0.1704919,-0.024492214,0.15857534,0.19996376,-0.027086936,-0.1078573,-0.21153486,0.07625165,-0.11642819,-0.10939883,0.08512604,0.0067442893,0.19353099,0.0010111463,-0.010510105,-0.23056552,-0.048903704,-0.015093302,0.07948261,0.102056794,0.03765411,-0.15738471,0.09122481,-0.09097429,0.06606854,-0.005128863,0.07328419,0.024763888,0.12752715,0.10666431,-0.2065174,0.023036959,0.05341956,0.120239936,0.09133974,-0.055250965,-0.124236465,-0.1919634,-0.05114908,0.19228682,-0.09104872,0.07057334,-0.036237173,0.049180917,0.098015144,0.06551437,0.13661759
358,Spawn (1997),0.0007140392,-0.1029977,0.1567208,0.19085553,-0.60643226,0.33895126,0.34555876,0.37350905,-0.45533744,-0.012990665,-0.051171057,-0.20525263,0.38153616,0.31285304,0.08445646,0.015518343,-0.1396887,-0.057052817,-0.100542314,-0.14287423,0.17266028,-0.5483985,-0.18773066,0.14784963,0.30831137,-0.03445449,-0.42035717,0.19805321,-0.049459174,-0.36340138,-0.22638014,-0.11397356,0.32607675,-0.120902896,0.059469227,-0.20342082,-0.008748884,0.16044374,-0.448394,-0.0708442,-0.15078707,0.107631624,0.11214468,0.64772344,0.13611615,0.28598586,-0.34209976,-0.42328832,-0.14417368,-0.034340966,-0.13823824,0.31970683,0.12372233,-0.13024516,-0.14709401,0.009965997,-0.08672622,0.06163587,0.059749898,-0.23815173,0.06642269,0.26317063,-0.1175753,0.331514
367,Clueless (1995),0.018940931,0.15766081,0.15490308,0.110178284,0.05700631,0.0069873175,-0.170989,0.076082066,-0.1382241,0.13982788,-0.095536046,-0.00853284,0.07228399,-0.083400086,-0.20880611,-0.24960819,0.02212754,0.033441685,-0.11440685,-0.012516609,0.05952741,-0.16151416,-0.028183496,0.1181031,0.11967887,-0.097888686,0.15451954,-0.085568346,-0.09082889,0.016948026,-0.14636536,0.051845144,0.020127738,-0.1982382,0.028583126,-0.029352874,-0.008643097,-0.018095661,-0.13081343,-0.08229765,-0.21029305,-0.09052815,-0.041581593,0.18024825,0.28123108,0.09756627,0.062454574,-0.2926552,-0.15684167,0.010626182,0.026604315,-0.10691543,0.10377481,-0.2730332,-0.06802,-0.047879834,0.14487103,-0.0021476052,0.07953282,-0.2009686,-0.26544324,0.19477259,-0.03500793,0.12257629
371,"Bridges of Madison County, The (1995)",-0.07732821,-0.05721845,0.27294365,-0.23348647,-0.48620996,0.0053712055,-0.14867643,0.32660356,-0.21059957,0.19131574,-0.08085505,0.04649773,-0.20237786,-0.0865679,-0.31400123,0.14779006,0.09181367,0.09892834,-0.0036395702,0.14536522,0.03495903,0.23148799,-0.1397005,-0.02996815,0.015416706,0.15503101,0.032248218,-0.0856431,0.1402271,-0.14224398,0.26529327,-0.09550067,0.0004060615,-0.27362993,-0.10210848,-0.021717064,-0.064361185,-0.15456583,0.14956976,0.19635107,-0.24900529,-0.11617558,0.022925198,-0.15001974,-0.067545496,0.10903512,0.37121752,-0.1689019,-0.12106023,-0.26195973,-0.09153345,0.07518839,0.32584265,-0.26979804,-0.13695051,-0.02456216,0.2460366,-0.18171977,0.108733416,-0.16012394,-0.11947823,-0.04214505,0.05174506,-0.06679875
378,Miracle on 34th Street (1994),0.048429064,0.104600035,0.16149452,-0.07671748,-0.14576913,-0.042306196,-0.043729354,0.10263582,-0.18289027,0.113657475,0.17460383,0.15351892,0.05677915,-0.096752994,-0.09683588,-0.042863507,0.009873434,0.25801972,-0.020222314,0.23775575,0.02875799,0.13008656,-0.10956689,0.3005748,0.14383803,-0.04930666,0.21862915,-0.1423754,-0.1049338,-0.020776266,0.11556725,-0.17739001,-0.07688628,-0.2728093,-0.008923893,-0.14427903,-0.06747923,-0.04307487,-0.104122974,0.0039049175,-0.11531425,-0.024837522,0.16089891,0.07734746,-0.0076307906,0.26540348,0.29474506,-0.018468617,-0.14887667,-0.031212421,0.1138825,0.10738923,-0.36388385,-0.0958033,-0.09827249,-0.14098988,0.20175982,0.00957777,0.099372774,-0.101134546,-0.07974767,0.16797905,0.0064273514,0.2989956
380,Star Trek: Generations (1994),0.071160726,-0.09602469,0.10407407,-0.071996175,-0.29259837,-0.12580967,-0.02666646,0.05652716,-0.44287863,0.301011,-0.0976224,-0.1177437,0.12004847,0.07750996,0.02881719,-0.12595433,-0.024447137,0.19691859,-0.1487351,0.12785704,0.13185994,0.25575382,-0.00044736353,-0.003779625,0.023212982,-0.2687473,0.02765653,-0.41655293,0.13402054,-0.012881468,0.13230343,-0.019363753,-0.12741286,-0.38768756,-0.16697447,-0.117969535,-0.036496196,-0.19700886,-0.24749681,0.0013743105,0.14864409,-0.14927988,-0.028620197,0.24962464,-0.16197647,0.024133885,0.060193002,-0.18535908,-0.04750484,-0.22948626,0.032009393,0.00567806,-0.270987,0.029677995,-0.12463713,0.0108713,0.037861157,-0.056384068,0.0967575,-0.2550826,-0.0028744568,0.20474847,0.09508222,-0.042471647
381,Muriel's Wedding (1994),0.14189845,-0.15137254,0.31682095,0.06256301,-0.163613,-0.13699992,-0.22754787,0.2363759,-0.016898414,-0.02954954,-0.03171014,0.020028556,-0.014412298,0.038137466,-0.42034256,-0.3172187,-0.2177806,0.16033354,0.0991073,0.12498998,0.11194187,0.1450701,-0.21188681,-0.07484774,0.09259956,-0.19198053,0.35420725,-0.1850172,0.18480617,0.017369619,-0.17947944,-0.21631144,-0.11649399,0.14239077,-0.14891613,0.20944856,-0.14155664,-0.28943613,-0.13193883,0.16054936,0.013060374,0.14184283,0.16471152,0.17632417,-0.0005000302,-0.2300737,-0.20482974,-0.1586727,-0.21535282,-0.25832725,-0.08931531,0.084213436,-0.018425707,-0.30767983,-0.115332305,0.043740775,0.19768587,0.05716786,-0.11528074,-0.17330033,-0.29960078,-0.06679144,-0.4310333,-0.0020653147
382,"Adventures of Priscilla, Queen of the Desert, The (1994)",-0.014454013,-0.23535326,0.45848796,-0.24794914,-0.08095209,0.03184232,-0.19819447,-0.013287913,-0.1258934,-0.036635928,0.13113326,0.14166272,0.008482117,0.09349827,-0.38970697,0.119884305,0.02839219,0.23759554,-0.05983405,0.38467944,0.16956185,0.12449955,-0.2385109,0.15896304,0.3099611,0.044183142,0.04372784,-0.04713336,0.09992803,0.08107054,-0.1138853,-0.043173503,-0.014319871,-0.14950515,-0.086651586,0.12168241,0.01523018,-0.35805193,-0.025648445,0.056029133,-0.11397296,0.34307697,0.13668956,-0.011678089,0.015743315,0.11885603,-0.12468515,-0.13928728,0.08628603,-0.33333322,0.0384615,0.056183655,0.16007859,-0.17545977,0.039672572,0.13195103,-0.022839313,0.039935686,0.051374882,0.0626668,-0.28301823,-0.034779295,-0.13045105,-0.08060234
385,True Lies (1994),0.18136543,0.09589283,0.32126406,-0.04325781,-0.070057936,0.19478033,0.057107862,-0.030362904,-0.13830179,0.11679141,-0.089085594,-0.03414765,0.21162838,0.03393428,-0.21504816,-0.19929247,0.040701468,0.0100205755,-0.042344917,0.06335499,0.17438744,-0.15426776,-0.018653324,0.08860091,-0.08811234,0.052309647,0.04741841,-0.023373988,-0.052514385,0.056933597,0.22825892,0.13314733,-0.012827699,-0.25339916,-0.11498286,-0.20686077,0.07402874,0.06997336,0.035345,-0.044823084,-0.13616523,-0.1835241,-0.06858991,0.04892507,0.07527151,0.18108532,0.13344689,-0.11945613,-0.0014263095,-0.10773622,0.0821452,0.013123988,-0.097073965,-0.16575302,-0.265815,-0.1648704,0.15048479,-0.17468227,0.018707363,-0.22246347,-0.28966042,0.024509266,-0.059421744,0.1570957
387,"Age of Innocence, The (1993)",0.30960676,-0.28960323,0.22549222,-0.17987953,-0.039087374,-0.080834225,-0.24741031,0.23908767,-0.15763362,-0.15941611,-0.09424513,0.10928191,-0.102761954,-0.12971726,-0.5955566,-0.36069706,0.18715164,0.13655116,0.2929197,0.20279182,0.20128544,-0.06422961,-0.022267729,-0.15523113,0.14444014,-0.11015063,0.21910955,-0.23064186,-0.1944316,0.28849176,0.2198572,-0.36119223,-0.053666573,-0.1039503,-0.055191077,0.28629205,0.124169216,-0.090191945,0.18781963,0.26126918,-0.069332585,0.18395619,0.38914672,0.11366764,-0.11805132,-0.1900576,-0.14440477,-0.019338597,-0.22716935,-0.29056364,-0.12053827,-0.00600184,-0.19463478,0.010560002,0.20196289,-0.024007846,0.10779197,-0.049170736,0.061303984,-0.05762879,-0.21731217,0.21298002,-0.22004388,0.012015942
392,"Man Without a Face, The (1993)",0.037241362,-0.012725583,0.41916767,0.098034315,-0.45136887,0.001324148,0.030373396,-0.015780697,-0.22764286,0.009884537,-0.15182121,0.13845395,-0.15058455,-0.13742688,-0.11486277,-0.11651093,0.1552437,0.059726316,0.0012621817,0.26413473,0.33548996,0.4818935,0.0908811,0.25001863,0.091434196,-0.03271022,0.0411303,-0.007998973,-0.035417717,0.002446798,0.25602388,-0.101504095,-0.15148269,-0.049854472,-0.13987674,0.030229706,-0.18970874,-0.14358795,-0.013947218,0.2514111,0.0077602104,-0.024368262,0.19830716,-0.18007746,-0.26076436,-0.16437759,0.32042566,-0.29287723,-0.17429544,-0.12783554,-0.025404776,0.1873164,0.14635861,-0.21434991,-0.035999883,-0.06917243,0.13272671,-0.08393692,0.19676177,-0.3280833,-0.3463782,-0.12889777,0.2877307,-0.13602214
393,Mrs. Doubtfire (1993),0.15225641,0.038077,0.29157823,0.08021779,-0.18269753,0.002984806,0.21735531,-0.04183708,-0.08958088,0.23234086,-0.075275734,-0.15069658,0.08112435,-0.08729458,-0.23651709,-0.11748641,-0.010245939,0.17963682,-0.13448276,0.028591307,0.209565,0.014544914,0.002159326,0.118905134,-0.09260387,0.037345458,0.2036784,0.0112125045,-0.20531239,0.26715314,0.05128027,-0.14478008,-0.12802647,-0.200526,-0.0005118327,-0.061701663,-0.0012053312,0.020361932,-0.04824418,-0.09546473,-0.07465134,-0.06533066,0.09649805,0.11470659,0.060009524,-0.0016860951,-0.011987935,-0.098199785,-0.2420235,-0.044168934,0.18014476,0.006499924,-0.058709737,-0.23120765,-0.14030118,-0.0264361,0.21258946,-0.10129588,0.0853511,-0.15443096,-0.062430672,0.08255651,-0.17001247,0.056939106
399,"Three Musketeers, The (1993)",-0.07722506,0.08521394,0.13206853,0.05253465,-0.11455828,0.052421242,-0.066182934,-0.013226347,-0.34412733,0.23610781,-0.0010484956,-0.20285086,0.43904078,0.058543738,-0.07258918,-0.16971147,0.12663484,-0.1085163,-0.08094572,0.1778439,0.14807662,0.5047298,0.10855864,0.05152777,0.2203052,-0.037528906,0.25499976,-0.26460698,-0.04336191,0.3423561,0.25455543,-0.105165295,-0.09438178,-0.46010244,-0.15907197,-0.033570565,-0.3035005,-0.08707503,0.15504941,0.114780255,0.06959135,-0.10679072,-0.12433495,0.028562184,-0.10723899,-0.07366721,0.1301535,-0.3673222,-0.05986879,0.14289573,0.05361425,0.22746423,0.25369474,-0.08964948,-0.08374783,-0.008584003,0.16366908,-0.27880645,0.069408506,-0.13797647,-0.09149024,0.06959079,0.2875757,-0.055779926
402,Ghost (1990),-0.08521107,0.16666253,0.3049347,-0.02999302,-0.055117745,0.14365588,0.19307123,-0.07381004,-0.120098546,0.074085884,-0.018790929,-0.08149914,0.25162312,0.03267236,-0.16793641,-0.06302956,0.090759024,0.18532076,0.027798068,0.18121783,0.13937688,-0.04092329,-0.20349994,0.25594634,-0.17006204,-0.06848591,0.24134053,-0.047067516,0.061387528,0.12072475,0.13252704,0.07290734,-0.11380412,-0.12583143,-0.23765534,-0.041237406,-0.04911656,-0.07398649,-0.2022096,0.037407286,0.030291796,0.17726596,0.0844953,0.1104744,-0.07101069,0.13896884,0.18469602,-0.3358515,-0.2645984,-0.034065265,0.2259925,0.096076675,-0.20432636,-0.26489508,-0.086048424,-0.13294196,0.19873877,-0.12446685,0.1779394,-0.28723407,0.15892835,0.17524667,-0.06396094,-0.033196617
403,Batman (1989),0.046744335,-0.010621244,0.24978863,-0.11306613,0.0034900028,0.09277755,0.02753449,0.12411397,-0.088853136,0.10840319,0.045422263,-0.11091836,0.24206747,0.03829258,-0.18629499,-0.31602404,0.1716825,0.14995724,0.0102527365,-0.030977016,0.08453711,-0.11269755,-0.08760462,0.033641435,-0.08025169,-0.12368533,0.113333836,-0.10047453,0.08304577,0.049049202,0.034204844,-0.19064726,0.026900513,-0.12581381,-0.033904083,-0.17660822,0.020846741,-0.061214473,-0.0761239,-0.04923979,0.104838364,-0.122854635,-0.22371008,0.1186793,0.1496987,0.013481554,-0.05678814,-0.22095372,-0.10684861,-0.0096391,0.09182502,0.013578433,-0.110713914,-0.34658527,-0.15749699,-0.26620537,0.0378828,-0.05793221,0.0082211625,-0.34176934,-0.22521244,0.04907518,-0.067527615,0.17958665
404,Pinocchio (1940),0.013792682,0.02663174,0.090877146,-0.15010205,-0.1252756,0.084326856,0.059968136,0.2495285,-0.20705782,0.24922593,0.14607026,-0.12926525,0.13839845,-0.06462517,-0.10525915,0.05104569,-0.07253378,0.12886885,-0.21251228,-0.02480249,0.015534224,-0.06751092,-0.18006837,-0.03944832,0.010330104,-0.18089189,0.011992653,0.018969053,-0.23735288,0.16221356,-0.05239066,-0.19498248,0.22493501,-0.32629952,-0.060502786,-0.0027509015,0.08340447,-0.18575476,-0.09219837,0.1516827,-0.13499328,-0.0501763,0.14629905,0.17168185,-0.026919134,0.17840457,0.19410682,-0.08400398,-0.13269912,0.07228163,0.096264124,0.16485728,0.03028214,-0.15111442,-0.009095661,-0.087216794,0.3224596,-0.0670505,0.14041892,-0.029269135,-0.39801982,-0.0747117,0.1263469,0.16312236
405,Mission: Impossible (1996),0.28500977,0.06600501,0.22484075,-0.0007003255,-0.0916355,-0.041984864,0.012148614,-0.161932,-0.09842209,0.15302584,-0.20507763,-0.22065508,-0.01719571,-0.0024204217,-0.34225568,-0.14496943,0.14261444,0.06523609,-0.007874083,0.007522944,0.13998842,-0.03347613,0.03285064,0.18603909,-0.052970473,-0.11894048,-0.01961287,-0.14246134,0.039115965,-0.18536343,0.16209306,-0.13804154,0.07886643,-0.19986515,-0.10205732,-0.15793636,0.14316835,0.11410504,-0.18277313,-0.14241913,-0.17285086,-0.097049505,0.08211222,0.24059993,0.062939964,0.037478056,-0.091452725,-0.37199116,-0.010630174,-0.0060449396,0.14904538,0.14889884,-0.055493355,-0.19540127,-0.15055186,-0.026096782,-0.12956323,-0.07725774,-0.16840085,-0.09639294,-0.25520617,0.05091194,-0.0096671535,0.295725
408,"Close Shave, A (1995)",0.23594134,-0.11938658,-0.13812698,0.18694033,-0.19150434,-0.12503079,-0.2731441,0.34038585,0.083068006,0.014297876,-0.1591718,-0.30384102,0.31751415,0.091216944,0.016936632,-0.15620527,0.21814865,0.09481102,-0.038910057,0.23435138,0.18189727,-0.05687232,-0.24840419,-0.1351965,0.048964024,-0.06753101,0.14840712,-0.113594145,0.07642787,0.21768318,-0.2586938,0.10474745,-0.12903246,-0.43404666,0.09171091,0.030558776,-0.027578095,-0.14557943,-0.17417847,0.17628096,-0.16940379,-0.05990788,-0.0150567945,0.14455163,0.14781849,0.07429048,0.025161581,-0.16833249,0.076881595,-0.07774655,0.04533273,0.075475596,0.003935475,-0.16386467,-0.20627967,-0.07325513,-0.24799086,0.08673472,0.10231768,-0.00030182747,-0.22423501,-0.073601894,-0.17912649,0.009617737
409,Jack (1996),-0.17077528,0.15255183,-0.022234239,0.11674837,-0.45919454,0.13833205,0.19361962,-0.13330589,-0.3025134,0.02784192,-0.112031005,-0.25994068,0.011613327,-0.029951023,-0.059028085,-0.32420155,0.29102182,0.47323787,0.019437702,0.11278784,0.047196317,-0.10052636,0.149568,0.2026731,0.31371975,0.031930137,0.16014288,-0.25368568,0.108872205,-0.028025454,-0.07515423,-0.047586475,0.33284155,-0.21670052,-0.16417347,-0.19743013,-0.06096891,-0.21412204,0.11440771,-0.11115457,-0.1977148,-0.00070663035,0.02730899,-0.0720694,-0.11728297,0.13546023,0.39166877,-0.58633673,-0.27516,-0.22246918,0.26841095,-0.060968768,0.11323878,-0.14344645,-0.1741225,0.111947365,-0.31770727,-0.3155542,-0.0074649113,-0.3561785,-0.098420076,0.10938416,0.02406796,0.10357023
410,Kingpin (1996),-0.25209936,0.058399983,0.19116962,0.10260895,-0.24011189,0.01022221,-0.25230116,-0.12804902,-0.032231763,0.07742494,-0.07001577,-0.1772775,0.092884995,0.2203326,-0.06683741,0.084054306,0.18113375,0.16527905,0.14313294,0.20362559,0.41588637,0.08291861,-0.017555507,0.17722002,0.0769141,-0.22489719,-0.03018422,0.27939042,-0.2328705,-0.05907515,-0.024730539,-0.2658871,0.14289431,0.045791544,-0.24266504,-0.19089058,-0.21317889,-0.033718538,-0.24821307,0.14696686,-0.026452063,-0.09943928,0.036830805,0.30587506,0.07432747,-0.011452565,-0.16722879,-0.08588662,-0.22566196,-0.29742503,-0.004059862,-0.0077096354,0.14927849,-0.34928814,-0.2608523,0.14081861,-0.12047181,-0.06944457,-0.038277242,-0.17617008,-0.16783418,0.06477057,-0.117673256,0.37913674
411,"Nutty Professor, The (1996)",-0.053415306,-0.031004371,0.21164894,0.13903289,-0.58339876,0.1601033,0.013469353,-0.008617295,-0.25537702,-0.009310611,0.098592944,0.042632725,0.14840241,-0.08582657,-0.1641557,-0.059501626,0.16508843,0.013798483,0.2031303,0.26756886,0.21469802,-0.1284005,0.06407933,0.16675627,0.34178033,-0.26966694,-0.26132697,0.2816508,0.19609886,0.14892012,0.14209826,-0.31850493,0.33457202,-0.37132373,-0.1083961,-0.097927846,-0.23233984,-0.091373116,-0.16317181,0.035960697,-0.155104,-0.07483042,-0.20912556,-0.14902407,-0.0075626606,0.14784646,0.18177238,-0.17782989,-0.16926718,-0.22473574,0.00022030869,0.16347322,0.14163773,-0.28443143,-0.009960357,0.050106153,-0.17134765,-0.16769575,-0.0017065994,-0.25300905,-0.24306552,0.03797628,0.020370107,0.109110735
414,My Favorite Year (1982),0.1170335,0.033536337,0.1291179,-0.19975603,-0.12260808,0.07510538,-0.22469267,0.1981372,-0.18812428,0.29934362,0.012475862,-0.020150403,-0.20565246,0.06517821,-0.30585408,0.515438,0.1224461,-0.07747058,-0.15258922,0.09803245,-0.091792114,0.018907672,-0.27780092,-0.02152364,0.038148876,0.08136933,-0.08193171,0.21552067,-0.16530982,0.06317347,-0.052696954,0.12357199,-0.12865406,-0.40108687,-0.048803315,-0.03372914,-0.058300436,-0.4653387,-0.1333264,0.1151651,-0.18629465,0.1660952,0.03980527,0.20866585,0.006478171,0.23088852,-0.03461906,0.032491174,0.09329046,-0.029310912,-0.2596254,-0.18497282,-0.33547315,-0.112149246,-0.15433173,-0.31906396,0.10900729,-0.12887506,0.086176604,-0.18956706,-0.22754146,0.32608974,0.06257789,0.09979125
416,Old Yeller (1957),-0.0401051,-0.0034915414,0.18035233,0.014370834,-0.31126642,0.0115715405,0.09318059,0.15337273,-0.36683625,-0.04978533,0.10196094,-0.17426673,-0.119335555,-0.036753673,-0.17381033,-0.14451191,0.037719842,-0.029197942,-0.12389905,0.28692648,0.23333961,0.328716,-0.10514019,0.020663623,0.19693206,-0.027806144,-0.10914458,-0.02620102,0.13110544,0.21928486,0.4324687,0.021128252,-0.013788068,-0.33972678,-0.23247671,0.1900263,-0.29875678,-0.119114295,-0.14895439,0.124164805,0.034952253,-0.02720072,0.011600292,0.08581241,-0.09583775,0.012935584,0.36319885,-0.19621393,-0.15357198,-0.18859619,-0.3909477,0.16818741,0.332546,-0.2589033,-0.09739744,0.018029096,0.18569236,-0.059922203,-0.13781692,0.09060901,-0.33522266,0.089236476,0.15190165,-0.053426445
417,"Parent Trap, The (1961)",-0.24187937,-0.06464873,0.118471794,0.00427626,-0.3084751,0.18185523,0.0499954,0.036522686,-0.2493181,0.1946833,0.025831774,-0.046578493,0.0127348425,-0.08240177,-0.16822454,-0.18255317,-0.21651362,-0.011940672,-0.18782254,0.2058694,0.1727824,-0.013344117,0.13400403,-0.064401284,0.29298776,0.12275358,0.014568909,-0.14499463,-0.010470025,0.12552305,0.2779899,0.017344182,-0.12239948,-0.22114033,0.055669278,0.051963594,0.10646765,-0.3421073,0.13711852,0.12655737,-0.0646777,-0.13556343,0.067960404,0.1915995,-0.10076792,-0.05548694,0.030844966,-0.2078104,-0.347806,-0.062054183,-0.10425881,0.16327035,0.06811082,-0.3330488,-0.05578625,-0.13360763,0.014081549,-0.12289175,-0.114908114,-0.21037786,0.12832397,0.2842092,0.17340623,0.10359942
418,Cinderella (1950),0.0036173912,0.0064276527,0.21952754,-0.27139512,-0.028977806,0.07210118,0.22760583,0.2275766,-0.22046345,0.18769178,-0.02377241,-0.12020148,0.18335257,-0.03904935,-0.1777939,0.009269225,-0.03387661,0.20584375,-0.07604904,0.101494946,-0.09439655,0.027594542,-0.3047065,0.20437407,0.036044236,-0.125681,0.04433433,-0.010147665,-0.2575783,0.01502295,0.13404202,-0.14340864,-0.23133264,-0.28679332,-0.070387736,-0.013133878,-0.05549445,-0.07862503,-0.18824074,-0.11454852,-0.31232727,-0.048780378,-0.0052700946,0.26861927,0.13967851,0.08699206,0.24250469,-0.18930496,-0.13652366,-0.021459462,0.2354313,0.056001656,-0.054270957,-0.03917873,0.040924635,-0.017126268,0.16994573,0.01770592,0.19375819,-0.15161552,-0.24046159,-0.08605382,-0.07247069,0.23485012
419,Mary Poppins (1964),0.01941625,-0.055299062,0.14941758,-0.15554126,-0.047755454,0.014932037,0.1259841,0.14610858,0.039324418,0.16352248,0.054907065,-0.06683045,0.030475505,-0.14291379,-0.25144482,-0.23934117,0.06335136,0.09141609,-0.1486106,0.16530736,0.19239606,-0.034438703,0.036584362,0.09906485,-0.013069576,-0.053317625,0.022997182,0.018097797,-0.035282046,0.090559326,0.036235962,-0.16057125,-0.04830145,-0.15064007,0.11214207,-0.09670374,0.09648977,-0.20368141,-0.1392562,0.048945747,-0.17212833,-0.2053907,0.15161191,0.11224743,0.113564216,0.048569947,0.14635874,-0.16164225,-0.1627574,-0.11524057,0.28790572,0.09415449,-0.073055886,-0.060249258,-0.113813214,-0.046398323,0.12183359,0.011762063,0.15621474,-0.08794533,-0.2517993,0.16174643,-0.08348874,0.065552756
420,Alice in Wonderland (1951),0.13281463,0.1585355,0.18135013,-0.30002126,-0.10306553,0.23010227,-0.12315549,0.21628071,-0.39805934,0.19009915,0.10368038,0.025471065,0.2297122,0.116911255,-0.14738818,0.06741275,-0.25582948,0.11809902,-0.26230136,0.1903472,-0.08746475,-0.06674274,-0.16415548,0.43907315,0.08816229,-0.16431111,0.07008038,-0.032122817,-0.05739356,0.00075476425,-0.0059341406,-0.13051304,0.052062083,-0.29013786,-0.046881896,0.12364498,-0.07345162,0.0025397332,-0.083030134,0.30550876,0.0011422556,-0.17030373,0.24760252,0.16193336,0.07396755,-0.00772807,0.35241202,-0.35067722,-0.15638202,-0.005785255,0.13016182,0.035758212,0.14243786,-0.15540309,-0.035881873,0.09531747,0.13140075,0.03496756,0.12556748,-0.13917549,-0.24360876,-0.049168117,0.12752862,0.03498506
421,William Shakespeare's Romeo and Juliet (1996),-0.07200533,0.119032376,0.23576906,0.06464569,-0.013082758,0.15989545,0.10537348,0.3096309,-0.19532089,0.10972003,-0.10143567,-0.009041019,0.035978384,-0.033483826,-0.20757975,-0.05496511,-0.07945421,0.24558893,0.04286783,0.046329256,0.0077433195,0.21990456,0.06972681,0.017193088,-0.049457967,-0.20026267,0.2998974,-0.16387054,-0.18872368,-0.121376984,-0.18804538,-0.15582111,0.003987378,-0.14074306,-0.25679445,-0.15897661,-0.012140064,-0.11817167,-0.06995542,0.08269625,-0.06584547,-0.0050521675,0.12830114,0.3020513,0.14683773,-0.2011452,0.051822633,-0.3758386,-0.10780446,-0.01713928,-0.058107812,0.08126767,0.08519257,-0.15849058,-0.23202021,0.049753327,0.22180542,0.06852304,-0.0095181335,-0.11905906,-0.1475894,0.17121586,-0.04975792,-0.029496256
423,E.T. the Extra-Terrestrial (1982),0.1692032,0.16933902,0.27695695,0.04722788,-0.15263455,0.19772811,-0.13280453,0.115632854,-0.05564627,0.19924949,-0.04158593,-0.030468961,0.0065420833,-0.12487094,-0.0059878523,-0.108482055,-0.014685079,0.102357194,-0.065858305,-0.016906815,0.3048062,-0.050112315,0.07464831,-0.03468033,-0.052914318,-0.09440208,-0.04062449,0.024520855,-0.0963851,0.11999943,0.13872257,-0.029142415,-0.07302519,-0.25614017,0.046130717,0.051764622,0.1273887,-0.123323314,-0.07721702,0.09300627,-0.0629554,0.08813437,0.056709874,0.11096963,-0.1845463,0.021322632,0.03651447,-0.12937543,-0.11072898,-0.09247291,0.14538506,0.20385371,-0.010527715,-0.17017002,-0.21768284,0.02770465,0.10767154,-0.033467393,-0.12185138,-0.071299255,0.02969827,0.059434563,-0.07312449,0.09400536
425,Bob Roberts (1992),-0.0021224774,0.21223454,0.09222942,-0.049488522,-0.048771143,0.01057135,-0.1557123,0.1507959,0.120372936,-0.019740265,0.13367128,-0.06442994,0.15316233,0.0679709,-0.021325396,0.032231983,0.14647427,0.04576066,0.009623692,0.20930399,0.01760554,-0.016242985,-0.14490066,-0.19595665,0.15433984,-0.14695431,0.34754157,-0.16737206,-0.14224842,0.21400484,-0.14954302,-0.13761865,-0.16924399,-0.15117988,0.221212,-0.02359967,0.050775148,-0.05107409,0.0009445742,-0.020746516,-0.14750391,0.08081747,0.021786585,0.24262443,0.00089809747,0.03332048,-0.1180761,-0.29886368,-0.20377709,-0.031359687,0.005903618,0.2845585,-0.031139353,-0.33862814,-0.07769533,-0.049651876,0.03394496,0.08725932,0.011988135,-0.14850749,-0.32018483,0.08725669,-0.058343686,-0.10054706
427,To Kill a Mockingbird (1962),0.17070487,-0.0740221,0.18129939,-0.11542965,-0.0027817597,-0.050328504,-0.09201744,0.08405179,-0.07299189,0.12455494,-0.17020224,0.008619621,-0.039410535,-0.07435883,0.06355191,-0.06546265,-0.015043044,0.2021698,-0.09373138,0.056549534,0.19863456,0.11105431,-0.058006793,0.07368085,0.16036832,-0.0566095,-0.16780064,0.020393094,-0.09074866,0.20567177,-0.21967064,-0.020824911,-0.18155652,-0.08095145,0.035290457,0.010362222,-0.02851093,-0.16935776,-0.06465546,0.028654827,-0.085491695,0.052086886,0.02382441,0.09202448,0.23426956,0.08453445,0.0384363,-0.2025527,-0.13887098,-0.08820162,-0.030070916,0.16780186,-0.09220408,-0.24733546,-0.21868348,-0.046097603,0.15122053,-0.073820025,-0.08364351,-0.041292273,0.11123291,0.16740072,0.12249576,0.047256645
428,Harold and Maude (1971),-0.057446744,-0.021880722,0.18533297,-0.009837728,0.05338391,0.12223103,-0.088769384,0.16695613,0.0067754327,-0.041434575,0.04692556,-0.13433339,0.08285071,-0.088233516,-0.30625543,-0.05852432,0.22729687,0.10888043,-0.14193192,0.33041945,0.16479692,0.11100707,-0.25475404,-0.12593842,0.1709042,0.034683745,0.039810292,-0.06778792,-0.044226736,0.05853448,-0.26401362,0.0995158,-0.017256318,-0.12834843,0.15259232,0.19085571,0.16579741,-0.19856656,0.021541439,-0.05757989,-0.18054278,-0.10464142,0.07050187,0.037516117,0.011317881,-0.024824211,-0.066611625,-0.3509599,-0.01602972,-0.15283433,0.0007955676,0.14924483,0.18062058,0.09378209,-0.25215355,-0.047923647,0.020052776,0.07273392,-0.0024318865,-0.061908443,-0.19945452,-0.013806538,0.03724395,-0.008654451
429,"Day the Earth Stood Still, The (1951)",0.13967092,-0.05909736,0.047480125,0.26518998,-0.16841309,-0.0018913014,-0.2587828,0.007270788,-0.039109934,0.26881742,0.0073849033,-0.05390587,-0.11764251,0.12802595,-0.0615331,0.052417442,0.09591424,0.22971559,-0.32631055,0.28040367,0.106217206,0.02552095,-0.21784241,-0.07559967,0.062684946,0.14266226,0.14693004,-0.009014561,-0.20753069,0.28166446,-0.04421586,-0.13398708,-0.01507465,-0.3899486,0.057866823,-0.019184288,0.056455992,0.07257669,0.14566189,-0.14450037,0.046968155,-0.2444809,0.061294235,0.20533292,0.10732554,0.109089755,0.0246556,-0.12744516,-0.04596816,-0.22073412,-0.19625765,0.0012521966,-0.05637797,-0.07004177,-0.054033827,0.006772424,0.15154198,-0.003991764,0.11187054,-0.2823838,-0.1059437,0.0006863126,0.0761863,0.04752546
430,Duck Soup (1933),-0.022481408,-0.30089155,0.15425895,0.028944036,-0.12206185,0.06377854,-0.33131215,-0.04487332,0.17333019,0.19039388,0.045253113,-0.114121675,-0.002684861,-0.08037064,-0.24613586,0.009849875,0.024823597,0.28242764,-0.34792712,0.09947241,0.104112536,-0.07776321,-0.11707491,0.14063585,0.19306833,-0.12011172,-0.14118198,-0.09791164,-0.1859959,0.024599941,-0.11787525,-0.34929317,-0.053628236,-0.12765215,0.09851571,0.04653861,0.10590453,-0.11614238,0.18316486,-0.04055402,-0.021136275,-0.11533278,0.020140097,0.21633166,-0.09757703,0.14618169,-0.1253158,-0.16438846,-0.10542497,-0.16664732,-0.17970756,0.07505955,0.072253145,-0.06863883,-0.25228092,-0.08292795,0.040384986,0.0271835,0.070876874,-0.11805742,-0.022197315,0.04736173,0.08149417,-0.13496707
431,Highlander (1986),0.09357045,0.06384931,0.24725562,0.105912596,0.0441366,0.16186708,-0.017231364,0.089652196,-0.13849695,0.052846905,-0.09406562,-0.13076288,0.25775492,0.025924757,-0.2622841,-0.09475782,0.17933388,0.15228558,-0.021404436,0.15924247,0.017030373,0.117947794,0.045332003,0.054366846,0.028737651,-0.073366806,0.16330905,-0.08220761,0.28037068,0.13393676,0.0913614,0.04118836,0.0019155525,-0.094290085,-0.072553,0.05282841,0.099372335,-0.008097335,-0.019698206,-0.16915306,0.11745032,-0.2852278,-0.10074559,0.19138658,0.050372876,0.043103516,-0.15868929,0.011669329,-0.09983416,-0.11353071,0.030478513,0.17546935,-0.06322683,-0.27599728,-0.2651144,0.12490768,-0.021414496,-0.087599866,0.06918979,-0.32878542,-0.23036379,0.22044317,0.20314066,-0.004887891
432,Fantasia (1940),0.053923286,-0.100599475,0.19974716,-0.07017885,-0.0049525825,0.1993876,-0.035150707,0.04472341,0.0047858357,0.13101566,-0.2211121,0.020403177,0.04359625,-0.13340022,-0.2656877,-0.09623407,0.11463341,0.3032154,-0.22796579,0.15193772,0.17231089,0.10688777,-0.12829317,0.11404481,0.02698304,0.014589343,0.029522734,-0.05497804,-0.2112111,0.27964053,0.017133696,-0.03744421,0.024826914,-0.16094166,0.21999753,0.029447077,0.14173518,-0.09045476,0.009177592,-0.08276441,-0.10622525,-0.06253083,0.114286564,0.08226482,0.15659773,0.05476912,0.12040958,-0.07839553,-0.06390175,-0.09078354,0.08529725,0.050612938,0.021669146,-0.043100305,-0.1386747,0.23057726,0.070026435,-0.064832,0.20553847,-0.051280234,-0.08618098,0.070010126,-0.1052384,-0.010217756
433,Heathers (1989),0.13411804,-0.114433594,-0.020173173,0.13232735,-0.054945238,0.2956146,-0.12911409,0.070735864,-0.103709735,0.07822881,-0.07612174,0.007131567,0.1587865,0.02068595,-0.14867146,-0.12526932,0.060196735,0.3235988,0.09199286,0.010255345,0.045472097,0.033869762,-0.08723141,0.01809661,-0.036101416,-0.096873306,0.16035649,-0.1712585,0.029672595,-0.04347965,-0.17074704,0.06261991,0.091335125,-0.08344522,-0.11475441,0.20137271,-0.07665046,-0.13836943,-0.07067963,0.079171,-0.13074107,-0.10913276,0.11838935,0.050306417,0.067830555,0.058932785,-0.17423509,-0.27477548,-0.073598884,-0.07149686,0.040629394,0.2165909,0.0111293355,-0.2443053,-0.12542017,0.11328371,0.16997394,0.10685739,0.105680786,-0.12123614,-0.29447624,0.28026995,0.1860694,0.09890113
434,Forbidden Planet (1956),0.0068510696,-0.26808602,0.23457149,0.041544788,-0.15006796,0.116741166,0.07257749,-0.07860686,-0.2388199,0.11542371,-0.054862753,-0.2029688,0.047649547,0.18940091,-0.039496325,0.17462881,-0.052004658,0.08615221,-0.34280685,0.32075122,-0.04055662,-0.032891892,0.04345888,0.0694216,-0.023424838,-0.022815792,-0.010610729,0.07059152,-0.24066412,0.3850559,0.11720292,-0.09272557,-0.40517914,-0.32094324,-0.06017988,-0.049795177,-0.04021758,-0.17372717,-0.12297469,0.22780356,-0.16181931,-0.02402176,0.07562209,0.3830706,0.050478775,0.047702998,0.14948,0.07726736,0.15118611,-0.17624609,-0.41735756,0.08517049,-0.0863068,0.105655774,-0.33557278,0.08364898,0.07447122,0.36220086,0.022574726,-0.3496508,-0.12243177,0.2452379,0.17296335,-0.17369282
435,Butch Cassidy and the Sundance Kid (1969),0.089428164,-0.05136839,0.1358771,-0.16337916,-0.053825337,0.08958408,-0.12962209,0.14945376,-0.096577086,0.050352305,-0.12420311,0.12659769,0.043566648,-0.25225076,-0.06730074,-0.02174352,0.022099342,0.12953247,-0.2609883,-0.020487359,0.23476036,0.057658557,-0.09562343,0.090224035,0.2285911,-0.17540377,-0.054065246,-0.08073693,-0.100120336,0.21201485,-0.13547756,-0.15364254,-0.024988955,-0.13262929,0.10379203,-0.072468065,0.22644752,-0.07527036,-0.09886015,0.02417275,0.040236183,0.13253534,0.070195965,0.022151146,0.006290639,0.13685891,0.00646092,-0.12285424,0.05448806,-0.17853284,0.0751987,0.036399394,-0.091192335,-0.13608313,-0.13581973,0.019104673,0.13152954,-0.0505096,-0.031755116,-0.24642134,-0.031922445,0.03766174,0.0070369383,0.12664661
436,"American Werewolf in London, An (1981)",0.17032926,0.11326109,0.020431994,0.09691158,-0.149009,0.12666254,-0.07706745,0.18667667,-0.38086358,0.095775396,0.020996578,-0.07430083,0.0461518,0.07446533,-0.33500376,-0.0852307,0.14388062,0.14042957,-0.32487035,0.20453323,-0.021223558,-0.02864552,0.015990635,0.040839985,-0.10177547,0.009448402,-0.071247146,-0.119902946,0.016818868,0.17939277,0.13650748,-0.08410336,0.012529485,-0.03269846,-0.07535,-0.10843307,-0.058788817,0.06852235,-0.070284,-0.010460362,-0.047431063,0.054786317,-0.08739509,0.46765497,0.23005247,-0.06311087,0.15323028,-0.42878443,-0.0773076,0.07224178,-0.29241928,0.098833665,-0.0011643673,-0.109233886,-0.21488662,-0.22430046,0.08161755,0.40010482,0.068232745,-0.22651927,-0.00664349,-0.026900074,-0.03933707,0.0011151229
443,"Birds, The (1963)",0.068692304,0.06546756,0.29485464,0.033396672,-0.07440794,0.28512618,-0.034957588,0.058867786,0.0025628128,0.08153659,-0.04324774,-0.048913468,0.026291912,-0.13261534,-0.13767886,-0.12154946,0.036809813,0.1698812,-0.18618388,-0.11575641,-0.032294586,0.037839506,-0.13385513,0.019421972,-0.04185571,0.00595944,-0.019443972,-0.03517288,-0.18882859,0.19081949,0.01035769,-0.2469276,0.09444003,-0.08945178,0.19109415,-0.053378556,0.045733683,-0.18963984,-0.08989439,-0.0203307,-0.0266217,-0.06130938,-0.014893835,0.08147038,0.06292108,0.0518984,0.13439961,-0.21175803,-0.10877612,-0.09596152,0.015504163,0.21502584,0.059202984,-0.06135706,-0.2592547,-0.0751289,0.07798916,0.048760045,-0.025326848,-0.14272021,-0.1022621,0.21699744,-0.11880062,0.06341174
447,Carrie (1976),0.0144640645,0.048626408,0.22521308,0.10056265,-0.10518946,0.09098622,-0.016736323,0.27542517,-0.07743754,0.033901937,0.12449834,-0.03369165,0.16260143,0.06779214,-0.16074945,-0.103936225,0.16576721,0.18838564,-0.09861093,0.13556132,0.033094484,0.1952663,-0.12495446,0.09051946,0.010938047,-0.15722685,0.08318682,-0.029374398,-0.16001216,-0.04966499,-0.15426837,-0.09241277,0.16570072,-0.19401132,0.059952777,-0.13638122,0.14546835,-0.072363265,-0.02266446,0.03619293,-0.031066123,-0.13116795,0.14863802,0.43142426,0.17115745,0.07176652,0.17829384,-0.26465145,-0.080795184,-0.027218843,0.057473525,-0.03619837,0.0028275722,-0.14906183,-0.07177194,-0.1728355,0.15331502,0.24935664,-0.026449133,-0.13874388,-0.06698014,0.08634325,0.05003308,-0.07716463
448,"Omen, The (1976)",-0.21828093,-0.22326742,0.28974435,-0.020781912,-0.49752003,0.04929755,0.068163,0.26891252,-0.37062025,0.040979687,-0.052657004,-0.0072251745,0.1330574,-0.08762681,-0.05430374,0.009838553,0.07708504,-0.1538927,-0.1530824,-0.11119737,0.18438901,0.07121225,-0.032979876,0.18495078,0.12680343,0.19901936,-0.026798561,0.2941574,0.10679502,-0.1476782,0.24540173,-0.0022378205,0.10898559,-0.01483825,-0.24744874,-0.16849549,0.07143471,-0.06545471,-0.12776749,0.16489686,-0.18297467,0.09263729,0.15426885,0.2848424,0.26374346,-0.32024577,-0.11934409,-0.3994674,-0.21051778,0.11685015,-0.27998856,0.173244,0.069986835,-0.29035982,-0.3466659,-0.27085438,0.2573472,0.09815031,0.28891975,0.02753959,-0.014725316,0.33726573,0.009094868,-0.0189902
449,Star Trek: The Motion Picture (1979),-0.32659063,0.15385881,0.35079303,0.17725043,-0.26239535,-0.050710622,0.24088012,0.22022305,-0.47719267,0.33670732,-0.1858756,-0.26616094,0.00094661687,-0.15381444,-0.14389366,-0.23238705,-0.04838995,0.27677295,-0.24428964,0.15409401,0.07569408,0.21889527,0.09028878,-0.16196795,0.1908205,-0.11537816,0.034076087,-0.10847062,0.22682217,-0.005160249,0.26648968,0.008663394,-0.15066141,-0.34051892,-0.17920887,-0.20327315,-0.39073405,-0.18966731,0.012894548,-0.06783256,-0.001876444,-0.13798267,-0.16088639,0.37960318,-0.13760324,0.0021705292,-0.23402773,-0.26861417,0.18134202,0.18040991,0.28474212,0.2468027,-0.00080672855,0.13813701,-0.12515806,-0.07218155,0.103998534,-0.20786396,-0.020579549,-0.14629619,-0.22087374,0.09669621,0.24160732,-0.07170483
451,Grease (1978),-0.086679414,-0.14141901,0.3809241,-0.013917755,0.017579166,0.041069895,0.13026927,0.17683497,-0.13090922,0.033558916,0.15492348,0.069602415,0.04319187,-0.11295492,-0.15529203,-0.13985424,-0.1746799,0.16403398,0.102995425,0.1678974,0.02144057,0.06628087,-0.10139009,0.31607008,-0.092643544,0.14220786,0.2548866,-0.17347355,-0.08667908,0.22746257,-0.001689749,-0.16606034,0.06007008,-0.19592543,-0.03382488,0.02657349,0.1642868,-0.15893735,-0.2796969,0.04279557,0.028025037,0.08782654,-0.037782796,0.19302939,-0.118996374,0.21737675,0.12489367,-0.21993901,-0.12791635,-0.1268149,0.10795328,-0.068912975,-0.11390632,-0.18740007,-0.1769114,-0.051733006,-0.017132856,-0.13455682,0.12687932,-0.24235208,-0.07181825,0.23762539,-0.060765363,0.020096404
455,Jackie Chan's First Strike (1996),0.20320274,-0.11529016,0.20468523,0.16906118,-0.30954397,0.052555062,-0.11017516,0.18498586,-0.36306125,0.118136115,-0.23534304,0.11091332,0.1887591,0.19490306,-0.3338799,0.020553712,0.050151743,0.34681228,-0.116922274,0.47791946,0.08215585,-0.2735845,0.2749826,0.16175129,0.20149258,-0.06386384,-0.11103983,0.07542225,0.15158613,0.0051101563,-0.1102888,-0.19116066,0.15281643,-0.25760603,-0.16062276,-0.30296877,-0.07472501,-0.1246293,0.013897035,0.16704859,-0.03338464,-0.17226137,-0.18384081,0.23016581,-0.103065446,0.06671537,-0.13688321,0.029526802,0.145508,0.012549791,0.025192576,-0.0034314021,0.2285732,-0.39488813,-0.01412873,0.059216686,0.10565644,0.17484374,0.19890946,0.026229348,-0.23921011,0.13438624,-0.13188265,-0.048680026
458,Nixon (1995),-0.019672805,-0.55023396,0.1559809,-0.06263002,-0.3938419,-0.095886365,-0.082968764,0.15019965,-0.18704309,-0.07554225,-0.076941706,0.33671132,0.30073908,-0.20339788,-0.22010687,0.103448264,0.05978529,-0.07422271,-0.05905907,0.19692153,0.0390454,-0.011307185,0.16883421,-0.004805405,-0.029998323,-0.16055913,-0.0048270626,0.01012052,-0.17063534,0.13312127,0.06452463,-0.026297279,0.15574771,-0.35134855,-0.07350544,0.27160284,-0.062827714,-0.14766341,-0.08200526,0.0695053,-0.22120056,0.108639866,0.13751899,0.14499722,0.07409035,-0.014479179,-0.18821068,-0.28237355,-0.40726924,0.17651874,-0.003639374,0.033782743,-0.12763715,-0.12345863,-0.22708313,-0.22666954,-0.19056521,-0.13521871,-0.24472617,-0.328872,0.242721,0.22096436,-0.029152328,0.15058242
461,Smoke (1995),0.093765445,-0.109429285,0.4188679,-0.17503862,-0.2391755,0.28656623,-0.18310678,0.30897337,0.006089666,0.21801956,-0.16354178,-0.003951144,-0.05326595,0.31176764,-0.046024203,0.19159232,0.019250693,0.34345186,-0.07797749,0.24124967,-0.06306412,0.26168352,-0.01637594,0.07505906,0.1253896,-0.03311889,0.18242526,0.14080147,-0.14268908,0.11197398,-0.0071181776,0.106630504,0.016044643,-0.13349329,-0.07373395,-0.24461809,0.17040458,-0.2293972,-0.103272855,0.045072194,-0.3052809,0.14886935,-0.0029030354,0.12370535,0.081401825,0.17270486,-0.038388312,-0.08330706,-0.10492596,-0.090289,-0.17706329,0.08630695,-0.008602706,-0.17305897,-0.104293436,-0.2344434,0.08057751,0.24177863,-0.048380088,-0.067993455,0.020882033,-0.06278267,-0.22688158,-0.27902362
462,Like Water For Chocolate (Como agua para chocolate) (1992),0.20646682,-0.11031907,0.19706845,-0.09298219,0.06388958,-0.071504824,-0.26245296,0.18776418,-0.11931418,-0.057086565,0.10420357,-0.065896586,0.12288128,-0.06906931,-0.17216852,-0.26752797,0.24609049,0.3301045,-0.21341886,0.16477342,-0.07600857,0.24696876,-0.0447373,-0.07112442,0.100598715,0.047600433,-0.17487225,0.16876702,-0.073093854,0.047694854,-0.14185071,0.0037150371,-0.10089646,-0.121474095,0.14564238,0.0021113085,0.07504304,0.02587353,0.006293937,0.053526197,-0.122953154,0.07059004,-0.09626707,0.073621854,-0.049186803,0.16149476,-0.040433478,-0.3319848,-0.12926967,-0.07474984,0.04177372,0.037874702,0.023941856,-0.11740981,-0.05314421,-0.10368668,-0.086238466,0.063283555,0.100130275,-0.0372695,-0.21177855,0.14814146,-0.08768867,-0.014829099
463,"Secret of Roan Inish, The (1994)",0.17186503,-0.17845501,0.3474042,-0.10758979,-0.041599292,0.08053371,-0.13811833,0.2580703,-0.21124712,-0.14756544,0.034192022,-0.20949383,0.05556958,0.016211353,-0.06555579,0.1526417,-0.06062299,0.1718465,-0.21338758,-0.026163442,0.12550592,-0.1079689,-0.21106003,0.17359735,0.25837678,0.12538151,0.15705268,0.0037380955,-0.15013118,0.149994,0.20700584,-0.05057571,0.007426559,-0.19609329,0.24448408,-0.0058708377,0.018927135,-0.10940511,-0.041139696,0.2439578,-0.36401847,0.036387444,0.04389097,0.27508625,0.06351772,0.0065795197,0.24116358,-0.18490706,0.05243272,0.024893817,-0.12016378,-0.13693143,-0.172251,-0.06345459,-0.28894982,0.022237575,-0.14199604,0.2016088,-0.10564658,0.013263185,-0.29595292,0.08046474,-0.11594953,-0.01830434
465,"Jungle Book, The (1994)",0.12224856,-0.024973836,0.08241563,0.05428022,-0.22696286,0.12300468,0.03253809,0.09493361,-0.3214848,0.24990249,-0.01151053,-0.096544415,0.12122234,0.11882519,-0.16706505,-0.14342111,0.12388735,-0.01134591,-0.14118558,0.06059519,0.07826607,0.33639562,-0.100391336,0.38651803,-0.01396689,-0.23865584,-0.11003946,-0.07865073,-0.12388538,0.08898063,0.028954336,-0.26190323,-0.030758787,-0.44185466,0.0025483244,-0.015977109,-0.18242373,-0.093065195,-0.054491542,0.043657277,0.25053412,-0.14554499,0.15865876,0.19045894,-0.3980255,-0.028375156,0.39701435,-0.39209914,-0.132515,-0.013106629,0.13329315,0.14741172,-0.12719855,-0.027340831,0.19733153,0.038209513,0.23475046,0.10489152,0.06205062,-0.18874618,-0.28426033,0.033492696,0.21565548,0.22367942
466,Red Rock West (1992),0.017323142,-0.28304982,0.30166507,0.008968241,-0.56151587,0.091070734,-0.28703722,0.030612625,-0.31472713,0.14013565,-0.17848761,-0.019641822,0.050984457,-0.034183536,-0.22650154,-0.034089293,0.01844651,0.018069059,-0.14736076,0.010735701,-0.10257506,0.24215129,-0.11884038,0.04748048,0.019871635,-0.11648278,0.01237731,0.09414053,0.044098917,-0.021504933,0.3161905,-9.3613835e-07,0.09407846,-0.09153124,-0.13225603,0.01132732,-0.06704784,-0.07212267,-0.107705966,0.25349295,-0.14261818,-0.04551031,0.20870632,0.20954283,0.1113485,0.165425,-0.09956191,0.06391035,-0.069079034,0.020656733,-0.288541,0.13407007,0.13851789,-0.2672012,-0.22344354,-0.16600436,0.25502047,-0.0014080039,0.053485096,-0.15188731,-0.086078905,0.055929877,-0.061498903,-0.2351676
467,"Bronx Tale, A (1993)",0.10799528,-0.13701122,0.28617325,-0.09000645,-0.34704205,0.003936072,-0.31786427,0.3242013,-0.22315018,0.16558187,0.040797666,0.09294755,-0.06190382,-0.30167037,-0.2903071,0.23434627,0.18236697,-0.09135309,-0.12062438,0.062731974,-0.014380581,0.11223524,-0.23197128,-0.2350034,-0.102164045,-0.026413606,-0.08899792,0.02617204,-0.2545488,-0.046513196,0.26089782,-0.023024065,-0.021723825,-0.072940044,-0.015381538,0.0076359496,-0.25826803,0.1509009,-0.32873222,0.047472596,-0.29517838,-0.27603695,0.0274334,-0.024103075,-0.025973551,-0.0052740057,-0.12302947,-0.028685626,0.02480014,0.2039274,-0.24939471,0.054376207,0.12612525,-0.5640951,-0.063545674,-0.22261314,0.39925358,0.052741952,0.1601404,-0.5172385,-0.12910296,0.019645274,-0.29205707,-0.08171307
468,Rudy (1993),-0.14554498,-0.040836737,0.18804301,0.111432806,-0.27905333,-0.14037877,-0.13483398,0.05981725,-0.17779846,0.1949236,0.20350032,-0.06724438,0.16586241,0.05925514,-0.14215821,-0.051593356,0.22301309,0.12665124,-0.137491,0.21693407,0.23715135,0.4027936,0.186856,0.13500515,0.19369395,-0.089830324,-0.07591465,-0.43726087,-0.031448923,0.009927002,0.45697403,0.024262317,0.19483204,-0.37295833,-0.17080319,0.11893725,0.28034005,-0.2526399,-0.050263926,0.22159535,0.16527294,-0.056502726,-0.2392432,-0.27658054,-0.087162,-0.0071913996,0.43650255,-0.4105582,-0.022187756,-0.33164367,-0.17769982,0.11079255,0.016812485,-0.20350347,0.0020114267,-0.010896293,0.14254625,-0.12304267,0.07031955,-0.089819945,-0.09002476,0.06355444,0.20553592,-0.026047261
469,Short Cuts (1993),-0.08931535,0.1074453,0.25502133,-0.19751984,-0.12307744,0.1267782,-0.23181021,0.2570995,0.02865594,-0.08169285,-0.1013134,-0.12248654,0.048096564,0.087489456,-0.09810586,0.023859756,0.0008305297,0.087068476,-0.12005855,0.21222754,-0.11371171,0.11778967,-0.12761304,-0.14128906,0.2963675,-0.20994614,-0.03905179,0.009343521,-0.045197915,0.08389166,0.20625456,-0.12335744,0.14344555,-0.32959569,-0.07912214,-0.10560673,-0.0097592855,0.014853028,-0.029024715,-0.018507304,-0.19532834,0.026368607,0.0066207238,0.33772323,0.114852384,-0.08779005,-0.15198077,-0.24274129,-0.03217453,-0.09411535,-0.0674504,0.10202437,0.014143603,-0.14491749,-0.11036579,-0.09336622,0.09205477,0.1593885,0.1331134,-0.14415793,-0.14876184,0.07188188,-0.14259265,-0.17146869
470,Tombstone (1993),-0.016047737,0.13243227,0.15326443,0.17662157,-0.21798363,0.13275728,-0.057600822,0.046300426,-0.2513985,0.23157604,-0.106512874,-0.13264374,0.16542089,-0.09253002,-0.19655047,0.007714151,0.005633039,0.18267648,0.067447074,-0.14279686,0.0800603,0.11756389,-0.06773016,0.060244232,0.047734957,-0.09099657,0.055660922,-0.08006785,0.16420911,0.047694504,0.100432605,-0.06647211,0.2970423,-0.30291116,0.07514297,-0.1739369,-0.02440487,0.046512116,-0.17457148,0.09062677,-0.03779174,-0.12823658,-0.002139881,0.065441914,0.17226532,0.18163782,0.07401197,-0.29765412,-0.035819862,-0.18412766,0.11373036,-0.006414658,-0.14066291,-0.2091463,-0.13085616,-0.15403315,0.21944977,-0.23713677,0.23114663,-0.106295876,-0.14017697,0.27822724,0.12019131,-0.2871492
471,Courage Under Fire (1996),0.12738575,0.16250311,-0.06660144,0.022869289,-0.1594689,-0.0004911143,-0.07269433,-0.01919833,-0.09084323,0.0045030895,-0.3486825,-0.26295426,0.15482038,0.10081411,-0.2648229,0.020553544,0.17563713,0.03876177,0.2173382,0.104931094,0.20073132,-0.07021812,0.0052318065,0.06394668,0.074351445,-0.08692282,0.0667513,-0.10706884,-0.054936815,0.014450505,0.091929175,-0.07003679,0.07243636,-0.19445384,-0.08738226,-0.057020508,0.038877532,-0.020299008,-0.31133348,-0.08705115,-0.2915344,-0.15608321,0.23513104,0.10140386,0.015587325,0.12940809,-0.09040129,-0.35978225,-0.29201543,-0.13641922,-0.023775011,0.081716426,-0.04158074,0.057286523,-0.23932269,-0.114200965,-0.010990875,-0.10509608,-0.059478678,-0.08201256,-0.1346961,0.12354251,0.06255769,0.23068991
472,Dragonheart (1996),0.11302921,0.24325758,-0.040611356,0.035783455,-0.40481243,-0.35030296,0.2315727,0.011247069,-0.084279865,0.07232437,-0.19442149,-0.18874267,0.21706983,0.02243188,-0.32216832,-0.020740325,0.2232324,0.2993354,-0.049976658,0.19889715,0.3844639,0.19414838,0.22786348,-0.07905603,0.09642349,0.029399507,-0.43081355,0.05999482,-0.18975353,-0.05965552,0.29753265,-0.064065754,0.09601347,-0.23153847,-0.06699181,-0.34306914,-0.05214443,-0.22607909,-0.017753782,-0.10840062,-0.20689675,0.12750302,-0.3478875,0.049209837,-0.1861473,0.0014985423,0.341047,-0.3352715,-0.0057588173,-0.19959459,-0.0037155338,0.15943338,0.060260195,-0.07691609,-0.23674282,0.0095476,0.14061782,-0.027246058,-0.17165674,-0.3173792,-0.24176398,-0.02393631,0.11043662,-0.07903506
473,James and the Giant Peach (1996),-0.014709367,-0.12554629,0.27662513,-0.08225751,-0.3914291,-0.1200889,-0.13666777,0.10566292,-0.3119612,-0.0043827444,0.029934969,-0.08560352,0.0010048549,0.25772488,-0.16351481,0.12954634,0.117222786,-0.10363798,-0.34195304,-0.018259369,-0.036149334,0.09617758,-0.08863064,-0.06805407,0.22129816,-0.21295746,-0.069835365,0.076457106,-0.06647914,-0.16390248,0.13736355,-0.11793163,-0.19539368,-0.1456588,-0.2894188,-0.10232741,-0.047255494,-0.15627293,-0.121086866,0.26382452,-0.1153305,0.04657239,0.16718033,0.16641842,-0.1019471,0.07955547,0.0962563,-0.14742921,-0.11141912,-0.07176066,0.037976176,-0.045564864,0.069796145,-0.3238305,0.05671759,-0.044542246,0.04015558,-0.15770634,-0.050094157,-0.449641,-0.0799157,0.21670617,0.11914143,0.09050153
474,Dr. Strangelove or: How I Learned to Stop Worrying and Love the Bomb (1963),0.14925234,-0.20931585,0.22079787,0.019686753,0.12978336,0.08492163,-0.31925383,0.16480038,-0.03926293,0.026644453,-0.24745244,0.025881968,0.02164633,-0.09310783,-0.09197249,0.053681903,0.043146573,0.20026855,-0.15914385,0.12803097,0.013827792,0.14979908,-0.10172521,-0.05415408,0.06440036,-0.05357803,-0.16906388,0.13593878,-0.0067327586,0.06449576,-0.20111154,-0.050879233,-0.2080758,-0.085989095,0.0031593686,-0.11865585,0.10485531,-0.13416387,-0.03774311,-0.004172868,-0.09028104,-0.10451469,0.019161949,0.02346598,0.21619865,-0.00071515347,0.1528448,-0.34447026,0.0751979,-0.053370953,-0.0021092985,0.17427273,-0.07343662,-0.091849506,-0.23446395,0.054435745,0.04170868,-0.15751554,-0.025392536,-0.010441989,-0.056564268,0.11004064,0.07671016,0.06384616
475,Trainspotting (1996),0.06472128,-0.14439435,-0.16423202,0.020175444,-0.068205185,0.033200268,-0.31953475,0.22941862,-0.30490112,0.090632774,-0.03656504,-0.23546524,-0.077465534,0.29590008,-0.18189585,-0.08794581,0.030131027,0.20991626,-0.07330125,0.12827471,0.06293844,-0.038211904,-0.07298584,0.04214326,0.027556151,-0.118114986,0.06047493,0.013978367,-0.17996445,-0.17367557,-0.083894774,0.087841235,0.17153637,0.033374723,-0.025564305,-0.048093855,-0.13243167,-0.013854038,-0.056984648,0.21397053,-0.20865573,0.13846464,0.041501712,-0.0017929322,0.09340456,0.18528211,-0.15510955,-0.19583413,0.11940831,-0.10210539,0.23555604,0.17460284,0.12094527,-0.4176003,-0.35193965,0.1526827,-0.10455911,-0.025537973,0.13052577,-0.19379579,0.006501332,0.165833,0.098314814,0.123349965
476,"First Wives Club, The (1996)",-0.05438926,-0.12379878,0.16851147,0.03034156,-0.4726672,-0.1806605,0.29188216,-0.10412962,-0.07965612,-0.0385869,0.064294025,-0.16899684,-0.0076173893,-0.1836456,-0.23543192,-0.117019795,0.24247585,0.521266,0.038898032,-0.08278803,0.21602231,-0.09890048,0.120474316,0.067303814,0.12288984,-0.47546825,-0.05871131,0.23477878,0.1526397,-0.07009917,-0.18193561,-0.27202302,0.2847067,-0.026962237,-0.4493625,0.11138776,0.1193426,0.06268009,0.043749027,0.11172656,-0.5014863,0.094713196,-0.17028567,0.09299526,0.22387351,0.18956454,0.081994854,-0.13425358,-0.7826915,-0.2579463,0.15764794,-0.020770319,0.04460654,0.14419833,-0.36182046,-0.10921632,-0.3363222,-0.5216458,-0.5298363,-0.500007,0.11186948,0.32242268,-0.16300201,0.38234296
477,Matilda (1996),-0.1262061,-0.17279197,0.16846195,0.21207029,-0.5300488,-0.115705565,-0.06311245,0.01370035,-0.1416921,0.14516783,0.031986598,-0.09125229,0.13062346,-0.019173402,-0.37341183,-0.15642102,-0.048993554,0.20124608,-0.035047162,0.32179493,0.036410794,-0.028414065,0.021406826,-0.21693434,0.28161,0.14938073,0.094552785,-0.2667061,0.0375365,-0.23350254,0.2148234,-0.23477381,0.023046523,-0.3120699,0.06596159,-0.13852623,-0.04602219,-0.26367664,-0.014169111,0.12114115,-0.14184909,-0.25966737,0.24506803,0.06635927,-0.059472855,-0.1705149,0.45959958,-0.18704666,-0.3185261,-0.11192491,-0.14855291,0.10955581,0.0576726,-0.20984486,-0.052986044,-0.12070833,-0.11473202,-0.25375697,-0.09423909,-0.24564089,0.14223303,0.2992394,-0.019304896,0.097275466
478,"Philadelphia Story, The (1940)",0.0140082855,-0.14625968,0.22480674,0.047917567,0.08957903,-0.0033026333,-0.25816008,0.27091777,0.1576411,-0.059014086,-0.11941304,0.0060206833,-0.07089935,-0.06851025,-0.0018859016,-0.09117856,0.28751335,0.22846936,-0.15005219,0.015341397,0.20996171,0.06579259,-0.11460029,0.062842324,0.20057963,-0.038201068,0.24586461,0.05607153,0.001526102,-0.072820395,0.013036584,-0.12981007,-0.11993575,-0.3648668,0.12371688,-0.04567765,0.11372696,-0.15833935,-0.039379433,-0.08206502,-0.099214375,0.10958833,0.0077699465,0.1672604,-0.023273168,0.15753819,0.11461329,-0.07585514,-0.09888311,-0.09763707,-0.17806445,0.20554297,0.03323591,-0.03617676,-0.16449945,0.027264366,0.19894741,0.07636368,-0.15324064,-0.062182628,-0.0040364154,-0.05263483,0.024914408,0.027524494
479,Vertigo (1958),0.1286657,-0.083298065,0.13628745,-0.11502256,0.029041592,0.05394327,-0.14227247,0.23091973,0.025702877,0.10078525,-0.10755176,0.039658297,-0.03558987,-0.07135357,-0.04956217,0.013697039,-0.022692297,0.090615705,-0.061895046,0.057143368,0.035754696,0.17808542,-0.14268893,-0.10761446,0.24022001,0.032198325,-0.18726796,0.07064715,0.0033191263,0.15536581,-0.16420448,-0.19614829,0.024894807,-0.06903809,0.010385171,-0.1030968,0.12724555,-0.12588514,-0.16192071,-0.06609271,-0.048618056,0.20987955,0.067952804,-0.0030745228,0.20261206,0.03260294,0.07818963,-0.31270018,-0.106127165,0.0040654656,0.11553268,0.13720673,-0.11081114,-0.11396381,-0.2835711,0.026429882,0.17683174,-0.017482808,0.021221066,-0.054174345,-0.047509607,0.21143287,0.24325009,0.23039213
480,North by Northwest (1959),0.09340377,-0.121907555,0.069604434,-0.09030712,0.021546824,0.012359135,-0.26240355,0.24346092,-0.04661761,0.14894424,-0.18640128,0.19344044,-0.06384572,-0.08361618,0.015829917,-0.012637829,0.13111784,0.15151404,-0.10541795,0.03246529,0.15224871,0.098579094,-0.13701375,-0.10894651,0.2087118,0.11963661,-0.15061702,0.073729925,0.0684175,0.20190416,-0.1753192,-0.22918035,-0.1344817,-0.19646499,0.019133348,-0.09291469,0.12299515,-0.02295009,-0.2520828,-0.0006023357,0.011657187,0.059694514,0.12881784,0.043786064,0.084003516,0.05588427,0.08805681,-0.15919952,-0.05008023,-0.10075886,0.030036146,0.12520112,-0.13846143,-0.14386572,-0.18993238,-0.098910324,0.10317705,-0.21698645,-0.076705806,-0.14423501,-0.020824982,0.16425677,0.047214836,0.111580096
481,"Apartment, The (1960)",0.06539675,-0.089350164,0.016249739,-0.0442351,-0.15601838,0.089390926,-0.39050916,0.10981082,0.002246946,0.21764193,0.043696515,-0.21103422,-0.13263877,-0.049927346,-0.31633577,0.15238634,-0.049164925,0.031422306,-0.28216794,0.33566383,0.43163723,0.064123675,0.06825608,-0.019441882,0.11241357,0.04672775,0.122514136,0.19698335,-0.19721898,-0.15752116,0.033264097,-0.20681693,-0.015514603,-0.22215228,0.2226021,0.0047998684,0.31711408,-0.30616474,-0.055673774,-0.10178089,-0.10342426,0.17791866,-0.069433145,0.11568724,0.3997738,0.042409573,0.029912543,0.14933734,-0.045548916,-0.18303087,-0.35999984,-0.070002645,-0.006085675,0.083673485,-0.17975442,-0.32600886,0.1571161,-0.027621074,0.20359309,-0.121692926,-0.21343733,0.20243834,0.13175173,0.13669254
482,Some Like It Hot (1959),0.12678255,-0.052090734,0.16657424,-0.015219285,0.037557792,0.0029913012,-0.46260428,0.20692201,-0.012475192,0.018244307,0.067483984,0.051311173,0.011981128,-0.19601265,-0.052771438,0.09411046,0.16344649,0.13788947,-0.305825,0.15871124,0.08820458,-0.0757124,0.012880376,0.21540716,0.1856869,0.028708372,0.03325068,0.083256036,-0.05820626,0.07497151,-0.072391056,-0.16177048,-0.19795899,-0.14272949,0.13196924,0.0084514,0.15738931,-0.27188107,0.008523999,-0.0397852,0.043542467,0.047896866,0.111154005,0.26987275,0.02956223,0.13884787,0.07535325,-0.15383536,-0.011307683,-0.033544753,0.011962823,0.22480464,-0.013820557,-0.019354882,-0.04025239,0.021897413,0.13295309,-0.22615425,-0.057281137,-0.1771388,-0.082703784,-0.035989523,0.004863009,0.06314947
483,Casablanca (1942),0.14401026,0.12778878,0.2609743,0.12678853,0.059794586,0.0769167,-0.06699535,0.15107054,-0.10192605,-0.010633862,-0.2822572,0.053697594,-0.07706843,-0.14111355,-0.04353656,-0.09013685,-0.0036835803,0.27045485,-0.028167926,0.14551477,0.006395454,0.10318118,-0.06089801,-0.18501186,0.09905517,-0.024649892,-0.21748653,0.111536525,0.013316177,0.14299163,-0.065258406,-0.13556738,-0.22496516,-0.16625747,0.028151307,0.018019931,0.093748935,-0.09672277,-0.21294989,0.18306495,-0.074787945,0.0329276,-0.17058581,0.033180557,0.26638505,-0.024610791,0.104935564,-0.2883085,-0.031063078,0.0002927914,-0.14699754,0.06317259,-0.16713604,-0.25960577,-0.2799044,0.07754917,0.09894923,0.007940955,0.017711774,0.027821144,0.086108014,0.18573992,0.14531313,0.12705615
484,"Maltese Falcon, The (1941)",0.03288062,-0.09815186,0.018480161,-0.05844619,0.079434305,-0.032441963,-0.22712332,0.22713579,0.15721484,0.07228281,-0.16929753,0.067007065,0.10696847,-0.13075571,-0.034682237,-0.013011361,0.21567656,0.2211104,-0.21773152,0.048548132,0.1235191,0.07699312,-0.21673803,-0.009165837,0.2772701,-0.09932084,-0.051577292,0.105103746,-0.048959907,0.19334336,-0.053405993,-0.20306467,-0.019300822,-0.17589813,0.14271893,-0.08435647,0.19469891,-0.17586537,0.029608667,-0.1215262,0.021502241,0.013812325,0.11602075,0.24331847,-0.002999887,0.09425393,0.14008024,-0.15039587,-0.028665712,-0.081782386,0.0579111,0.18808134,0.011583635,-0.052184507,-0.15710732,-0.03601334,0.08408038,0.025366701,-0.013580013,-0.17811094,0.014686499,0.04161588,0.09397244,0.10207125
485,My Fair Lady (1964),0.07358207,-0.10209379,0.20516641,-0.05497655,-0.058984764,0.018509641,-0.19393893,0.25653192,0.17138025,0.20953178,0.022264749,0.055804305,0.114233546,-0.041660048,-0.15831861,-0.07975625,0.027385246,0.1794949,-0.17854357,0.33877274,-0.029299427,-0.02075649,0.060799602,0.14330322,0.13471739,0.0351819,0.093912184,-0.185771,0.055967633,0.028474478,-0.09229681,-0.1218129,-0.17632483,-0.3207893,0.039054032,0.058033757,-0.08614259,-0.095627725,-0.024594627,0.036693316,0.0054293186,-0.017635513,0.25397682,-0.0048787002,-0.21066451,0.22844705,0.07783158,-0.11921097,-0.16530222,-0.1808007,-0.05949843,0.17550921,-0.3118928,-0.046423577,-0.18979877,0.016512582,-0.019234648,-0.017101081,0.21389546,0.024168618,-0.07480686,0.22594437,-0.020161765,0.12931849
486,Sabrina (1954),0.07517682,-0.11096571,0.2769357,-0.21893007,-0.33137545,-0.04637968,-0.07603212,0.30968225,-0.08381705,0.08090867,-0.10928379,-0.24930061,-0.0771353,-0.0857507,-0.33266258,0.2930043,-0.043237045,0.12365188,-0.19272603,-0.07264927,-0.13864931,0.28298527,-0.18088512,-0.12865366,0.12168201,-0.0752505,0.007436408,0.010231294,-0.35300764,0.075490505,0.18457726,0.077009685,-0.053861495,-0.37220332,-0.14673217,-0.03171348,0.22227632,-0.37964424,0.0778865,0.12581314,-0.06534433,-0.21305853,0.004449918,0.22943325,-0.074249,-0.23642218,0.08383588,-0.09840114,-0.21416157,-0.00048323467,-0.3340569,0.05126203,0.1478328,-0.033682473,-0.07772253,0.1447399,0.09127911,-0.08228031,-0.04142795,-0.1483003,-0.25688472,0.28891122,0.20471705,-0.06828401
487,Roman Holiday (1953),0.21254769,-0.1360121,0.12985875,-0.044706836,-0.2561455,0.14382601,-0.25894183,0.24384922,0.032790087,-0.047877137,-0.12833296,-0.069426514,-0.006901524,-0.08966788,-0.28185964,-0.11042539,-0.071161106,0.111165985,0.016284807,0.05015835,0.23076533,0.22439294,-0.25438404,0.00351529,0.322645,0.02698357,0.16077219,-0.054848675,-0.27296495,0.089488044,0.2237835,-0.019622052,-0.09078407,-0.072617896,0.09888702,-0.024090718,0.11858749,-0.33393466,-0.10653048,0.04749588,-0.15031746,0.23777808,0.02460351,0.08681174,-0.20653367,0.30768427,0.20829782,0.17615636,0.028413408,-0.16111018,-0.20912822,-0.10235696,-0.33362615,-0.17831288,0.028700639,-0.29924586,0.03646816,-0.0589657,0.32901868,-0.12323227,-0.21347196,0.08710967,0.089205354,0.050643977
488,Sunset Blvd. (1950),0.05169295,-0.092270106,0.028301807,-0.11318937,-0.11211593,0.18400408,-0.5049982,0.2646157,0.25019786,0.0557059,-0.0043736417,-0.0153595535,-0.07203448,-0.095275246,-0.20612924,-0.06293575,0.42550698,0.04587075,-0.08184866,0.06683232,0.051818848,-0.035678618,-0.14876369,-0.04105059,0.115779005,-0.14121556,0.045333117,0.13090041,-0.01702027,-0.039388604,0.15559842,-0.21912566,0.005104091,-0.3542683,0.29456902,0.15609528,0.14602816,-0.36074787,-0.13389587,0.10527011,-0.18887126,0.32422185,0.10382033,0.102764055,0.08905633,0.14520848,-0.06683529,0.10491706,-0.16026215,-0.1374871,-0.14663847,0.12193799,-0.27815396,0.08624103,-0.27830368,-0.026668737,0.16404,-0.0062617436,0.047401614,-0.030779727,-0.10141747,-0.099264905,0.10760287,-0.063859984
489,Notorious (1946),0.27248183,-0.10686749,-0.020657461,-0.05126091,-0.23263872,0.35116094,-0.4737561,0.08008881,0.16257809,0.09234869,-0.07237267,-0.21688262,-0.21340035,-0.12855092,-0.22674535,0.34052494,0.18550056,0.2976036,-0.20692384,0.14989159,0.011725714,0.04772842,0.012149619,0.20005834,0.014920174,0.0024470817,0.15671328,0.07981569,-0.06435941,-0.12595077,0.20413548,-0.12248002,-0.35343674,-0.47277847,0.17906106,-0.0114345495,-0.01998901,-0.1356161,-0.18150213,-0.02723002,-0.0067976485,0.19991037,-0.08920934,0.09772007,0.048971456,0.31299487,0.027929602,0.15087464,-0.22946101,-0.105245575,-0.40711516,0.15998916,-0.07549892,-0.15690534,-0.07327798,-0.086099125,0.10492336,-0.24184263,0.05760594,0.010129415,-0.25690973,-0.012155049,0.1901502,-0.108126506
490,To Catch a Thief (1955),0.12343451,-0.01439412,0.09972749,-0.16591777,0.066211745,0.24699108,-0.2985489,0.025332037,0.13082604,-0.043642294,0.063750535,-0.21129587,-0.16800897,-0.23336127,-0.24512835,0.12829824,0.039402764,0.19528517,-0.14021945,0.14307639,0.013748499,0.1371895,-0.09683873,-0.009766256,0.020363929,-0.10699615,0.06415035,0.22163737,-0.2749606,-0.16522694,0.0613067,-0.17894733,-0.08344235,-0.5557863,-0.101985276,0.15241277,0.27515706,-0.3341409,-0.023695076,-0.20324373,-0.18653354,-0.00270173,0.09180641,0.04525241,-0.075964525,-0.0059472322,-0.07891938,0.29159787,-0.2440474,-0.074637964,-0.6268934,0.09287144,-0.23637605,-0.1650589,-0.31836897,-0.0005985252,0.1951541,-0.2671795,0.21364257,-0.2640987,-0.14589585,-0.027781371,0.20316443,-0.05388411
491,"Adventures of Robin Hood, The (1938)",0.1660116,-0.1676749,0.28722596,0.08719549,-0.06478364,-0.011353891,-0.23510318,-0.025586847,0.077123694,0.24860689,0.12893558,-0.28786188,0.043931495,0.15777357,-0.22690664,-0.10135082,0.021616744,0.1855167,-0.2659701,0.36817187,0.110591896,-0.050705,0.020663016,0.19076164,-0.011132591,-0.33510023,-0.18946198,0.08442212,-0.024178827,0.0038400944,0.04558379,-0.16798192,-0.3049923,-0.27132443,0.05719039,0.035203252,-0.055751145,-0.1937846,-0.13059387,0.11720869,-0.14393942,-0.21443051,-0.017096408,0.2526063,0.12087244,-0.014973546,0.07047797,0.08848176,-0.12919962,-0.090269186,-0.32245094,0.01836761,-0.027768366,0.17566152,-0.08118961,-0.12002592,0.19539209,0.053873803,0.0561313,-0.1779362,-0.27013847,0.28770432,0.20270176,-0.06014779
492,East of Eden (1955),0.07996298,-0.28361762,0.028267412,-0.13008006,0.05547362,0.070622146,-0.328563,0.028910443,-0.055962417,0.11718581,0.004542208,0.010493872,-0.099774145,-0.31016573,-0.21162991,0.371413,-0.047964606,-0.06749306,-0.18282509,0.08955339,0.017931389,0.033320267,-0.15165113,-0.32621267,-0.08302703,-0.14292827,0.06300826,0.19690785,-0.17751716,-0.12479946,-0.041559402,-0.059295285,-0.0640816,-0.6677593,0.0064274813,-0.00096974714,-0.087013215,-0.17503981,0.040412333,-0.3417691,-0.17275609,0.1478126,-0.06627066,0.09200212,0.067385286,0.22283688,0.00076891604,0.03529492,-0.08828297,-0.1077198,-0.23393057,0.26813897,-0.11695663,-0.17491014,-0.23473641,-0.19008578,0.13195604,-0.22950763,0.21044685,-0.21332875,-0.37638453,0.18895288,-0.16099297,-0.40835825
493,"Thin Man, The (1934)",0.1682495,-0.2322977,0.08346414,0.22905377,0.1813894,0.16926873,-0.44365293,0.23048982,0.06208148,0.18950303,-0.02306429,-0.0039187493,-0.06763137,0.016553422,-0.18668342,0.16995153,0.17204902,0.089414865,-0.11300179,0.2031581,0.015238607,-0.005833454,-0.023770938,0.07443004,0.13824138,0.017356638,0.18673557,0.2606734,-0.2792123,0.2707285,0.16794623,-0.18248123,-0.1574191,-0.28530544,0.056196656,-0.012225128,0.070190854,0.07081107,0.096994415,-0.16503379,-0.116828784,-0.06707997,-0.04643245,0.12767538,-0.15071972,-0.0697887,-0.09787582,0.09418476,-0.26882446,-0.017983643,-0.28208774,0.16399422,-0.24081002,-0.21798073,-0.17383683,-0.07570143,0.13688889,-0.052920435,0.03149084,-0.18043956,-0.07548312,0.15729575,0.34618956,0.0018516281
494,His Girl Friday (1940),0.28203392,-0.14360271,0.030098671,0.08432374,-0.13482854,0.03655628,-0.34350076,0.1639036,-0.06604302,-0.027391326,0.161881,0.02217032,-0.27956635,-0.15729909,-0.4863281,0.08401141,0.06209415,-0.0051640705,-0.12613715,0.32648578,0.08969499,-0.15766062,-0.27688706,-0.13117139,0.2838749,0.027047554,0.2009832,0.065939784,0.0014594061,-0.11060177,0.20409788,-0.1508234,-0.26121068,-0.058779396,0.152339,0.19463925,0.048171926,-0.22615375,0.07196286,-0.003143171,-0.12657705,0.24644871,-0.015279777,0.2593983,-0.23079306,0.14348704,-0.035469692,0.0700968,0.02863122,-0.30944124,-0.26958528,-0.050025728,-0.09210743,-0.041732926,-0.33003613,-0.14495544,-0.062552996,0.048440393,0.027405491,-0.20682344,-0.23369095,0.15611024,0.27967095,0.005571684
495,Around the World in 80 Days (1956),0.11051842,-0.4547834,0.45452312,-0.17728977,-0.08503667,0.045417827,-0.11385165,0.16887118,0.027568787,0.031973727,-0.1317525,-0.22164717,0.07152475,0.16250972,-0.059594605,-0.02462769,-0.0041388273,0.12072901,-0.3095934,0.19756566,0.07841779,0.09974802,-0.1697557,-0.121043645,-0.004772196,-0.2204554,0.029327083,-0.006450739,-0.16001269,0.15440455,0.11141454,-0.14667208,-0.105413675,-0.30490026,-0.06442151,0.018708382,-0.09523051,0.09106125,0.078925475,0.15769415,-0.03923074,-0.0477838,0.06893384,0.07219999,-0.32794717,-0.1383077,0.11965409,0.27228558,-0.17337367,-0.23967683,-0.42134795,0.01964075,0.043311965,0.07858078,-0.43915763,0.02783683,-0.1450423,-0.025004148,0.07509473,-0.18085183,-0.30638102,0.27143532,0.21519886,0.15659505
496,It's a Wonderful Life (1946),0.21372242,0.06419186,0.26182437,0.054760464,-0.13354196,0.09047393,-0.11257747,0.102250084,-0.11675997,0.13204022,-0.15262711,0.065926015,-0.06212237,-0.13923216,-0.008285545,-0.14788693,0.10941519,0.112935156,-0.19209242,0.00045276908,0.13165973,0.09287132,-0.08658779,-0.07302268,0.041772254,-0.0325642,0.052282386,0.010590271,0.024503738,0.21960208,-0.0081187505,-0.012929598,-0.20539239,-0.18005979,-0.000112297115,0.00012892761,0.13752623,-0.07961404,-0.014568592,-0.046732374,0.06583964,0.0706512,0.099795885,0.18367758,0.08714121,0.047800954,0.08341014,-0.15330534,-0.06547182,-0.11253208,0.086132936,0.050057106,-0.029050332,-0.07130617,-0.27482998,0.00990958,0.07046716,-0.032019828,-0.055548068,-0.14372389,-0.00015987034,0.033368576,-0.051092476,0.13915952
497,Bringing Up Baby (1938),0.2567242,-0.30251607,0.08161027,-0.11121837,0.029880911,0.1463076,-0.286988,0.07975704,0.042406376,0.043218132,-0.13597247,-0.14317203,0.0077683544,-0.026739512,-0.22412717,0.17662963,0.06807732,-0.02908802,-0.28278223,0.19168733,0.093329474,-0.0662062,-0.18918824,-0.047953222,0.248989,-0.055970192,0.0340768,-0.10153513,0.0131328385,0.06782195,-0.06602871,-0.34805834,-0.14414874,-0.2892437,-0.15210555,0.17911907,0.052878555,-0.27077016,0.1879975,-0.005233192,-0.3626861,-0.006433488,0.05435102,0.22106314,0.07485496,0.28147635,-0.22346708,0.1857886,-0.17982544,-0.012543345,-0.18614279,0.19124442,-0.03281968,-0.07630744,-0.15320396,0.12327299,0.105253704,-0.0056751026,0.16250756,-0.18214627,-0.06563077,-0.14594747,0.30795038,0.06269379
498,"African Queen, The (1951)",0.15976001,-0.047221564,0.16130322,0.006054982,0.056322124,-0.0024656013,-0.2572691,0.29003707,-0.066785574,0.096226275,-0.07028983,0.0014436053,-0.11023471,-0.072589055,0.02702961,-0.027488206,0.27544874,0.1965497,-0.31178924,0.05345395,0.14064385,0.09177519,0.019594876,0.030783597,0.11342444,0.038763717,-0.15176803,0.08802038,0.02837181,0.1618918,-0.08608615,-0.10054397,-0.013274672,-0.22289756,0.05467521,-0.09212474,0.13942806,-0.16011721,-0.114503495,0.09080753,-0.06884444,0.09540581,0.104145676,0.09722419,0.014626131,0.027901571,0.09954118,-0.15769172,-0.035597287,-0.041025586,0.045818146,0.11616862,0.056236483,0.009810477,-0.16072704,-0.036550928,0.10801751,-0.050165895,-0.04809692,-0.17467579,-0.027647935,0.0348594,0.023227828,0.19826941
499,Cat on a Hot Tin Roof (1958),0.20512053,0.014863591,-0.014701743,-0.091717675,-0.065145224,0.013604437,-0.25923297,-0.014846287,0.29165247,-0.11939397,0.14516315,-0.09877082,-0.06916957,-0.32523158,-0.24884179,-0.1507094,0.32947627,0.19492012,-0.094767384,0.021109253,-0.10285758,-0.08582326,-0.06498494,-0.037626803,0.0058696712,-0.04870135,0.15465845,0.023780683,-0.2394322,0.04327526,0.1925625,-0.3110552,-0.15580508,-0.3416962,0.12857845,-0.0456026,0.053256158,-0.3481765,0.07658195,0.091188684,-0.23925965,0.040573996,0.106801674,0.32832938,0.15768462,0.19738087,-0.11234307,-0.0049240887,-0.20826821,-0.06479203,-0.5344256,0.039335497,-0.2656134,-0.243159,-0.24081686,-0.121139385,0.25684106,-0.1474071,0.30000773,0.10771266,-0.08893256,-0.061182156,0.003934273,-0.08485084
500,Fly Away Home (1996),-0.15651725,-0.2278343,0.067696065,-0.12195337,-0.40702668,0.13352852,-0.056319725,0.02314493,-0.13176203,0.21442303,-0.25880718,0.045002926,0.2616863,-0.039248634,-0.38284373,-0.019412087,0.058442682,-0.019024659,-0.12965411,0.111641146,0.19362427,0.08280255,-0.039984312,-0.016472658,0.2566851,-0.08352069,-0.20115681,-0.11653348,-0.0022786413,0.084087454,0.2613171,-0.1081041,0.0037838065,-0.34100488,0.020426866,0.07377158,-0.08600565,-0.131963,0.26229164,0.064913,-0.1894135,-0.052441064,0.10246921,-0.12229655,0.01810261,0.08049125,0.113007136,-0.18030787,-0.30362156,0.09123484,-0.17180723,0.102361165,-0.017025976,-0.1870839,-0.15218218,-0.07973004,-0.1067055,-0.15203984,-0.1734981,-0.32706204,0.10617288,0.09768238,0.11684496,0.12714626
501,Dumbo (1941),0.16441311,0.00910611,-0.016898045,-0.17943172,-0.110868365,0.019491658,-0.032520812,0.16391695,-0.25751472,0.25668493,0.07331887,-0.040948484,0.16913228,-0.10068029,-0.13164812,0.07064801,-0.11923653,0.17409427,-0.25864094,0.06346114,-0.056306344,0.20392737,-0.16982342,0.18654676,-0.027315713,-0.03793967,0.054728802,-0.021288443,-0.31953976,-0.08572896,-0.11470487,-0.072785504,0.033212014,-0.20658842,0.060580537,-0.25228274,0.027241219,-0.27781308,0.020341655,0.07324734,-0.10913812,-0.16014491,0.10924941,0.102955,0.065141656,0.36084315,0.24026914,-0.07745281,-0.2240318,-0.023137707,0.30086204,0.10535745,0.01684461,-0.13101585,-0.0593079,-0.17735615,0.16963015,-0.014014635,0.26571766,-0.21534047,-0.18746287,0.0008664243,-0.06632419,0.15506269
502,Bananas (1971),-0.23875244,0.12118407,0.006588558,0.08485526,-0.027392702,0.04482346,-0.3503722,0.16821526,-0.12729634,0.21064973,0.046565093,-0.14302629,-0.09393165,-0.17960529,-0.3010731,0.18384948,-0.14368628,-0.1216053,-0.17327468,0.21329133,0.022069206,-0.06910339,-0.10992345,-0.1231804,0.0007277097,-0.025890078,0.115268305,0.28180823,-0.091425255,0.06288924,-0.01787461,-0.10994846,-0.19007953,-0.3932498,-0.04385058,-0.09069839,0.2509468,-0.23607256,0.009628613,0.06607878,-0.11616279,0.20768097,0.00029818784,0.3955382,-0.12363173,0.09927671,-0.07792516,0.0068414295,-0.0026730667,-0.072347805,-0.30859938,0.13001935,0.038517185,-0.28590572,-0.17875172,0.0661355,-0.042485293,0.19973643,0.3447568,-0.2758099,-0.32542273,0.32886577,0.18779288,-0.29911003
503,"Candidate, The (1972)",-0.13718832,-0.2085872,0.20018813,-0.09771769,-0.5466219,0.19686222,-0.16503148,0.2760818,-0.24839078,0.08974745,-0.2602467,-0.023969099,-0.081415944,-0.07707544,-0.2615585,0.03629106,0.20183556,-0.085384175,-0.09641368,0.15107691,-0.06738517,0.2129103,-0.037673675,0.050807796,0.041340183,0.23950607,0.05093375,-0.10224703,0.07881734,0.14942725,0.17055659,-0.051173422,-0.011541828,-0.30969083,-0.011052262,0.10208134,0.00025882653,-0.18293631,0.15259397,0.24140836,-0.22043213,-0.010244014,0.11719489,-0.0600483,0.056017645,-0.024614628,0.21783713,-0.19285965,-0.06326332,0.038875084,-0.25756228,0.013180288,0.083420604,-0.25790963,-0.20005263,0.05847326,0.20278643,-0.34608063,0.0632101,-0.2743169,-0.054457214,-0.096589275,0.15294227,-0.09105363
504,Bonnie and Clyde (1967),0.0026388827,-0.16996194,0.24448454,-0.06532494,0.014070279,0.14686085,-0.3057805,0.031997964,0.060503785,-0.03472066,0.0340575,-0.0053548566,0.1753921,-0.10762808,-0.10817235,0.13657966,0.33229727,0.26165897,-0.15635799,0.05910505,-0.004865684,-0.10156368,-0.18733127,0.04200221,0.21504137,-0.17596093,0.0841578,0.13008408,-0.07082721,0.00488465,0.15215442,-0.1402618,-0.084292985,-0.21521951,0.17075494,0.14519323,0.088612735,-0.23940048,0.1078261,-0.060043857,-0.023063796,0.13693255,-0.049730726,0.14327535,0.04445745,0.09649065,0.06779673,-0.28727654,-0.10066834,-0.19623356,-0.06457261,0.24381171,-0.02326072,0.01728029,-0.07480562,-0.0668538,0.16675577,0.16409917,0.09538519,0.039966587,-0.09640524,-0.06287131,0.07454736,0.009897062
505,Dial M for Murder (1954),0.14303817,-0.15258206,0.20161302,0.058043674,0.085528746,-0.020023046,-0.28013128,0.30096123,0.25805473,0.03020314,0.059697516,-0.023374874,-0.11708462,-0.16818668,-0.1840935,0.13165231,0.41010845,-0.08646465,-0.29163006,0.17844005,-0.035256036,-0.037024587,-0.15511224,-0.10155301,-0.00029836156,-0.0044964305,0.03921342,0.092298016,-0.09373512,0.08664387,0.11338534,-0.4039356,-0.060670633,-0.29627922,-0.056256995,-0.017722324,0.0062089437,-0.22770526,0.083293445,-0.06436704,-0.030608525,0.08893441,0.10933239,0.16149783,-0.1003106,0.058363944,-0.006472999,-0.02245586,-0.26808682,-0.19370991,-0.27419174,0.20731306,-0.16327481,-0.20419772,-0.2359817,-0.010220338,0.13167296,-0.1521206,0.21040055,-0.047229093,0.12835546,0.040608313,-0.060738135,0.052560646
506,Rebel Without a Cause (1955),0.16577567,-0.19841912,0.26744327,0.14842412,0.08492545,0.13540651,-0.42417344,-0.02547514,-0.13532268,0.030673038,0.17287809,-0.034731433,-0.08153464,-0.15763962,-0.11493962,-0.08207909,0.40832445,0.088613346,-0.118187584,0.13191795,-0.15299298,-0.01985781,-0.30613604,-0.070200056,0.25525454,0.027031494,0.099618316,0.08116976,-0.19589731,-0.042042963,0.104578935,-0.08966307,0.21800818,-0.24630776,0.0286615,-0.0033320508,0.06758408,-0.19705595,0.106800094,-0.1633701,0.03609977,-0.01820619,0.09120572,0.052928504,-0.05419726,0.15925342,0.21810052,-0.22202623,-0.23778853,0.018083684,-0.02091594,0.03816539,-0.063923284,-0.028930753,-0.21855791,-0.09673311,0.15637407,0.13451533,0.1140104,-0.22889982,-0.002130707,-0.08946437,-0.006189988,-0.007881733
507,"Streetcar Named Desire, A (1951)",0.23316649,0.13014548,0.09749992,0.11170355,-0.1028504,-0.036222752,-0.470394,0.07631247,0.048230022,-0.031699654,0.073466346,0.05618787,0.03564688,-0.1373523,-0.25492412,0.046888568,0.2005598,0.10199833,-0.28163406,-0.06297184,-0.18381295,0.01458245,-0.24321394,0.07129816,0.056902505,0.16267945,0.049274374,-0.025572045,-0.09858489,0.09405401,-0.018429669,-0.14459684,-0.06598647,-0.2717101,0.1405521,-0.02395293,0.10208367,-0.40661672,0.08451271,0.08257205,-0.11800983,0.13627878,0.082620904,0.16570677,-0.032963708,0.23657289,-0.20247138,-0.043094244,-0.22123642,-0.2759963,-0.13069943,0.1715513,-0.11383773,-0.06541554,-0.033431165,-0.09002568,0.16764453,-0.023212383,0.13397655,-0.104432166,-0.1327204,-0.012818296,0.099373214,0.074518815
508,"People vs. Larry Flynt, The (1996)",-0.11137856,0.14441384,0.021014249,0.043203298,0.008883381,0.034164865,-0.10328037,-0.020249425,-0.19348152,0.015034432,-0.20297414,-0.18934491,0.044476625,0.110834755,-0.14499001,0.011565873,0.1880076,0.077150345,0.18796079,0.32174712,0.107454576,-0.007593242,-0.2691058,0.08411203,0.1096806,-0.056914166,-0.0024352751,0.04592678,-0.27669662,0.029684393,-0.1428936,0.07923836,0.08828776,-0.22115906,-0.04016462,-0.04685327,-0.27787134,-0.111945376,-0.2518425,-0.049408488,-0.2864726,0.25822282,0.16415712,0.2697872,0.01651596,0.04719059,-0.09854582,-0.1470107,-0.01257221,-0.18536878,-0.006585367,0.15246828,0.21984996,-0.25569886,-0.16793029,-0.08206192,0.053798564,-0.08360503,-0.122167386,-0.0546533,0.04070602,0.27075645,0.048869915,0.2695795
509,My Left Foot (1989),0.10549524,0.037192993,0.13991424,-0.12590519,-0.018330906,0.066077545,-0.2784857,0.33529222,-0.058157597,-0.08390312,0.15189096,-0.015389417,0.083262146,-0.12757432,-0.12677848,-0.23405807,0.12603834,0.062226932,-0.21135451,0.10510047,0.17647968,0.22432654,0.11998281,-0.049366117,0.21935497,-0.030087141,-0.014999422,0.0066968105,0.07541992,0.037598345,-0.23466909,0.05214404,0.024381325,-0.15146147,0.12188165,0.10469739,0.016517427,0.08451937,0.04379196,-0.04193954,-0.20698512,0.17699392,0.24873954,0.037029184,-0.10094676,0.29952833,0.03648165,-0.1938182,-0.08810513,-0.12697539,0.120294265,0.1627786,-0.016811894,0.07820702,-0.22909549,0.18475674,-0.060353007,0.10724946,0.061319865,-0.22454649,-0.23831668,0.24063231,-0.1343588,-0.016587503
510,"Magnificent Seven, The (1954)",0.010917395,-0.24176079,0.19513232,0.003399773,-0.038128998,0.079209484,-0.1844959,0.1722685,-0.12463467,-0.053190183,-0.016117688,-0.038225293,0.062402394,-0.07523933,-0.12638634,0.075256966,0.15984833,0.19439974,-0.30998686,0.0025317739,0.17243986,0.017743682,-0.063249335,-0.036334887,0.084351964,0.032454092,0.27520648,-0.08334214,-0.16323815,0.17255074,0.0079894755,-0.23460357,0.06509626,-0.27481338,0.15158597,-0.045759946,-0.010335293,0.16030124,0.0764753,-0.104688205,-0.19167015,-0.023735551,0.027533386,0.1567339,-0.03414933,0.13331385,0.03885663,-0.067531586,-0.07105985,-0.16015545,0.02461229,0.15850952,-0.23818642,-0.00017442854,-0.10764272,0.049463443,0.23331004,-0.010094958,-0.09340531,-0.054089457,-0.057018593,0.07506196,0.19815907,0.06615417
511,Lawrence of Arabia (1962),0.11514953,0.0677437,0.24839397,-0.0732544,0.046369348,-0.124847405,-0.27101457,0.11912503,-0.08819644,-0.05311942,-0.14864534,0.027713856,-0.031343017,-0.18316796,-0.07706636,-0.008000158,0.10705273,0.20284355,-0.097196914,0.11951175,0.106970824,-0.010595001,0.05321698,-0.053803198,0.2139453,0.062446296,0.016057074,0.13215464,0.01897069,0.18392275,-0.14155093,-0.10007606,-0.049916185,-0.19139253,0.061004058,-0.071099974,0.19992307,-0.10720013,-0.12102449,-0.05403099,-0.030592548,0.055195708,-0.029979007,0.1310066,0.13914491,0.06455741,0.02357936,-0.17421289,-0.037142977,-0.10434986,-0.016279621,0.1663256,-0.16337578,-0.03232714,-0.22511294,0.0625386,0.09534738,-0.049249362,-0.0141037535,-0.10170372,0.03501151,0.19664334,0.11992605,0.040899076
512,Wings of Desire (1987),0.24757943,-0.1940842,0.3886219,-0.38189456,-0.11732636,-0.20865722,-0.2690888,0.42974874,0.011591921,0.08929758,0.13062201,0.021395186,-0.24355549,-0.13540837,0.11195266,0.42678955,0.059919477,0.028749187,0.10424616,0.21575524,-0.12404832,0.33346903,-0.21828163,-0.2322853,0.08230177,0.10880449,-0.07139193,0.02840011,-0.15130894,0.32213676,0.12464941,0.30443922,-0.024265762,-0.120036304,0.079710945,-0.048385564,-0.012619342,-0.56927055,0.12944038,0.122157544,-0.39341503,0.22493283,0.044623584,0.14679536,-0.16239631,-0.149919,-0.11778857,-0.0037052522,0.09202713,0.057174753,0.03629859,0.3224753,-0.2253417,-0.14406292,-0.14007285,-0.18146102,-0.16976832,-0.12051935,0.21408409,-0.090563215,-0.5753498,0.5611574,-0.34155744,0.095347084
513,"Third Man, The (1949)",0.24947949,-0.35046673,0.14437631,0.24218456,0.09726406,0.1114042,-0.2863803,0.14946385,0.21378483,0.13207822,-0.13478926,-0.1332799,-0.23103909,-0.17626654,-0.20651948,0.13268882,0.22643967,-0.018739495,-0.0900634,0.20259798,0.19222327,0.043734547,-0.29940152,-0.16361915,0.2820573,-0.042132795,-0.006116186,0.078690924,0.13023286,0.14741875,0.17049474,-0.10753247,-0.05730776,-0.10773846,0.114871554,-0.015634997,0.07444654,-0.18013489,0.06688555,-0.083420254,-0.17991522,0.021236809,0.06456467,0.030367855,-0.044733856,0.23845007,-0.3167544,-0.07113276,-0.22174488,-0.15773949,0.017612329,0.08859602,-0.12564698,-0.054755155,-0.078892745,-0.16597185,0.18361503,0.35127535,-0.124468185,-0.19562763,-0.060798563,0.1158385,0.09416231,0.028781395
514,Annie Hall (1977),0.058504898,-0.23110005,0.24494147,0.08386079,0.09468013,0.17252451,-0.41740018,0.1500757,0.054090492,-0.02155781,-0.05105098,-0.026983287,-0.120029755,-0.051527414,-0.006861036,-0.015795114,0.24601251,0.17426458,-0.27562264,0.036027666,0.1474067,0.030806648,-0.21416458,-0.00937652,0.23753111,-0.122111775,0.018686822,0.07119011,0.09041546,0.03826319,-0.155949,-0.041707154,-0.056307603,-0.12906562,-0.014693067,-0.018481215,0.12040298,-0.19030955,-0.15725848,-0.032985263,-0.074775994,0.09854621,0.019083273,0.14794908,-0.07711981,0.1324487,-0.013771212,-0.12393301,-0.040156078,-0.02382547,0.0178647,0.19312905,0.066478506,-0.08694535,-0.10680378,0.058017105,0.041504223,-0.16196588,-0.07984724,-0.09991651,-0.04749347,0.08313493,0.03241868,0.035432033
515,"Boot, Das (1981)",0.093321525,0.037150033,0.2502614,0.088147044,-0.033004288,-0.07778129,-0.19963683,0.09732662,-0.05520832,0.12665075,-0.15307723,0.127894,0.13465022,-0.029438497,-0.052876025,-0.15425943,0.1513583,0.26463628,-0.047457717,0.10693799,0.17616227,-0.0021759965,-0.047072403,0.0094382465,0.19728416,0.0054633175,0.065023154,0.059669573,-0.19253993,0.11778981,0.023881901,-0.12476206,0.08370171,-0.07977745,0.09852084,0.031834703,0.012372755,0.06034146,-0.045329385,-0.020490337,-0.16658695,-0.009863235,-0.0064509185,-0.028421467,-0.0062927385,0.17540574,-0.128115,-0.09797163,0.0018178275,-0.19722027,0.017524207,0.2763398,-0.045249794,-0.006936093,-0.09821027,-0.04945266,0.15565166,0.011372714,-0.12260328,-0.103730716,-0.116151296,0.23807028,0.030063575,0.17955014
516,Local Hero (1983),0.13099226,-0.40731472,0.33294767,0.108698756,-0.23680851,0.064556725,-0.044539887,0.11728054,0.10209576,0.17073041,0.14749025,-0.11886681,-0.025110923,-0.015806573,-0.15619685,0.2333119,0.07092288,0.11150306,-0.15816617,0.038794097,0.19755428,-0.07051637,-0.3592459,0.09827698,0.14423607,0.03923918,0.09762257,0.025532253,-0.038029168,0.061799604,-0.028757278,-0.04231141,-0.16154881,-0.21439365,-0.21191159,0.049223967,0.21476585,-0.12981644,-0.006271252,0.03856398,-0.15933327,0.26359445,0.026092421,-0.15565518,0.11517095,0.23113617,-0.18059932,-0.08602951,-0.101122394,-0.06863596,-0.17445987,0.1481566,-0.17893858,-0.18848018,-0.08236279,-0.017741874,0.20535405,0.13333823,0.16952974,-0.044371914,-0.3758003,0.06630137,0.0131026,-0.14246155
517,Manhattan (1979),0.15111263,-0.17937557,0.2201161,0.27173507,0.079893656,0.34453732,-0.3286763,0.030032106,0.11454048,0.10312048,-0.17166713,0.0010362829,-0.021676425,-0.087967545,-0.07264216,-0.028633563,0.13401882,0.12808602,-0.4060419,0.007737863,0.09309849,0.05369012,-0.36273697,0.098001555,0.08696122,0.08374733,-0.18210097,0.021020686,0.021209052,-0.11202603,0.014963254,-0.36517048,-0.1671082,-0.19058001,-0.11931659,0.26728123,-0.050834455,-0.28319615,-0.1208586,0.027917178,-0.14038938,0.06394217,0.15353358,0.22005104,-0.021732166,0.18110915,-0.18502903,-0.21138808,-0.008005517,0.0758751,-0.15328674,0.23099415,-0.1546142,-0.086079456,0.043820888,-0.1163994,0.009891963,0.0007621165,0.18234296,-0.10608998,-0.33115834,-0.05865523,-0.20514598,-0.12594262
518,Miller's Crossing (1990),-0.0025811314,-0.07472236,0.21220222,0.04227392,0.0330719,0.22222006,-0.3144173,0.19318047,-0.18752378,0.052096754,-0.059194487,-0.15894493,0.17039762,0.10479127,0.08515351,0.048434768,0.12534513,0.014528227,0.0044056475,0.21149844,0.0018970876,0.1330581,-0.23054601,0.062763736,0.06678842,-0.1120301,0.16613597,0.09229859,-0.089102395,0.04637798,-0.07405312,-0.037953317,0.10782219,-0.3284864,0.039351933,0.16411446,0.035485134,0.07508685,-0.16224296,0.049183764,-0.038641576,-0.012729779,0.07522883,0.1322336,0.16261385,-0.07991625,-0.06789953,-0.2635331,-0.1011378,-0.10143055,-0.14513153,0.09900143,0.05812003,-0.18976642,-0.17449857,-0.15161498,0.062415935,-0.050180946,-0.006795793,-0.24617048,-0.18223374,-0.0062461863,0.021628825,-0.20163356
519,"Treasure of the Sierra Madre, The (1948)",0.11513278,-0.40895343,0.16732973,0.015657373,0.14055039,0.1229,-0.3727867,0.19388378,0.17538437,0.12138724,-0.039272107,-0.034753934,0.019657979,-0.006395346,-0.16183792,0.09086309,0.046602946,0.0024134642,-0.15894999,0.27403975,0.21082132,-0.018086066,-0.049336884,0.120634384,0.11877042,-0.088352285,0.12206687,0.21754967,-0.047870502,0.22861186,-0.017634116,-0.26899478,-0.1893097,-0.20786661,0.0044797687,-0.12257865,0.029109748,-0.07198395,0.07913707,0.06865731,0.09791803,-0.028402628,0.041628446,0.12934102,0.019759377,0.23144802,0.12235224,-0.10800686,-0.06600038,-0.19339074,-0.19202736,0.1662772,-0.11102537,0.018794103,-0.18012865,-0.07837587,0.08816651,0.107003,-0.07939154,-0.27233747,0.001624445,0.0019888962,0.08602466,-0.049124856
520,"Great Escape, The (1963)",0.03935256,-0.06355187,0.1289508,0.15720609,-0.07597459,-0.008612394,0.02556176,0.269939,-0.07199044,0.15376845,-0.11047951,0.01912561,0.010472923,0.02591214,-0.157716,0.07943143,0.35126498,0.28440174,-0.24563332,0.09804512,0.09849792,0.017787416,0.0077802087,0.016624525,0.0696723,-0.10372717,0.22686361,0.028975412,-0.21042007,0.14411147,-0.017787818,-0.12132407,-0.040120326,-0.23592818,0.21001726,0.112191096,0.021750439,0.11142316,0.036882553,-0.091313705,0.042424925,0.02461242,-0.05326409,0.122839995,0.029893834,0.07174962,0.0650387,-0.28557098,-0.09702749,-0.37031832,-0.055557027,0.06064179,-0.10822376,0.01805236,-0.079771705,0.09761806,0.12657803,0.05358009,-0.091375984,-0.1855418,0.07291744,0.112132624,0.16849162,0.10060424
521,"Deer Hunter, The (1978)",-0.021659827,-0.09615259,0.077570274,-0.10330671,-0.04525626,0.20006712,-0.16258891,0.013961019,0.02094664,-0.0091776755,-0.028817639,-0.04299814,-0.079493545,-0.064935684,-0.13555805,0.05861836,0.2265125,0.14181352,-0.34058762,0.21752654,0.03439697,0.1105414,-0.031110147,-0.008627711,0.23957144,0.110133104,0.1145069,-0.11174626,-0.1241565,0.20680614,0.029450066,-0.027336353,0.07915939,-0.21271677,0.16186479,-0.07091797,-0.11749442,0.04602006,0.04324292,-0.02460901,-0.19297633,0.053566493,0.076017864,0.16771883,-0.058601096,0.20897731,-0.077593185,-0.20050193,-0.16021882,-0.07437494,-0.04737405,0.32848325,-0.09602412,0.010833747,-0.19183275,-0.015144958,0.10908155,-0.017710514,0.086401805,-0.18990695,-0.09397369,-0.06671218,0.0671088,0.011336922
523,Cool Hand Luke (1967),0.008957626,-0.10918937,0.18600707,-0.02711559,0.0043990905,0.0062940517,-0.2050562,0.062109653,0.011834367,0.0005262841,-0.08358331,-0.07833036,-0.0148750115,-0.18535835,-0.12633365,0.015657088,0.28300998,0.21144465,-0.12899797,-0.03760367,0.0801848,-0.11185283,-0.12527426,0.011916497,0.06730209,-0.05422648,0.05921838,0.035890117,-0.009813152,0.17322536,-0.05441077,-0.08500783,-0.16319591,-0.07982396,0.13427356,-0.105485275,0.25232795,-0.09285059,-0.050630923,-0.072994456,-0.1233418,-0.0043719574,0.087905236,0.04926865,-0.04841672,0.056103274,0.20915289,-0.23443688,-0.119463265,-0.12706976,0.070472665,0.20385969,-0.037824433,-0.13413331,-0.15450144,-0.02998713,0.062761575,-0.068452924,-0.029182618,-0.16611184,-0.0199743,0.15184051,0.2035163,-0.034766033
524,"Great Dictator, The (1940)",-0.014767225,-0.11317047,0.092586204,-0.013897985,-0.2997997,0.15399167,-0.16033414,0.49182567,-0.24052325,0.21394476,-0.14857706,0.1195147,-0.040033456,-0.08124836,-0.4806624,0.44631928,0.02980379,-0.13563241,0.0475889,0.15730488,-0.073965415,0.20297232,-0.36381134,-0.1836668,0.2135749,-0.068944335,-0.13217762,0.064727806,-0.22603285,0.029113958,0.015745481,0.062131383,0.0390303,-0.13608426,0.07650264,0.03174603,0.291005,-0.18537003,0.11327936,0.08893468,-0.17423639,-0.0030922038,0.037472107,0.16664262,0.29354912,0.04816037,-0.18187518,-0.122634426,-0.2552644,0.071829066,-0.19129844,0.0997886,0.031115178,-0.15515283,-0.024748001,-0.117477186,-0.12669724,0.1277918,0.3694025,-0.3423399,-0.09409991,0.33152482,-0.040740684,-0.096724465
525,"Big Sleep, The (1946)",0.05018686,-0.22960022,0.09446185,0.13796024,-0.1484812,0.11664416,-0.26829913,0.02827821,0.2578103,0.2495574,-0.0051266723,-0.2110812,-0.032701146,-0.020199737,-0.131698,0.2985095,0.074814945,-0.011744495,-0.4321579,0.22773969,0.08724422,0.036893003,-0.047610924,0.065866694,0.09168815,0.043242596,0.117978394,0.30531573,-0.13393024,0.18789545,-0.04117872,-0.14324163,-0.17327541,-0.22091395,0.040496327,-0.007080365,0.13245133,-0.2251371,0.18710212,-0.17549318,-0.21989231,-0.08376694,0.037828322,0.2069428,0.23120844,0.33248654,-0.07370416,-0.1650272,-0.16268188,-0.07426154,-0.20253673,0.05816941,0.1524016,-0.1446999,-0.13815665,-0.15255134,0.25739872,0.09055965,-0.17339875,0.107151665,-0.17578787,0.143203,0.16397013,-0.11627114
526,Ben-Hur (1959),0.022210691,-0.043531384,0.38061464,-0.065954216,-0.07716713,-0.03361588,-0.08768698,0.04965378,-0.1626819,0.028001375,0.06342568,-0.070998296,0.08036141,-0.015699212,-0.08522745,0.066397235,0.052171595,0.12544093,-0.24227391,0.01387947,0.19615458,-0.1062753,-0.09825565,0.0022769924,0.018558547,0.06638457,0.2266306,-0.072790675,-0.13702562,0.26142025,0.052829906,-0.20270778,-0.07164353,-0.39531943,0.15344311,-0.062311877,0.04145231,0.051275797,0.039142355,-0.042225886,-0.14733568,-0.05561137,-0.060484294,0.08383681,0.05636861,0.23323426,0.16706932,-0.23971176,-0.0060498575,-0.20681068,-0.036595456,0.20320459,-0.1591867,0.12371115,-0.14081442,-0.0756436,0.043614633,0.0054481267,-0.02276998,-0.117973626,0.0585247,0.06706591,0.038896468,-0.07218053
527,Gandhi (1982),0.18458149,-0.052707657,0.18557058,-0.083337165,-0.0855843,0.16014649,-0.05157125,0.0946613,-0.060163185,-0.0563337,-0.032075185,-0.06623612,0.038450237,-0.119816795,-0.003078243,-0.019217763,0.017039968,0.27666274,-0.10223602,0.02501003,0.12038114,0.0340996,-0.03687397,-0.042968128,0.15255094,-0.07160395,0.053609345,-0.055203293,0.0015476263,0.117773615,-0.12133969,-0.03925054,-0.029287526,-0.15973169,0.10221576,0.052610427,0.04738072,-0.016868144,-0.15950055,-0.05379665,-0.12436433,0.024081813,0.14096472,0.055622444,0.08535866,0.10480611,-0.048482887,-0.13829122,-0.07123379,-0.1256142,0.004959099,0.1497834,0.060080476,-0.14798272,-0.25193268,0.0644771,0.16156478,-0.07611117,0.051207837,-0.14997254,-0.01102644,0.10481232,-0.048165753,0.14749952
528,"Killing Fields, The (1984)",0.17621279,-0.045169376,0.12117663,-0.22626227,0.1474023,0.012420522,-0.2656096,-0.003530234,-0.021644479,-0.058907654,-0.043104403,0.08233608,0.16208749,-0.024055019,-0.1872399,-0.114247926,0.40119314,0.1425012,-0.2957739,0.09172248,0.05758488,0.009497201,0.0009974571,-0.14102371,0.21977751,-0.008546636,0.11220261,0.02250264,-0.07947857,0.005031822,-0.0089040985,-0.038053066,-0.05827256,-0.0618782,0.056109834,0.07354407,-0.028514883,0.014034245,0.05897266,0.03203914,0.06298558,0.06367053,0.08354464,0.056684103,-0.15549845,0.19046253,0.08603301,-0.100072175,-0.13528891,-0.05938504,-0.022819612,0.40343344,-0.11552801,-0.003585555,-0.31672275,-0.06709028,0.15990868,-0.14236808,0.0546894,-0.13702805,-0.16993062,0.10406249,0.030873854,-0.04830002
529,My Life as a Dog (Mitt liv som hund) (1985),0.11522516,-0.028680963,0.19230646,-0.08981265,0.002737446,-0.00022916021,-0.4531484,0.13239399,-0.25879985,-0.07588766,0.15281236,-0.19060184,-0.04761221,-0.14870976,-0.041867916,-0.13423969,0.27772418,0.10374488,-0.23196137,0.21543688,0.15944384,-0.09014611,-0.16446464,-0.023138769,0.15575798,0.27035806,-0.21300687,0.15676974,-0.029123718,-0.048425235,-0.12597667,-0.032876596,-0.112452425,-0.2061464,0.22453655,0.0724753,0.15228134,0.035691377,-0.118714675,-0.044505656,-0.16777097,-0.028667469,-0.039884172,-0.034040995,-0.1510374,0.08643483,-0.13294418,-0.256676,-0.13973422,-0.038577195,-0.26225823,0.12671588,-0.2893498,-0.100992054,-0.25964203,-0.008774638,-0.06638746,0.09635807,-0.09343274,0.030231118,-0.3702395,0.041049782,-0.037069473,-0.069476254
530,"Man Who Would Be King, The (1975)",0.021886755,-0.14977674,0.2566252,0.052598532,0.18771446,0.03676239,-0.27810532,0.16732989,0.08854867,0.14184289,0.029047346,-0.017547134,0.12644534,0.048018876,-0.09563584,0.22645019,0.16993916,0.039244313,-0.35481524,0.2793383,0.21243583,-0.07962585,0.010403834,0.080265574,-0.0008668816,-0.10020685,-0.03723857,-0.026343932,-0.19255981,0.054225888,-0.070400596,-0.26003882,-0.047925577,-0.34335712,-0.011118463,0.03403276,-0.07073511,-0.041794583,0.12923047,0.10441429,-0.15462448,-0.008217247,-0.04495511,0.10765005,0.04532088,0.12087469,-0.2777048,-0.13506792,-0.2019954,-0.17596163,-0.24186361,-0.07363709,0.055035483,0.08972994,-0.31881094,0.10385709,0.065558754,0.06916279,0.044940114,-0.22123986,-0.050613746,0.1438581,0.07232804,0.009659547
531,Shine (1996),0.14373663,-0.008881627,-0.04213965,-0.074109495,0.20478073,0.007870756,-0.15440582,0.08636363,-0.17329548,0.035947498,0.05356384,-0.032644987,0.08399399,-0.050172206,-0.12126512,-0.15616049,0.15980546,0.17558464,-0.10501833,0.16713735,0.2661215,-0.040307496,-0.12799151,-0.06263065,0.078869514,0.100078136,-0.015145844,-0.008685891,-0.064492226,-0.11289311,0.043113846,0.006984825,0.06363756,-0.13094732,0.19912961,-0.0070975963,-0.0433705,-0.012879132,-0.19163084,0.25089887,-0.2006275,-0.0023180183,0.032434758,0.041098196,0.16720515,0.14293058,0.048495103,-0.21112856,-0.23694932,-0.085877255,0.13841335,0.22194578,-0.07042946,-0.13949195,-0.14326298,0.010166803,0.19611561,-0.023114398,0.053862326,-0.13888681,-0.2406448,0.13070054,-0.19562687,-0.014586429
538,Anastasia (1997),0.060907207,0.26189724,0.2857246,0.45849502,-0.030927584,0.19773759,0.5409855,0.05818962,-0.21760525,0.14328992,-0.13055561,-0.19518656,0.5939465,0.13617927,-0.3326623,-0.08315804,0.117558084,0.1054229,0.13430612,0.09173474,0.06167769,0.0163783,0.40758795,0.07544658,0.1784833,0.09825209,0.033565268,0.2493478,-0.27100906,0.09594398,0.044165663,0.29394493,0.008767303,0.33866173,0.29547638,-0.2686362,-0.05176225,-0.2452232,-0.1605381,-0.36427078,-0.112049215,0.14261454,0.32514662,0.39614937,0.25744694,0.55384606,-0.3312837,-0.41178972,-0.10710127,-0.009950131,0.0029283385,0.53156203,-0.54523396,0.14893098,-0.32274124,-0.0009154325,-0.24424092,-0.4699254,-0.49059284,-0.3047134,0.081087716,0.007881395,0.13089901,0.51791614
544,Things to Do in Denver when You're Dead (1995),-0.27953297,-0.26642922,0.16933294,-0.13740535,-0.4962398,-0.22985572,-0.33411968,-0.15425645,-0.022323688,-0.0835832,-0.1062071,0.22032897,0.33775812,-0.105832145,-0.34441045,0.12980099,0.15403385,-0.0360474,0.05610692,0.30240253,0.0313647,-0.3447205,0.01952495,-0.19883958,0.28526264,-0.33363605,0.089811295,-0.047469944,-0.16633159,-0.102639824,0.10544736,0.0022806083,0.14187749,-0.43006918,-0.19705188,0.14472999,0.037670795,-0.062358256,-0.024377136,0.18091379,-0.38833672,-0.17576484,0.068029486,-0.018670967,0.38448143,-0.010370976,-0.23020744,-0.15457593,-0.32356244,-0.0043243384,0.1778966,-0.019071702,0.032979626,-0.41630894,-0.13340265,-0.08243107,-0.28206056,0.084395535,-0.117548466,-0.24441805,-0.08224533,0.0038261611,-0.1595985,0.27387398
546,Broken Arrow (1996),0.26344067,0.24203986,-0.02778687,-0.026368154,-0.13201335,-0.19162071,0.14758717,0.0010825791,-0.12583528,0.22778568,-0.22700554,0.07482221,0.06392392,0.051544137,-0.1736343,0.112624854,0.28157353,0.03919167,0.11028434,0.056580678,0.21944559,0.043113768,-0.0106804855,-0.027732715,0.14663571,-0.012488321,-0.2071361,0.039291058,-0.06717067,-0.018450988,0.25093585,-0.13231671,0.07158193,-0.28509194,-0.31760278,-0.26215476,-0.045831274,-0.111898504,-0.20714761,0.055618614,-0.08885856,-0.15191391,-0.01583325,0.2145859,0.036421053,0.11200808,-0.020552846,-0.41640842,-0.1966595,-0.11710606,-0.15223676,0.057771176,-0.13339971,-0.19791538,-0.19563407,0.099388376,-0.08900028,-0.16724075,0.105451256,-0.18569383,-0.37705877,-0.07856051,-0.07707543,0.31579182
549,Rob Roy (1995),0.0590403,0.06671393,0.35407355,-0.016410366,-0.14672129,0.013895733,0.003258645,0.040779423,-0.038992677,-0.053442173,-0.037477616,0.003285834,0.2683322,0.1616789,-0.14322752,-0.008555522,0.07593622,0.20714875,-0.21393925,0.19348149,0.034471396,0.19852376,0.019026754,0.048173394,0.11357363,-0.21144557,0.31885496,-0.12991242,-0.18462597,-0.019097999,0.18309951,-0.024800427,-0.06298296,-0.094846584,-0.117637925,0.07100069,0.045783665,-0.12213152,-0.17196232,0.23285945,0.04295218,-0.04289855,0.06607,0.35724598,0.0054193973,0.03703938,0.10568929,-0.2720477,-0.15843698,-0.07390162,-0.0167513,0.016528685,-0.24924567,-0.059379023,-0.086876675,0.07301701,0.16850825,-0.113004014,0.1406329,-0.01499129,-0.088491514,0.09867066,0.104692996,-0.09669479
550,Die Hard: With a Vengeance (1995),0.080956936,0.058301874,0.28333384,-0.07252113,-0.055455763,-0.005141202,0.024168635,-0.023855451,-0.29645932,0.18195625,-0.06203267,-0.068369724,0.1371866,0.050948206,-0.21090655,-0.03594743,0.20792328,-0.035216033,-0.07612104,-0.12254551,0.15024608,0.0385582,0.09950259,0.06651517,0.0257398,0.08342481,-0.02451231,-0.055586215,0.16356707,0.18731661,0.19218954,-0.01346041,0.107548445,-0.18135747,-0.15672372,-0.18477021,-0.14460355,-0.07387171,-0.16507913,-0.23527582,0.037576236,-0.09699261,-0.22495736,0.18708564,0.04438436,0.24851793,-0.055074617,-0.31805378,0.117978856,-0.093784764,0.14592151,-0.026999049,-0.22740941,-0.31893712,-0.18753076,-0.04220525,-0.013551393,0.01801844,0.045108262,-0.25278226,-0.25031567,0.2308448,0.27293503,-0.080048464
554,Waterworld (1995),0.01368605,0.10456944,0.09314351,0.3375818,-0.103403136,-0.11702657,-0.14851648,-0.0724618,-0.65648764,0.31158158,0.22316682,0.1556662,0.21708734,-0.022733347,-0.08443685,-0.130013,0.10526874,0.10604948,-0.032188192,0.3584976,0.40295845,0.24517688,0.13348961,0.095701836,0.20791025,-0.022625642,0.098725915,0.07399066,-0.17916705,0.06857305,0.37318134,-0.33505288,0.24539073,-0.33478332,-0.22533801,-0.25944176,-0.37062365,-0.25341007,0.10131353,0.006062226,0.009764977,0.17639433,-0.12767325,-0.06759689,0.05076797,-0.17688051,0.27847898,-0.47745368,0.22268641,-0.06494454,-0.18742053,0.04335928,0.04861348,-0.13786383,0.06354626,-0.069549456,0.31143054,-0.09344189,-0.11882399,-0.08665728,-0.35405198,-0.10428738,0.24789533,0.18183134
558,Heavenly Creatures (1994),-0.07456822,-0.037474167,0.30342653,-0.37074062,-0.29747048,0.08319095,-0.45442006,0.25830272,0.12925285,-0.0009182734,-0.20888251,-0.014840586,0.03124289,0.24891308,0.016196297,-0.077478684,0.054224033,-0.021080066,0.04057476,0.20609392,-0.22648941,0.16726004,-0.40585157,0.011824765,0.22753507,-0.11807568,0.07522576,0.30249092,0.08301937,-0.030076448,0.06836794,0.05759974,0.072538115,-0.19984068,0.02729261,0.10421383,0.06933641,-0.16069661,0.09206695,-0.08085934,-0.15838803,0.14348753,0.13360734,0.40943623,0.4872686,0.17398953,-0.15219912,-0.3089796,-0.09636066,-0.10764377,-0.06211377,0.052625764,0.030031877,-0.24083772,-0.08052393,-0.09163775,-0.109991334,0.23459122,-0.12036519,-0.14152196,-0.27779052,0.0041151373,-0.042587634,-0.24990577
559,Interview with the Vampire (1994),0.033043765,-0.048244998,0.24166642,0.17855111,-0.32364032,0.34392157,0.1034487,0.332169,-0.33934915,-0.037466545,-0.23038323,-0.24868524,0.29809693,-0.011901954,-0.21652652,-0.037035473,0.33441532,0.20101154,-0.08282546,-0.080610275,0.2989015,0.19418405,0.0023653363,0.22479177,-0.1825514,0.15385596,0.13880181,-0.09316524,0.040780514,-0.084563,-0.06552852,-0.116351075,0.10472128,0.051920243,-0.29241747,-0.06004581,-0.06404287,0.06679812,0.058789015,-0.07272726,0.36785597,-0.015289853,0.17109813,0.06605672,0.06391299,-0.048451662,0.12963466,-0.2779223,-0.15143415,-0.15331501,-0.17044556,0.16699791,0.19462897,-0.21055269,-0.23737508,-0.3692374,0.20387474,0.33224744,0.32927647,-0.22775984,0.109595455,0.09290747,-0.101104856,0.052372012
566,Clear and Present Danger (1994),0.008786043,-0.014764481,0.24708526,0.013355164,-0.0020017826,-0.01724256,-0.0152111845,0.076254666,-0.13141045,0.11950767,-0.06743467,-0.24867505,0.14305505,0.042583365,-0.25048727,-0.11019896,-0.024998918,0.12519678,-0.09453929,0.10560283,0.15420088,-0.043602776,0.03393495,0.057729814,-0.19959262,-0.15202866,0.1426714,-0.047496643,0.17728893,0.24170566,0.09128257,0.0427517,0.070633374,-0.06780062,-0.05475536,-0.17015503,0.041512683,-0.05964273,-0.03405379,-0.16477662,-0.03812907,-0.04272111,0.014009654,0.08345233,0.084356606,0.24893284,-0.077432975,-0.18429215,-0.16915034,-0.09094836,0.11694359,0.06952534,-0.12400651,0.00080865214,-0.32305384,-0.18755968,0.22981042,-0.17491172,0.02196525,-0.17151839,-0.1193786,0.10041385,0.0753969,0.0025650302
568,Speed (1994),0.17579442,-0.014377397,0.24820647,0.012419317,-0.09885209,0.19131607,0.115466155,-0.026190167,0.05575488,0.17250192,-0.122465596,-0.10702415,0.1989675,0.011262902,0.0131899435,-0.36374727,-0.07554561,0.076212615,0.047194116,0.1548363,0.15584168,-0.019918917,0.082516566,-0.013840029,-0.13810462,0.02312254,-0.014092444,-0.017047253,-0.13635096,-0.068802334,0.21425515,-0.00025279808,0.029899662,-0.2928904,0.034728993,-0.1340846,0.09551132,-0.004685949,0.0013729989,-0.08357734,-0.10248113,-0.03246811,0.014884067,0.07995083,-0.0021169356,0.06641991,0.042919543,-0.27303144,-0.031733397,-0.22227333,0.013552084,0.14528564,0.019018672,-0.113050506,-0.33043817,-0.160144,0.11343179,-0.1495878,0.02882341,-0.064055994,-0.21798256,0.18337618,-0.077989176,0.13956863
576,Cliffhanger (1993),-0.25581008,-0.07014898,0.19682826,0.24645005,-0.5076658,0.038248416,-0.10168916,0.051049165,-0.14454168,0.051949058,0.031642973,-0.031041741,0.15570377,0.06707669,-0.17414905,-0.25718313,0.10538147,0.21353567,0.0707492,0.10985096,0.35386398,0.2294032,0.23969884,0.13894466,0.2285775,0.26219147,0.18716899,-0.21067424,0.16140401,0.23222813,0.37502158,-0.010154078,0.020027047,-0.36230823,0.058883972,-0.31266034,-0.21520981,-0.065665,0.05908559,0.1745302,0.10428952,0.019263852,-0.13132782,-0.15424924,-0.17650075,-0.19227871,0.15510269,-0.5547176,-0.020695955,-0.15407227,-0.19825898,0.081139654,0.07803318,-0.023377497,-0.26130784,-0.0072441353,0.13602544,0.0051057623,0.18929169,-0.28781596,-0.07486931,-0.17352471,0.34039256,0.061370265
578,Demolition Man (1993),0.054029275,-0.10547127,0.21823436,0.11079253,-0.46291643,-0.09652581,0.027446935,-0.031912353,-0.27687582,0.042417593,0.10428903,-0.08251717,0.37006682,0.1147838,-0.27474117,-0.32418567,0.030169286,0.062277973,-0.155867,0.3306637,0.16200815,0.37306988,0.1037749,0.10081366,0.30061945,-0.03577794,0.1838425,-0.18725221,0.32480335,0.15406105,0.2650878,-0.0512897,0.11787769,-0.31710672,-0.11013579,-0.3213146,-0.0366472,-0.06495046,0.024051685,0.2349498,-0.078680135,0.0042690793,-0.2447979,0.08122389,-0.26045567,-0.15481715,0.29091644,-0.36802593,0.28350338,0.013446337,0.07779608,0.18895762,0.09644778,-0.023396226,-0.17680472,-0.060057823,0.037066005,0.1948015,-0.09403095,-0.21132071,-0.20779374,-0.14239629,0.21550424,0.21472438
581,Kalifornia (1993),-0.1671017,-0.2734125,0.11338805,-0.0037504132,-0.63165516,-0.08577338,-0.177129,0.1298187,-0.3974667,0.14261095,-0.14479381,0.2882767,0.09581959,-0.29002315,-0.17010845,-0.25982338,0.09811312,-0.23177126,-0.05139571,0.026079906,0.084484525,0.022486687,-0.0007512991,0.060206123,0.117673464,0.12040497,-0.13653001,0.059288457,-0.16887264,0.21328303,0.19163172,-0.069625005,-0.067325294,-0.33165625,0.16768828,0.090315126,-0.118335046,-0.053368993,0.11967482,0.23209783,-0.25846237,-0.008347935,0.08954406,0.14136282,0.07970686,-0.0145359095,-0.16469151,-0.2471433,-0.24448533,0.20020162,-0.3876655,0.24596645,0.16451174,-0.22848299,-0.24223411,-0.05994542,0.072050355,-0.045000024,-0.05728933,-0.26428857,0.03573882,-0.044724483,0.1188179,-0.13239758
582,"Piano, The (1993)",0.21013974,0.06931837,0.18685958,-0.11232431,-0.033053912,0.050959535,-0.21851008,0.060121812,-0.07498951,-0.03364451,0.14251873,-0.11476717,0.12413681,-0.19172032,-0.09299729,-0.16153605,0.16159667,0.010133676,-0.2678438,0.15252946,-0.036723632,0.12074706,0.075295076,0.005828293,0.09001969,0.1383067,0.002502439,-0.0034016217,0.07124389,0.12243604,-0.1338782,-0.2462765,0.00812588,-0.091797866,0.114069305,0.16510426,0.053247612,0.04121772,-0.048743352,0.17583677,-0.19115849,0.08798739,0.25491762,0.052706562,0.085027166,0.20663156,0.051295336,-0.16117957,-0.16053727,-0.098065,0.12147829,0.25301448,0.09695469,-0.055745855,-0.23195092,0.040283546,-0.045306016,-0.081791915,0.011538845,-0.03634554,-0.1573481,0.39997262,-0.09935037,0.06385485
584,"Secret Garden, The (1993)",0.1681102,-0.38053432,0.48995957,-0.17655665,-0.15867616,-0.21759966,-0.30458197,0.1481801,-0.033476476,0.06551699,-0.06615483,-0.066619724,0.03969848,0.029482374,-0.059159074,-0.11590867,-0.21331753,0.12315837,0.11881013,0.11245573,0.24090728,0.07513759,-0.02842448,0.08219085,0.16238889,-0.25563896,0.109370425,-0.051143322,-0.12202708,0.0010573026,0.35509226,0.14080578,-0.008043363,-0.1917977,-0.09274308,0.2511301,-0.23516443,-0.14945967,-0.25152445,0.015645774,0.02182219,-0.12300647,-0.1303726,0.054850616,-0.1663021,-0.16758217,0.25443107,-0.27150556,-0.16549401,-0.25414997,-0.1337475,0.020185906,0.08274314,-0.2329341,-0.046977196,-0.092692755,-0.0013362219,-0.09191024,0.054442905,-0.16292557,-0.32444912,0.009451502,0.14219317,-0.09245926
588,Beauty and the Beast (1991),0.13854519,-0.09450852,0.18116055,-0.16125661,0.03105015,0.021745063,0.14373001,0.08509259,-0.116978765,0.251528,-0.025205465,-0.02229178,-0.0008738379,-0.040815186,-0.14701411,-0.21294633,0.03257453,0.13238095,-0.12294833,0.15126964,0.30306274,0.024226177,-0.11720804,0.12489177,0.06232518,-0.08526023,0.09457969,0.13705361,-0.024700677,0.044584837,0.047916457,0.10013212,-0.06814968,-0.16139303,-0.019748934,-0.21839929,0.093033955,-0.03613648,-0.074818656,0.012156241,-0.0020834962,-0.15630072,0.0493698,0.09241659,0.10996079,0.14331533,-0.088454425,-0.11456286,-0.2121224,0.0117903035,0.17063834,0.13027397,-0.05610816,-0.32517287,-0.19956271,0.08869564,0.0002945262,0.17101555,0.008775953,-0.13021174,-0.00973773,0.07746251,0.0014483352,0.18328533
589,"Wild Bunch, The (1969)",-0.05849253,-0.30180532,0.0047434694,-0.037301447,-0.35065204,0.09311416,-0.22710232,0.13219188,0.0013713815,0.11295635,-0.08916853,0.119320944,0.22948389,0.07853196,-0.47090682,0.28107908,0.12900603,-0.2194278,-0.063115835,0.0055677244,0.22693035,-0.022479929,-0.021110157,-0.09507401,-0.11317464,0.12704605,0.042240653,0.184512,-0.08244679,0.006279554,0.17365755,0.17629558,0.06275727,-0.5048275,-0.037843414,0.039254934,0.049554814,-0.02221521,0.11461215,0.14823484,-0.30238423,0.21293408,0.047429398,0.3676501,0.41812956,-0.1471242,-0.21337464,-0.2127499,-0.104826,0.0399396,-0.35853222,-0.011550008,0.047419768,0.018962067,-0.4226939,-0.10596082,0.08192073,-0.18211295,0.011470304,-0.28705555,-0.061108954,0.27567762,0.08954939,-0.16949643
591,Primal Fear (1996),0.059978865,0.04787968,0.13373923,-0.10602762,-0.22768192,-0.14755027,0.033080634,-0.009954457,-0.1402461,0.028964024,-0.21353658,-0.21423557,0.0696376,0.13648914,-0.19645377,0.13764557,-0.033161853,0.069707274,0.039883677,0.05086784,0.211697,0.23112847,-0.051194515,0.122683644,0.26146308,-0.166744,0.052200653,-0.03590206,-0.26823807,0.11048584,0.17540787,-0.053564478,0.072202034,0.14007616,-0.1873051,-0.16295028,-0.20146158,0.084737085,-0.2267112,-0.15196656,-0.17792544,0.15803841,-0.081295945,0.20580229,0.15788344,0.35978428,0.07197082,-0.24955647,-0.3601399,-0.106848724,0.058782846,0.06176577,0.047752593,-0.21259086,-0.3136558,-0.12682144,0.14136212,-0.062197447,-0.34730327,-0.053228933,-0.19976072,-0.0165151,-0.08294584,0.095549494
596,"Hunchback of Notre Dame, The (1996)",-0.17703016,0.013651067,0.22387834,-0.060918726,-0.37931198,-0.17314419,0.22703028,0.029669974,-0.1938524,0.18110843,0.017839635,-0.26129988,0.22086091,0.013800569,-0.17810154,-0.26034695,0.11061466,0.19186676,-0.18707879,-0.13901739,-0.08558244,0.038410004,0.026167752,-0.10796661,0.29268783,-0.16363545,-0.016987482,-0.18870491,-0.1229321,-0.0043140426,0.14803216,-0.078024715,0.054611854,-0.3289031,-0.38921282,-0.103921294,0.101169236,-0.14059737,-0.23197562,0.22012508,-0.27376783,0.024003183,-0.14685564,0.15902083,-0.17939764,-0.037497412,0.2821419,-0.1727032,-0.25267407,-0.13154335,0.098814145,0.17761213,0.07722387,-0.06525949,-0.09239828,-0.02213451,-0.059420504,0.058437593,0.024305457,-0.14060788,-0.053218216,0.28089654,-0.041165724,0.3333262
597,Eraser (1996),0.22315829,0.1610964,0.09066907,0.13283336,-0.30090547,-0.081205435,0.20290555,-0.036560662,-0.28440726,0.15033777,-0.26067966,-0.10791743,0.29425964,0.21000656,-0.08724052,-0.03538605,0.35146222,0.13268004,0.23851995,-0.014455221,0.09163789,0.029566752,0.20911555,0.14958014,0.17950222,-0.054958154,-0.10256889,0.08592895,-0.04912736,0.055445887,0.24624074,-0.1045057,-0.08375695,-0.41265318,-0.2151969,-0.46844062,-0.18141021,0.048565213,-0.15923418,0.10647797,-0.2761549,0.06931325,-0.15523839,0.06027157,-0.027979307,0.21471487,0.021234952,-0.19758567,-0.12572017,-0.010824423,-0.068211526,0.188958,-0.09771121,0.04885491,-0.26814574,0.09720746,0.034618467,-0.2569619,-0.097316556,-0.2572893,-0.42723873,-0.17183231,0.016190905,0.4132549
602,"American in Paris, An (1951)",0.21538539,-0.054320768,0.14373839,0.0034025162,-0.21309094,0.08271392,-0.2181932,0.42045578,0.020303326,0.09180022,-0.14087644,-0.23825565,-0.18548755,0.10451063,-0.13789794,0.36433202,-0.029254878,-0.08349181,-0.38951343,0.25296327,0.029064018,0.08390177,-0.23771062,-0.033327866,0.054942988,0.21260959,-0.27411896,-0.06119238,-0.3291628,0.08160574,0.32020664,-0.062049493,0.047490876,-0.26006272,0.0790376,0.040810294,0.06574113,-0.27401114,0.031896222,0.1461953,-0.13041736,0.01769523,0.027410503,0.11537036,0.15958276,0.0021383206,0.12383519,0.17251238,-0.22990236,-0.041181363,-0.36331567,0.022793984,-0.27432513,-0.44614342,0.012375325,-0.18661676,-0.19534196,-0.0984517,0.00090381905,-0.08052776,-0.5217508,0.3374814,0.18652582,0.033674657
603,Rear Window (1954),0.09183195,-0.11726806,0.2371781,0.036194164,-0.061684754,0.026210802,-0.12482587,0.17385651,-0.06568742,0.11437815,-0.15611002,0.09276351,-0.09758256,-0.0030814407,0.07693121,0.01511664,-0.03897988,0.19091867,0.014015421,0.18307659,0.11993702,0.042188253,-0.17107205,0.061107043,0.14500932,-0.08858037,-0.13288686,0.052782156,-0.010650067,0.13542402,-0.23202528,-0.18345092,-0.12110868,-0.07206441,-0.0040069153,0.024696162,0.07180971,-0.20397277,-0.16341238,0.0101410365,-0.124532335,0.0686993,0.0069370787,0.09351474,0.2328268,0.022723168,-0.007015047,-0.27454677,-0.017322807,0.11635177,-0.05209422,0.20718068,-0.07022886,-0.12878294,-0.27132055,-0.031615607,0.20543881,-0.18596432,0.048919734,0.13354401,-0.010434664,0.18903303,0.045822375,0.1299178
604,It Happened One Night (1934),0.13360006,-0.27044818,0.12646306,0.03909941,-0.08905405,0.10980719,-0.3807401,0.41079274,0.29684663,0.18318594,-0.044780225,-0.13048929,-0.13326637,-0.050189387,-0.105075434,0.41045555,0.16405945,0.10692148,-0.30271086,0.20059495,0.30229273,0.08798514,-0.058151316,-0.27379936,0.067128114,0.045877613,0.13897581,0.21352124,-0.037399918,0.010482943,0.27632266,-0.142741,-0.16755083,-0.14939344,0.14603102,-0.010837874,0.098206796,-0.49191147,-0.22236887,-0.03476968,-0.10085408,0.15793103,-0.018217113,0.32556817,0.019227518,0.23497874,-0.07421343,0.10750203,-0.17582306,0.046688177,-0.1339377,0.044637766,-0.042798046,-0.06916126,0.07708677,0.041626077,0.16246364,-0.045740195,0.20783168,-0.112122625,-0.123956434,0.02403804,0.24429874,0.19908762
606,All About Eve (1950),0.07418238,-0.20166469,-0.087852836,-0.114640474,-0.12192463,0.13045372,-0.4249198,0.1571475,0.012072917,0.073028974,-0.027341194,0.04836976,-0.08263818,-0.15992795,-0.33403087,0.15724353,0.38550073,0.22924729,-0.07912921,-0.12988342,0.1504607,0.15888387,-0.19328454,0.107873574,0.10760159,0.052211426,0.09329768,-0.021317396,-0.11833556,0.006805567,0.22293438,-0.1155973,-0.050238997,-0.09899267,0.02645403,0.0027081512,0.0132407835,-0.3958722,0.055995513,-0.092047766,0.1656487,0.26517376,-0.0040803645,0.28499475,0.04843088,0.3973145,-0.085184075,-0.08595888,-0.32652125,0.04123069,-0.2088768,-0.018340362,-0.12362914,-0.23824939,-0.21088779,-0.19854265,0.06981912,0.06320232,0.10452026,0.20362474,-0.18053791,0.059245832,-0.035584718,-0.11443949
607,Rebecca (1940),0.27772135,-0.08543901,0.030626798,-0.20156732,-0.06781632,0.114594825,-0.20109354,0.37937084,0.13705403,0.12291273,0.17956564,-0.07673014,-0.15830559,-0.20686884,-0.463877,0.23732726,-0.037768822,-0.041399408,-0.022091484,0.292625,0.04615972,-0.045499172,-0.13367191,-0.052281853,0.1243092,0.22548984,-0.0013670581,0.2751707,-0.13441664,-0.008843224,0.18470699,-0.15585908,-0.38323364,-0.24339007,-0.018373108,0.08005698,0.00809351,-0.24487984,-0.03789523,0.0003027054,-0.12459143,0.11746917,0.037548695,0.257336,0.12240262,0.120388396,-0.09157644,0.097912125,-0.14946721,-0.12354309,-0.1287995,0.22688524,-0.108649395,0.11669897,-0.030347457,-0.30951685,0.2534352,-0.030320559,0.1813344,-0.19581556,-0.27616057,0.35433814,0.17376848,0.12125222
608,Spellbound (1945),-0.07083064,-0.25069332,0.19538291,-0.32281572,-0.12917012,0.37674206,-0.23091035,0.6414583,0.00082225155,0.12776023,-0.081214584,-0.22341576,-0.16149648,-0.033030502,-0.41416544,0.5202867,-0.17559479,0.21530421,0.25977364,0.037510946,0.05549195,0.1462664,-0.37001678,0.022366269,-0.047894973,0.068359055,0.096036315,0.010020517,-0.2588526,0.2848653,0.07048102,0.25690678,-0.26704153,-0.24370365,0.12530799,0.056055818,0.42044505,-0.14907987,0.22700797,0.02602978,-0.36054942,0.16983637,-0.063798435,0.20242065,0.24560943,-0.030652236,-0.017772622,0.09952894,-0.15135902,0.09156553,-0.18048921,-0.06569972,-0.1981976,-0.26854908,0.0028882546,-0.2991628,0.048590273,-0.10399428,-0.023599366,-0.14990658,-0.04350284,0.42063242,0.20348844,-0.15082237
609,Father of the Bride (1950),0.029337376,-0.013147116,0.16386525,0.024535919,-0.14172809,0.14185025,-0.11730855,0.3763209,-0.100484885,0.07318779,-0.0025341948,-0.17127164,-0.1466565,0.04530281,-0.37564993,-0.053876102,0.0262388,-0.11296369,-0.14335546,0.24593434,0.09436502,0.4408966,-0.112228185,-0.30278674,0.090293966,-0.09135982,0.14095415,-0.097829305,-0.14065751,0.06679037,0.028345088,0.064757444,0.094305374,-0.39175,-0.11016101,-0.16057703,-0.1066226,-0.08368102,-0.15512046,0.24526362,0.12966475,-0.13208425,0.10869683,0.020159516,-0.048970234,0.20537022,0.37492785,0.1284638,-0.11606376,-0.1167765,-0.47412312,0.14759687,0.11016284,-0.23825656,-0.16005167,-0.06970889,0.055707403,-0.21125503,0.13699894,-0.11108226,-0.19025111,0.16429581,0.14384837,-0.08332275
610,Gigi (1958),0.1444481,0.11823009,0.35859966,-0.21225236,-0.19259302,0.19950892,-0.12733373,0.62106127,0.070887096,0.22820142,-0.21116015,-0.065697335,0.02998242,-0.06634159,-0.14445934,0.38144192,-0.29490182,0.2502818,-0.13590963,0.4002946,0.11394439,0.16365044,-0.42911762,-0.23980004,0.058824968,-0.053533584,-0.14885738,-0.28098705,-0.30878294,0.26023796,0.13545197,0.110371925,-0.02969188,-0.2727463,0.04592775,-0.068567544,0.08044137,-0.014265514,0.23345847,0.05234984,-0.016051551,0.359965,0.14330849,0.15855817,0.029140657,0.24070948,0.15497182,0.29336655,-0.41546667,0.08252774,-0.2133235,0.02090619,-0.38662273,-0.15051156,-0.002872438,-0.25421628,0.018693244,-0.018109106,0.07685953,-0.02680668,-0.0447298,0.3376931,0.14274465,-0.14926039
611,Laura (1944),0.33253682,-0.16111626,-0.3174777,-0.044323392,-0.16189037,0.45105466,-0.12713146,0.12896408,0.016068125,0.34644413,-0.04901318,-0.41807666,-0.22496611,-0.0023573427,-0.21009077,0.46115384,0.21569216,-0.078131944,-0.35884655,0.1343575,0.17581402,-0.17045283,-0.31213763,-0.12812513,0.09442143,-0.047973186,0.23911457,0.22834027,-0.165227,0.057050604,0.09265239,-0.17509893,-0.18334848,-0.20709789,0.23240219,-0.2431486,0.55140615,-0.2388242,-0.03022983,0.19939703,-0.29497638,-0.05160538,0.03171716,0.21355374,0.42635867,0.31874737,0.056678466,0.21678597,-0.066941634,0.013423886,-0.33405593,0.16843931,-0.31089917,0.07715399,-0.11210697,-0.25315437,0.04881522,-0.047368888,-0.04607488,-0.21880056,-0.1624103,0.26509884,0.1693616,0.19258748
612,Lost Horizon (1937),0.027119698,-0.26746896,0.19343933,-0.14586297,-0.5042924,0.009866395,-0.012195205,0.32604077,-0.33801588,0.11896381,-0.2438304,0.124682724,0.082416505,-0.051847406,-0.35842082,0.03117803,0.019389689,-0.038208906,-0.14995505,0.16176362,0.06107331,0.18979985,0.031034084,-0.07221484,0.2673097,-0.12412328,0.03340967,-0.06427617,0.004766656,0.2037044,0.2480984,-0.09721695,-0.15669821,-0.24271896,-0.031965304,0.07591456,-0.25039092,-0.2106596,0.10436413,0.30233994,-0.11449115,0.15340394,0.15382178,-0.11081223,-0.11090078,-0.05350757,0.21919024,-0.16380332,-0.3042819,0.15003698,-0.21676055,-0.060281955,0.12905134,-0.2787027,0.06975573,-0.226863,0.20233998,-0.19380227,0.050012346,-0.24296704,0.020420847,0.16699195,0.18198095,-0.05994412
614,Giant (1956),0.21733293,-0.11693497,0.28719962,-0.12955122,0.05523163,0.27380407,-0.2996769,0.11070623,0.055970687,0.18079652,-0.14216064,-0.34469175,-0.041704744,-0.096144706,-0.34059313,0.1320373,0.07721389,0.25428873,-0.034185015,0.16457884,0.13511041,0.10327829,-0.12181844,-0.27670234,-0.05537081,0.15805717,0.038884263,0.017498164,-0.209087,-0.14326067,0.18478702,-0.01876891,0.29868102,-0.5111257,0.12625374,0.1012277,-0.005994333,-0.18062449,-0.0794964,0.15949938,0.06763769,0.23374149,-0.20428011,-0.011603233,0.12508966,0.12044671,0.3386265,0.21618924,-0.026714401,0.085555986,-0.24416913,0.14422394,-0.13221945,0.037224773,-0.20411798,-0.20360371,-0.13217083,-0.10839617,0.14436668,-0.3078086,-0.31051573,0.2452101,0.25145197,-0.10192624
615,"39 Steps, The (1935)",0.007050668,-0.06604404,0.2988951,-0.13584067,-0.033450402,0.14910355,-0.51132894,0.13952474,-0.10136388,0.14316489,-0.017363006,0.08518361,-0.072209716,0.14125848,-0.07508757,0.4061378,-0.16425341,-0.08636251,-0.13994175,0.22462372,0.11617253,-0.043087184,-0.297953,-0.14052448,0.27365083,0.24125259,0.12503813,0.3002544,-0.0665025,-0.10872628,0.15694162,-0.12005403,-0.27898902,-0.2356022,0.031607218,0.058457535,-0.041245833,-0.09940152,0.15116586,-0.12274053,-0.07722163,0.022298614,0.042726155,0.30569008,0.15738733,0.17972837,0.057707485,-0.07557001,-0.21566762,0.1156786,-0.19585806,0.08106393,-0.09250725,-0.103498176,-0.15642075,-0.09901567,-0.08280061,-0.09399816,0.13436751,-0.06419008,-0.40035918,0.33637816,0.39214015,0.09238221
616,Night of the Living Dead (1968),-0.032604046,0.02058564,0.028849036,-0.18858662,-0.58388025,-0.06947361,-0.17298457,0.23469813,-0.069084726,-0.11302818,-0.011141605,0.08708823,0.07652489,-0.11008633,-0.44879332,0.03937647,0.10102674,-0.12753321,-0.27173066,0.08584895,0.017684441,0.18859823,-0.09851707,-0.0055109123,0.0019177916,0.09140194,-0.0054272125,0.14775065,-0.28926963,0.0053120945,0.08699725,0.1323094,-0.061081078,-0.29129976,-0.29061347,-0.04820998,0.184904,0.012879308,0.020516545,0.078280136,-0.27629098,0.069266506,0.1561746,0.18109632,0.05067137,0.026395185,-0.1900968,0.006477834,-0.18738775,-0.010652023,-0.15108128,0.035856303,-0.052860457,-0.03151683,-0.31783763,-0.1921122,0.24656676,0.13652934,0.17421867,-0.36483985,-0.060185324,0.23297502,0.2518259,-0.27592552
625,"Sword in the Stone, The (1963)",-0.33777407,-0.18126798,0.16535704,-0.01974142,-0.38364467,0.33412686,0.010440116,0.020612603,-0.25215048,0.17126511,-0.16114381,0.066989556,0.052413322,0.04599001,-0.19498855,-0.20389569,-0.09353111,-0.06538459,-0.045453418,0.023083182,0.20600629,0.121665195,0.05997105,0.017307602,0.20836884,0.2651199,0.2524915,-0.20441043,-0.050117273,0.1247777,0.39839247,-0.3336589,-0.19260563,-0.40310663,-0.021027049,0.16659838,-0.085971154,-0.1790357,0.322698,0.0073453607,-0.19405879,-0.13461119,0.0040202127,-0.05538419,-0.22553986,-0.0013244691,0.14530607,-0.33008724,-0.03598795,0.011615668,-0.21343762,0.07487094,0.09430149,-0.3083483,-0.15025404,-0.1478668,0.05116012,-0.39436042,-0.07286925,-0.3095122,-0.068792954,-0.016589219,0.15728578,-0.012789504
627,Robin Hood: Prince of Thieves (1991),-0.1458454,0.00292743,0.08735309,-0.26693028,-0.20276651,0.06322842,0.10902665,0.21301621,-0.4557382,0.38455912,0.055492364,-0.17623273,0.0025293056,-0.0052350992,0.035839118,-0.23070316,-0.095436946,0.029474596,-0.17775482,-0.024672152,0.068449736,-0.120773755,0.11198459,0.10782899,0.5775656,-0.123103276,0.24729647,-0.10007021,-0.016506383,0.0366874,0.25076377,-0.02761535,0.05485307,-0.4783888,-0.18587127,-0.2582867,-0.17386626,-0.19436102,-0.08698399,0.2436259,-0.06650938,-0.12920149,-0.21240352,-0.034429774,-0.34639683,0.07249508,0.40635785,-0.35209057,-0.26907516,-0.09886248,0.040416945,0.37605798,0.43323871,-0.31912842,0.027460331,0.19620655,0.105609536,0.08803058,-0.051865704,-0.024303911,-0.13482848,-0.086663656,0.3477008,0.17786166
628,Sleepers (1996),0.058480106,0.11524783,0.28157493,-0.0043689376,-0.15573958,0.04434469,-0.20459783,-0.16146813,-0.28987783,0.22565968,-0.11770954,-0.18923415,0.002135524,0.15507719,-0.22365253,0.0019104884,0.058969367,0.1381426,0.26988384,0.11396171,0.19879274,0.016933266,0.007006413,-0.043634634,0.13295843,-0.23936228,-0.02034627,0.056002963,-0.23333102,0.1373002,0.123735115,-0.2518764,0.30197975,0.1024418,0.10099369,-0.1654453,0.034900587,0.08317336,-0.16369489,-0.034115333,-0.2411808,0.088943526,0.028484602,0.2787879,0.06073911,0.13624822,-0.0063742185,-0.25132346,-0.17163797,-0.17291918,-0.010390159,0.10644654,0.13732743,-0.1298449,-0.14294891,-0.07621435,-0.079868376,-0.1801853,-0.14031295,-0.13755529,-0.17057504,-0.015994798,-0.0759306,0.15484026
629,Victor/Victoria (1982),0.08337346,-0.282098,0.23834842,-0.17765318,-0.30696318,0.07577181,-0.090840764,0.34127602,-0.25377893,0.03983559,0.015894078,0.055446204,-0.040573496,0.032872766,-0.44422808,0.031680036,-0.04961538,-0.10052674,-0.31224793,0.2642406,0.1674027,0.101832785,-0.018980537,0.042730927,-0.023438383,-0.086898535,0.09667362,-0.038038004,0.026402807,-0.058332726,0.17554186,-0.03828771,-0.1351963,-0.04285396,-0.19659905,0.11404076,-0.11301487,-0.14634643,-0.16699454,0.25214073,0.04283537,0.097067274,0.14605443,0.15150021,0.043485224,-0.09339627,0.2752615,-0.10268271,-0.09053249,-0.091075815,-0.0020026364,0.15483265,0.21045461,-0.43681544,0.16744237,-0.069740415,0.030345364,-0.09244179,-0.1938444,-0.55211675,-0.020741768,0.026972035,0.084968045,-0.047534026
631,"Crying Game, The (1992)",0.07951898,-0.13477097,-0.028646432,0.026019445,-0.009517889,-0.029259797,-0.20721947,0.014200158,0.013210848,0.04052926,0.13957565,-0.0648512,0.10003287,-0.21398629,-0.15183467,-0.10258703,0.22754884,0.2074877,-0.2283623,0.07600938,0.049856264,0.10592198,-0.08303211,-0.09792887,0.07873645,0.0034627607,0.20770302,-0.036123484,-0.042286593,-0.14097828,-0.066520296,-0.10683062,-0.10735201,-0.15434837,0.13109247,-0.012134336,-0.021327235,-0.2401461,-0.13347298,0.10178551,-0.103036456,0.20652519,0.17241734,0.10879764,-0.022345083,0.15259023,0.115935236,-0.27484256,-0.083276294,-0.27929434,-0.00439011,0.18427812,0.025419198,-0.21386331,-0.15642488,-0.11018572,0.11784238,0.1103586,-0.07396817,-0.038749203,-0.23343524,0.07908062,-0.07721574,-0.15902075
632,Sophie's Choice (1982),0.25194326,0.118118964,0.3236655,-0.26850626,-0.035451792,-0.011152653,-0.14235668,0.28091136,0.04748788,-0.06531465,-0.2737841,-0.22129352,0.14471129,-0.16808972,-0.18615447,0.32534614,-0.12559776,0.10039042,-0.19984601,0.3239716,0.27400506,0.2479981,-0.1981824,-0.06640004,0.0038960553,-0.14605758,0.03449902,-0.1763244,-0.3991938,0.116726495,0.09929537,-0.026421111,-0.01143019,-0.3110473,-0.01741214,0.11007794,0.083284885,-0.10381133,0.016666504,0.14951436,-0.041278068,0.23510855,0.176018,-0.11628406,-0.021604773,0.062188562,-0.07215624,0.19263226,-0.20214218,-0.003310929,-0.3572647,0.008008677,-0.12586655,0.06010991,-0.13282837,0.10904772,0.08563307,-0.20239948,0.24878117,-0.34246987,-0.28624701,0.2342746,-0.033146817,-0.14417918
633,"Christmas Carol, A (1938)",0.15907018,-0.02584798,0.15244183,-0.0005383232,-0.12341312,0.05283733,-0.034216035,0.040464647,-0.12515359,0.091631964,0.024860904,-0.18485315,-0.012839788,0.14484909,-0.14053096,-0.06671637,0.09036664,0.14431548,-0.34726527,0.45097953,0.08103477,0.057758383,-0.084663115,0.28817073,0.24033079,0.0124808345,0.10114257,0.074595384,-0.20518975,0.11684027,0.22045411,-0.16464515,-0.16177827,-0.21373463,0.024141569,0.04132235,0.056539334,-0.14456311,-0.03982547,0.15625936,-0.021030677,-0.10908136,0.08034147,0.22350375,-0.10398252,-0.014558712,0.18013442,0.1455795,-0.10603072,-0.23574342,-0.12512192,-0.06785346,-0.15097247,0.04034335,-0.16015267,-0.002405799,0.026278697,-0.01748644,-0.008343471,-0.28078818,-0.07617552,0.21353291,0.33798203,0.1396594
636,Escape from New York (1981),-0.28921074,-0.1335791,0.26405382,0.2139985,-0.36944258,0.0026444076,-0.062464505,-0.11173076,-0.35057035,-0.05222948,0.11619892,0.048244808,0.09915428,-0.14857659,-0.120961845,0.050228402,0.04321548,0.2032302,-0.12506501,-0.007938081,-0.1491979,0.13969037,0.029308995,-0.16354908,0.19545364,-0.121254966,0.033867367,0.09753839,0.03629196,0.05496921,0.23782681,-0.04766082,-0.07482614,-0.33008382,-0.121692896,-0.32677868,-0.14769293,0.040636998,0.17490964,0.17934588,-0.29483116,-0.0059658918,0.08970329,0.36745912,0.108917564,-0.26559892,-0.17616323,-0.40337077,0.16770066,-0.056891497,-0.09151769,0.18973954,0.13659112,-0.26851475,-0.17804222,0.19815287,0.21204102,0.09148553,0.1297962,-0.25009084,-0.1386974,0.09411362,-0.17119038,-0.0034563467
638,"Return of Martin Guerre, The (Retour de Martin Guerre, Le) (1982)",0.324047,-0.007782052,0.056628156,-0.069934554,0.008265766,0.12561378,-0.3558025,0.24132967,0.04038159,0.13867126,-0.26151288,-0.21034305,-0.022492794,0.025996659,-0.18207844,0.24968533,0.02748397,0.15501085,-0.06968534,0.10055653,0.04804726,0.099301465,-0.32424432,-0.18108183,0.029709209,-0.18971416,0.06401459,-0.07399832,-0.413264,0.19048661,-0.035301305,-0.1969274,-0.41003266,-0.22710137,-0.12572391,-0.05594559,0.29462686,-0.0477073,-0.0058629317,0.2115052,0.08464499,0.15178527,0.034610495,0.5059033,0.19811635,-0.029079622,0.036970664,-0.027713092,-0.22575614,-0.14748393,-0.26563492,-0.01327121,-0.32059115,-0.016156254,-0.0044511184,0.11809205,-0.047585763,-0.07727207,-0.0020071527,0.054516267,-0.08631265,0.3648747,0.21895686,-0.22242983
639,"Tin Drum, The (Blechtrommel, Die) (1979)",0.113119505,-0.3272365,0.24604672,-0.041830588,-0.42658535,0.05069836,-0.3267458,0.22484247,-0.2068217,-0.19993359,0.0066278516,0.25711104,0.21797478,-0.06440341,-0.13353577,0.34683138,0.12451224,0.06751884,-0.024984706,0.11560986,0.013971077,-0.022644417,-0.13826019,-0.11654063,-0.08510679,-0.037415422,0.06518582,0.07194532,0.081878744,0.2143019,-0.07841612,0.11143187,0.057967007,-0.08158512,-0.07243715,0.14158502,0.017542034,-0.028700672,-0.0045352774,0.09010137,-0.43276268,0.23915651,0.11775562,0.25919196,0.3603325,-0.15366335,-0.3640792,-0.01718046,-0.047515728,0.043780036,-0.009236285,0.16468029,-0.17821407,-0.3251206,-0.30530602,-0.048003525,-0.21056451,0.25530487,-0.06770368,-0.24697164,-0.13162696,0.36033913,-0.28862315,-0.14332883
640,"Cook the Thief His Wife & Her Lover, The (1989)",0.113633126,-0.3090749,-0.044496525,-0.1415524,-0.44758934,-0.041845843,-0.1998708,0.24671666,-0.18322323,-0.022497177,0.017248431,0.20062338,-0.038067374,0.014864643,-0.30735096,0.32829472,0.12551063,0.2009723,0.026634445,-0.050507694,-0.17381558,0.10702084,-0.24095105,0.0028039995,0.042070758,-0.27503586,0.072854936,0.11286361,0.044361275,-0.04708278,0.14847879,0.00726559,-0.037125222,-0.32175702,0.08735824,-0.17562675,0.002611799,-0.1768501,0.05191516,-0.11826308,-0.19385445,-0.12402143,0.01548522,0.38775033,0.22947286,-0.11909412,-0.24222276,-0.06555397,-0.17563078,0.077186786,-0.028066028,0.0076466682,-0.045626827,-0.34861478,-0.29923978,0.07110784,0.24938905,0.1267676,0.008887887,-0.27103785,-0.2053562,0.09579976,-0.39474714,-0.26732284
641,Paths of Glory (1957),0.16898592,-0.06532436,0.10283568,0.0027692108,0.042182457,-0.018224634,-0.27883247,0.48791006,-0.08353548,0.22711061,-0.23195735,-0.08410332,-0.16815642,-0.12394526,-0.24743703,0.35585457,-0.027195007,0.19473699,0.13513242,0.3293317,0.16415976,-0.1147159,-0.34972355,-0.11646284,0.18715613,-0.17801766,-0.0634984,0.05563241,-0.3782724,0.10824283,-0.0473447,0.043503158,-0.21603732,-0.31559935,0.08300229,0.0559845,0.16543184,-0.061859906,0.1941978,0.11944531,-0.23164527,0.039322913,0.028991032,0.44053572,0.20309827,-0.10454251,-0.09259404,0.11095935,-0.08947635,-0.054352924,-0.35952616,0.054312147,-0.12956788,-0.20196262,0.0011919873,0.079358675,-0.1296956,0.12211995,-0.117714316,-0.008605044,-0.23605351,0.36943752,-0.032242488,-0.06171333
642,"Grifters, The (1990)",0.0939034,-0.04017797,0.22923781,-0.04487526,-0.24372192,0.1144005,-0.068068095,0.013696212,0.0019246065,0.04179909,0.053409453,-0.03469373,-0.0037848416,0.14231658,-0.2714545,0.01800501,0.002943601,0.035496045,-0.43543884,0.17874597,0.25732774,-0.057591334,-0.12495629,-0.055070125,0.09407337,-0.02202511,0.22090684,-0.0055648903,-0.15394513,0.00795382,-0.09295343,-0.26801306,0.1166023,-0.11139709,-0.07042391,-0.06688959,-0.06968197,-0.18474245,-0.007926106,0.11377278,-0.18383604,-0.068239026,-0.029337576,-0.10024483,0.07563366,-0.0636304,-0.22119978,-0.13373856,-0.05370053,-0.0124898255,-0.36317965,0.08071369,-0.19285578,-0.24469183,-0.39221314,0.07001521,0.20478173,0.042159535,0.011965926,-0.11280751,-0.267289,0.026201418,0.013392807,-0.29804993
646,Once Upon a Time in the West (1969),0.04770395,-0.54233825,0.2475611,-0.026414879,-0.39056507,-0.12851499,-0.38485077,0.13269879,-0.17002141,-0.19400313,-0.0640312,0.24469903,0.013018288,-0.082037665,-0.270032,0.08637155,-0.11994398,0.1155173,-0.10961038,0.08774291,-0.08301471,-0.014977683,-0.06869843,-0.13850681,-0.032352068,-0.12361352,0.029352734,0.116798185,-0.36844963,0.035145227,0.06946032,0.12941216,0.11360461,-0.36860067,-0.15905455,0.4224752,0.0815146,-0.08495331,-0.021579755,-0.03181817,-0.2448852,0.14372899,0.19703344,0.13399552,0.28834933,0.04862027,-0.19767329,-0.1847508,-0.36630383,0.1950819,-0.15818208,0.024215978,-0.3366015,-0.17119013,-0.2178508,-0.1773954,-0.22897747,0.046095718,-0.19503894,-0.15672787,0.2523213,0.18944263,-0.23348264,0.2461255
647,Ran (1985),0.3144261,0.017371014,0.2974317,0.15506393,-0.034166105,-0.09052465,-0.2543085,-0.06247375,0.13912296,-0.00013315851,0.037737086,-0.0051090056,0.027484143,0.051383257,-0.024655813,0.03366415,0.2907075,0.19521096,-0.45838407,-0.080200486,0.15605703,0.113791235,-0.12781768,0.08657731,0.17380217,-0.04206978,-0.07386515,-0.039907582,-0.2451748,0.04262507,-0.025150245,-0.022980511,-0.06412745,-0.23099649,0.10278141,0.037050176,-0.13255753,-0.32563096,0.17557152,0.09562937,-0.32674047,-0.0075118714,-0.024864396,0.16613992,0.19105412,0.11406221,-0.23651482,-0.13057192,0.08287318,-0.049653552,-0.15182406,0.14786188,-0.29505643,-0.093843766,-0.033439983,0.026627213,0.057922434,0.021379258,0.06923119,-0.12294246,-0.261517,0.15299997,0.07754729,-0.23819539
648,"Quiet Man, The (1952)",0.18274003,-0.22619185,0.18832053,0.024284625,-0.24288683,-0.012022504,-0.1739471,0.19435015,-0.08010814,0.1497474,0.063241184,-0.27578956,-0.046695903,0.0593772,-0.19696374,0.016660942,-0.12028945,0.08385039,-0.25921658,0.3710896,0.3595503,0.13024643,0.007480392,-0.005947707,0.10134233,0.21964699,0.13545573,0.14916562,-0.21975891,0.07778476,0.040647276,-0.24336012,-0.012462812,-0.18127915,0.28890023,0.040179122,0.046238422,-0.109245,-0.106977925,0.121233545,-0.07028999,0.051198706,-0.12004765,0.068479165,-0.0008224979,0.14330317,0.060868736,0.1703205,-0.092510894,-0.304557,-0.094922036,-0.14770702,-0.02041125,0.08112252,-0.27680045,-0.18199728,0.12373179,0.15637459,0.16671826,-0.21642973,-0.17863563,0.14443815,0.0753557,-0.065951236
649,Once Upon a Time in America (1984),0.21856183,-0.21874933,0.20027164,0.13475327,-0.20571227,-0.02664692,-0.22833176,0.042889398,0.025190774,-0.34258312,-0.2968517,-0.04422442,0.19985229,-0.026466982,-0.35367653,0.07186023,0.25470594,-0.022679873,-0.08839732,0.11822964,-0.028655954,-0.03838973,-0.18001683,-0.24881075,0.024575228,-0.12761424,-0.24294586,0.103911564,-0.17854334,-0.082492426,0.25360823,0.20932528,0.019761086,-0.23505732,-0.23927817,-0.023547558,0.07627229,0.09385921,-0.21717362,0.15327165,0.06790218,0.16431594,0.20749106,0.010299138,0.29022098,-0.042583846,-0.17744721,-0.10277306,-0.17772254,-0.21638167,-0.123391934,0.084317304,-0.06792067,-0.31020284,-0.14798346,0.16505522,0.13338229,-0.16767758,0.037681635,-0.32578415,-0.099604055,0.07135673,-0.030303428,-0.06521459
650,"Seventh Seal, The (Sjunde inseglet, Det) (1957)",0.14737065,-0.2427914,0.34036705,0.01569715,-0.109271064,0.06060949,-0.1442849,0.36257806,-0.05051798,0.05137683,0.013129511,-0.0041391556,0.021256557,-0.04357087,-0.032990884,0.4418997,-0.16613533,0.019714398,-0.11233887,0.06728292,-0.03775321,0.14365359,-0.24380733,0.068017684,0.038777348,-0.24369682,0.16092584,0.11436784,-0.06294642,0.033376623,0.22462597,-0.10968552,-0.049606636,-0.16004273,-0.1799438,0.0017690246,0.18902718,-0.22923009,0.078031965,0.05043055,-0.28729808,0.07850959,-0.23457749,0.16550021,0.10749594,-0.028577523,0.015462275,0.08827347,0.014978119,-0.26297206,-0.3291888,0.20820987,-0.03487287,-0.30754068,-0.096583195,-0.11203879,0.06685939,-0.14069752,0.14557718,-0.23097913,-0.46418735,0.18346806,-0.16450262,-0.039878365
651,Glory (1989),0.051179398,-0.008767631,0.294482,-0.053025916,-0.038551092,0.106141075,-0.04297746,0.066077806,-0.040173788,0.17209111,0.041506432,-0.022721395,0.08875958,-0.09380137,-0.09558959,-0.17834638,0.053527225,0.065927394,0.022593029,0.10791301,0.1250169,-0.09083287,-0.04512433,-0.007773168,-0.09727002,-0.08107209,0.015054641,-0.018352047,-0.06517797,0.06300691,0.104833834,0.12760203,-0.038538888,-0.055814877,-0.0044754893,-0.028576473,-0.11258611,-0.12778139,-0.104829915,0.05053083,0.02245404,-0.017687894,0.1288047,0.011912157,0.024414238,0.18160722,-0.090593755,-0.2427967,-0.08169461,-0.12925676,0.061048903,0.16980962,-0.04266969,-0.098852016,-0.37425163,-0.121576205,0.10646547,0.0075381314,0.021956341,-0.12482805,-0.14294845,0.13799378,-0.00931456,0.17290755
652,Rosencrantz and Guildenstern Are Dead (1990),0.083861805,-0.16419725,0.31767046,-0.060040317,0.025475973,-0.055699933,-0.13872997,0.14663593,-0.16044006,0.0077905613,-0.0020553311,-0.11528137,-0.12806101,0.005162713,-0.23164372,-0.037428986,0.1476712,0.096422076,0.062438775,0.38160202,0.041344885,0.1809325,-0.12942855,-0.28467783,0.27073425,0.22511281,0.23694727,-0.06929811,-0.094769046,0.1347131,-0.18385145,0.06065006,0.18104874,-0.0088718785,-0.07097528,-0.016466722,0.23863629,-0.36285815,-0.0030247704,0.023147829,-0.1393934,0.19754319,-0.06930329,0.14995801,0.10012127,5.9820086e-06,-0.30047184,-0.23764563,0.21856222,0.026678804,-0.036589775,0.072281286,0.03380677,-0.32150728,-0.074985445,-0.1073107,0.03595122,0.08712589,0.025590748,-0.1481794,-0.32916144,-0.10782619,0.02893021,0.09549632
653,Touch of Evil (1958),0.107273035,-0.1666106,0.15064205,-0.08102349,-0.24520993,0.24754222,-0.46307546,0.48996457,0.011294815,0.048817646,-0.0870764,0.13289875,-0.14641291,-0.16130635,-0.3922111,0.45129377,-0.10865874,0.113560565,-0.15788369,0.10418218,-0.061045047,0.14699984,-0.30968383,-0.1619749,-0.14962475,-0.09331946,-0.035008293,0.14007413,-0.5128198,0.23668507,-0.15932672,0.040714078,-0.14080362,-0.18700442,-0.10733387,-0.09836809,0.3086793,-0.034569483,0.12609003,0.097627856,-0.1469877,0.28389928,0.16570012,0.5247775,0.48121548,-0.09049656,-0.18817261,-0.02620231,-0.279497,-0.0330413,-0.32849675,0.09752297,-0.1819525,-0.018871026,-0.17553009,-0.21742198,-0.19627365,0.2940415,0.16573606,-0.024318473,0.19155757,0.26675957,0.088138446,-0.12364265
654,Chinatown (1974),0.094454475,-0.13762225,0.1954132,-0.00028157787,0.15547848,0.16203238,-0.40308148,0.16397874,-0.021168912,0.030203367,-0.08411789,-0.05436566,-0.06781503,-0.110862345,-0.088490725,0.10306148,0.080199584,0.13626422,-0.32925949,-0.010207841,0.062552266,0.008061984,-0.12233547,-0.04572582,0.15739919,-0.078196906,-0.08008476,0.1750534,0.092112124,0.0978538,-0.12263841,-0.14913145,0.09445088,-0.1660237,0.11351536,0.033325426,0.14394386,-0.12150075,-0.15645479,0.084331766,-0.10863538,0.06518407,-0.031136122,0.022646468,0.10218113,0.08633606,0.229451,-0.24570401,-0.10757865,-0.06982947,-0.13336527,0.25464845,0.046826094,-0.21592133,-0.19356553,0.045354273,0.053601537,-0.06340346,-0.04334459,-0.015832277,0.06875444,0.08934155,-0.022677638,-0.009573402
655,Stand by Me (1986),0.07647574,-0.116700664,0.18393041,0.008397831,-0.14170608,0.1709305,0.05474133,0.006835211,-0.09056568,0.15321366,0.03457222,-0.0020970132,-0.018727249,-0.14972544,0.008905159,-0.15084593,0.093244545,0.11098968,0.025099583,0.079725765,0.17722568,-0.025256844,-0.124898426,-0.029886853,-0.17783882,-0.17637752,0.060595017,0.01705568,-0.14254536,0.07944594,-0.04246349,-0.08460178,-0.044682227,-0.111976184,0.088227525,0.021144148,-0.0035166985,0.07170627,-0.08939065,-0.03350466,0.0130515555,0.02701157,0.11261797,0.06238384,0.033810016,0.24528906,0.053591274,-0.21606204,-0.05055551,-0.21836646,0.006717475,0.11507248,0.0609315,-0.36045796,-0.2878304,-0.032908976,0.06582652,0.039133836,0.10402879,-0.080730215,-0.113159664,0.171379,-0.019153597,0.04980962
656,M (1931),0.13709089,0.10801731,0.20591417,-0.2608861,-0.22015397,0.39940158,-0.45778185,0.37173146,0.12458293,-0.057293434,-0.01041201,-0.06453903,-0.2378098,-0.20362678,-0.38114947,0.44520277,0.12445452,-0.048202313,0.112763084,0.29047203,-0.152614,0.09973641,-0.18235442,-0.107044406,0.083346486,-0.10619888,-0.1117215,0.43904316,-0.35772097,0.09649622,0.011695424,-0.06117863,0.0908326,-0.157889,0.069548875,-0.14135014,0.18665782,-0.086248,0.19479455,0.08523556,-0.3767577,0.13642308,-0.049347177,0.2704038,0.32043514,0.095835574,-0.08919731,-0.1717369,-0.28935355,0.14177169,-0.41869813,0.15748091,-0.2284209,-0.17663833,-0.18696435,-0.21346898,-0.35486794,0.07961849,0.10338051,-0.13070747,-0.1768813,0.28759706,0.028339252,-0.3543732
657,"Manchurian Candidate, The (1962)",-0.0151612535,-0.14425991,0.1160911,0.12305239,0.08988414,-0.108222194,-0.37160075,0.11318615,0.104950555,0.227663,-0.17447364,0.085327744,-0.022136496,-0.11835487,0.0410086,0.002978663,0.21813352,0.20859316,-0.20682755,0.030723386,0.17042647,-0.08665104,-0.078311265,-0.06239883,0.27005762,-0.020943366,0.10513585,0.11747779,-0.0408216,0.19245751,-0.04190582,-0.21845184,0.07917749,-0.08558275,0.08622334,0.044206616,0.023372965,-0.20784609,-0.0366194,0.03420483,-0.005958197,0.02261332,0.011556994,0.13767073,0.056000575,0.12992255,0.08307453,-0.17760131,0.090701185,0.09112782,0.090576604,0.28343564,0.0007994281,-0.080036655,-0.25405326,0.11339864,0.09839634,-0.07613691,0.047262616,-0.21640714,0.014521432,0.15840308,0.021009814,-0.0008432615
658,Pump Up the Volume (1990),0.0052407435,-0.11484299,0.48170903,0.17340042,-0.31337106,0.24078655,0.099061616,0.06923133,-0.3931405,0.09505679,-0.17383441,-0.052037135,-0.12694155,0.11262475,-0.18112916,-0.1749591,-0.061630856,-0.02558856,-0.17710912,0.35498586,0.025412178,0.2119072,0.26901343,0.09500029,0.09267596,-0.18087214,0.1761709,-0.015261071,-0.18593779,-0.14307871,-0.020411918,0.0049892515,0.098871425,-0.13936499,-0.15449774,-0.13951124,-0.20190364,-0.080514595,-0.12659967,-0.20934181,-0.2307927,-0.09278108,0.17530912,0.17867674,-0.10899481,-0.035120912,0.12661959,-0.26925874,0.12206394,-0.10607089,-0.19943425,0.055326488,-0.12115536,-0.45288208,-0.13131942,-0.0037715305,0.20473744,0.13127403,-0.05132618,0.0009137544,-0.134998,-0.14285083,0.080809206,-0.121030994
659,Arsenic and Old Lace (1944),0.12076002,-0.031272803,0.29532665,-0.0061294925,-0.12130899,0.10605043,-0.27515602,0.05750886,-0.024766106,0.19407775,-0.017010381,-0.05846699,-0.08127442,-0.09807073,-0.048456907,-0.025056047,0.19912063,0.02946201,-0.100564554,0.25562814,0.26947677,-0.12500443,-0.11334909,0.16706403,0.31868485,0.049144484,0.096843384,-0.0956661,0.01521779,0.03644975,0.029833734,-0.18509097,-0.089204185,-0.3019003,-0.08836974,0.19643918,0.13386574,-0.18931891,-0.07538681,-0.074718945,-0.02965179,-0.0054559074,0.13840473,0.13551295,0.040014282,0.17033656,0.19149855,-0.09824724,-0.101037316,-0.119381666,0.034332093,0.15283659,-0.047932256,0.02077159,-0.2035397,0.07029207,0.13095434,0.05281999,0.0059621544,0.055774823,0.024348738,-0.049548764,0.013119454,-0.15487991
660,Fried Green Tomatoes (1991),0.17918967,0.008002833,0.15056337,-0.02534595,-0.0737161,-0.061048064,0.0570142,0.08939425,-0.057039812,-0.0056131254,0.012186289,-0.07707547,-0.013217052,-0.20392199,-0.099247456,-0.05869446,0.12079978,0.159932,-0.04216149,0.18492025,0.13076033,-0.0628914,-0.050258882,0.20545149,-0.018345593,-0.086303346,0.14126153,-0.113008834,0.027766742,0.133995,-0.03629196,0.07101348,-0.05489808,-0.12462779,0.068597086,-0.08258112,0.07398495,-0.20859727,-0.17161152,0.01943629,-0.14058736,0.19665219,0.16976343,-0.13401599,-0.0246369,0.3060987,0.16442448,-0.23051415,-0.1108634,-0.06757221,0.032715254,0.30398485,0.083578534,-0.112395786,-0.1090167,0.08937163,0.21634535,-0.016692787,-0.018332876,-0.24245061,-0.06400101,0.24236538,-0.18601516,-0.028681854
661,High Noon (1952),0.0648426,-0.33030182,0.21199757,0.056010157,0.087604925,0.10975681,-0.29707056,0.034733854,0.16519405,0.21995981,0.0047362386,-0.03850636,-0.02064798,-0.2713847,-0.1892943,-0.0056435,0.1282933,0.025428206,-0.251905,0.23007496,0.18488427,0.009047957,-0.2677948,0.043273907,0.15722485,0.01681456,0.020985441,0.19273171,-0.05696647,0.013093973,0.05692478,-0.09483109,-0.024354007,-0.3440048,-0.081133485,0.06728449,-0.138547,-0.1501371,0.14918339,0.05970214,0.0022836819,-0.07380717,0.20228505,0.17745626,0.08769253,0.2544686,0.013138194,-0.11743289,0.051356617,-0.07297764,-0.16842335,0.20153373,-0.024221547,0.063219026,-0.15515992,-0.11703868,0.25125155,-0.059831884,-0.1594882,0.04000881,0.0077560814,0.1768096,0.040624462,0.05768847
662,Somewhere in Time (1980),-0.01859811,-0.12305058,0.43276682,0.19833383,-0.37086,0.00034905953,-0.20680873,0.25346795,-0.11470529,0.27021897,-0.05676644,-0.27798304,-0.106600896,-0.10573954,0.009602952,-0.13607483,-0.1783742,-0.08429653,-0.25944838,0.13185151,0.09305822,0.19957952,-0.01049308,-0.0079399245,0.05448556,-0.29110622,0.10310205,-0.17691344,-0.3175479,-0.057252802,0.22019227,0.081676975,-0.06952434,-0.11251476,-0.098528706,-0.09454096,-0.015815279,-0.19303174,-0.23507133,0.4891263,-0.16158949,-0.009231246,0.07099486,-0.18253684,-0.08273917,-0.030981906,0.25376332,-0.26163945,0.0152990315,-0.16334552,-0.21013239,0.13302432,0.06927315,-0.39128652,-0.01765103,-0.087381884,0.18564741,0.051292814,0.019318301,-0.16767064,-0.101393335,-0.21378048,0.3398026,-0.1917228
663,Being There (1979),0.10645572,-0.10247335,0.23701239,0.086972,0.15610614,0.0034319258,-0.37271482,0.051227365,0.076679654,0.10737089,-0.047971953,0.111102656,0.052446928,-0.10562039,-0.14245085,-0.04654499,0.19229892,0.27978396,-0.11208911,-0.015807193,0.12318032,0.03747705,-0.25701076,0.02520265,0.2137202,-0.027433453,0.10778609,-0.09521871,-0.12570058,-0.0051453174,0.002653965,-0.16794412,-0.06465675,-0.23226583,0.07873747,0.032749474,0.034690794,-0.25447112,0.10585817,-0.14939752,-0.075511344,-0.07422592,-0.08380221,0.06263126,-0.035877727,0.20907387,0.047138996,-0.122116245,-0.043273594,-0.13202672,-0.13407634,0.25531474,0.06989484,-0.031897258,-0.12074532,0.08450444,0.18482079,0.08788291,-0.163752,-0.079296656,0.042826083,0.13240546,0.00059040746,0.012563098
664,"Paris, Texas (1984)",0.114155285,0.04584878,0.4082515,-0.2013005,-0.18773142,0.13430022,-0.1751801,0.13690735,-0.35299316,0.060276974,0.035219323,-0.03919568,0.09898506,0.10965603,0.070567854,0.04470695,0.104265556,0.062420737,-0.03687195,0.20447655,-0.07783093,0.18109153,-0.3655837,-0.10919736,0.1680761,-0.08979669,0.029851692,0.06932094,-0.24089454,0.047125112,0.059682336,0.02165321,-0.07314281,-0.035442032,0.03274284,-0.06968422,0.054715324,-0.11704561,0.14341757,-0.15479611,-0.02411071,0.034232803,-0.19674176,0.14244938,-0.014865438,-0.20486945,-0.09308398,-0.13578914,0.15695174,0.020618547,-0.109864235,0.07445477,-0.25331414,-0.038902167,-0.2584689,-0.20988803,0.2788836,-0.12561107,0.015274509,-0.17902173,-0.4113818,0.36044982,0.11114669,-0.11837063
665,Alien 3 (1992),-0.35122374,-0.3230995,-0.023154452,0.22476129,-0.47564694,-0.08475939,-0.08768887,0.1460592,-0.3492552,0.15836759,-0.122904755,0.087964155,0.19693212,0.13998875,-0.35562074,-0.034449242,-0.049991157,0.0067841113,0.06772063,0.18421735,0.064552434,0.12933165,0.04864029,0.17003731,0.32308275,0.099738955,0.1921955,0.2485147,0.08070351,0.1672863,0.29821834,-0.31966725,-0.027825369,-0.3188559,-0.023343753,-0.33243746,-0.08720935,-0.039760605,0.1378546,0.055409204,-0.14099573,0.085276335,-0.13643283,-0.09283375,0.07145243,-0.115126655,0.0035633896,-0.2967909,-0.028798424,0.02731442,-0.29409972,0.10563293,0.039163888,-0.11113347,-0.39878884,0.12844564,0.30369917,0.11055903,0.026099859,-0.07994105,-0.29416826,0.03981696,0.11423107,0.06519766
671,Bride of Frankenstein (1935),0.15329453,0.11165921,0.033156965,-0.14803082,-0.237802,0.12001966,-0.16714244,0.29943144,0.024741972,0.00761081,0.105087034,0.12826417,-0.06781868,-0.09609913,-0.24206004,0.24163753,0.12002621,0.2027683,-0.08704116,-0.0847867,0.07634914,0.3853518,-0.16609363,0.23440233,-0.14430986,0.25321275,0.19099307,0.021154802,-0.14230591,0.00400638,0.08215599,-0.06625158,-0.007566753,-0.25365213,-0.084790975,-0.1828009,0.4627643,0.06758268,0.24587543,-0.15452848,-0.13672325,0.1632142,0.0028406961,0.6077098,0.33883074,-0.27539733,-0.11683071,-0.082255885,-0.18026261,-0.12441107,-0.22811332,0.23085718,0.025520748,-0.031646565,-0.34855044,-0.08601688,0.3420505,0.22237629,0.16341618,-0.25667864,-0.09250796,0.22863239,-0.095769055,-0.18614814
673,Cape Fear (1962),0.015082401,-0.0075742207,0.27923432,0.016752217,-0.21925542,-0.104230955,-0.030662408,0.36107153,-0.3456429,0.07471238,-0.013558403,-0.16712071,0.026262041,-0.004383915,-0.22730654,0.162716,0.038987566,0.09065429,-0.048326515,0.0918937,-0.03383636,0.4413439,-0.16096202,0.12946011,0.012420927,0.07275688,-0.038631823,-0.023596404,-0.07293664,-0.07963602,0.19153962,0.1342593,0.16239384,-0.17286134,-0.0109615065,-0.12130833,0.07558885,-0.0014856762,-0.15333135,-0.037486814,-0.086303435,-0.1532084,0.09709114,0.21175084,0.19091646,0.09365155,0.051494643,-0.17046088,-0.089329176,-0.055311114,-0.47894734,0.17225397,0.060201183,-0.2662824,-0.18605874,-0.063775845,0.32961443,0.08522293,-0.042789973,-0.053235646,-0.18095274,0.17601375,-0.09198631,-0.25397944
675,"Nosferatu (Nosferatu, eine Symphonie des Grauens) (1922)",0.04735431,0.11445368,0.11914792,-0.09049239,-0.26358467,0.541714,-0.36189225,0.2887911,-0.13270341,0.12823719,0.19526985,0.15165377,-0.066133186,-0.21443024,-0.122172594,0.59916675,0.17699435,-0.08045312,0.05095318,0.102843456,0.102685414,0.15927386,-0.4301927,-0.13533662,0.1979686,-0.19808955,-0.14000727,0.39439982,0.14413428,-0.04896318,-0.10316004,0.05258888,-0.12640972,-0.08745122,0.2646164,-0.22778964,0.14552763,-0.41330957,0.27258784,0.033435397,-0.3995774,0.08280847,-0.08087576,0.23791347,0.39453053,-0.011235817,-0.28222933,-0.12388835,0.22553647,-0.013349845,-0.13456117,0.1941819,0.09450264,-0.19239905,-0.2712793,-0.009513528,-0.0025697134,0.30853644,0.1607715,-0.41420957,-0.37070096,0.13740885,-0.17758413,-0.35663086
676,"Crucible, The (1996)",0.022443345,-0.4418105,0.0039527323,-0.22278707,-0.43004712,-0.16065194,-0.40014285,0.22428186,-0.20194028,-0.030557442,-0.18465668,0.20936,-0.022074185,-0.09910516,-0.38391122,0.15859286,-0.11658003,-0.0068477066,0.040765516,0.0918556,0.094853364,-0.048312895,0.11772007,-0.23197421,0.08441806,-0.16246268,0.023079123,-0.03506442,-0.05881107,0.1747145,0.13739093,0.0594359,0.20831056,-0.33135977,-0.095143035,0.25115737,0.015041609,-0.20188364,-0.0787059,-0.001796699,-0.30322698,0.16330096,0.14536062,0.004472445,0.09645394,-0.053584363,-0.091829255,-0.24315633,-0.3190017,0.2767272,-0.08555686,-0.00754516,-0.2547785,-0.2542535,-0.2673021,-0.23524784,-0.3214643,-0.14511466,-0.13767247,-0.22305572,0.28448477,0.3316955,-0.09755572,0.20908275
678,Volcano (1997),0.055560835,-0.11707349,0.020896519,0.5534134,-0.458386,0.2354593,0.68308854,0.22569458,-0.49422833,0.041973565,-0.40079013,0.101587065,0.03148667,0.4960523,-0.22435685,0.17840676,0.084222294,0.32452768,0.14344116,0.09522348,0.06803927,-0.3012074,0.05511661,0.4221194,0.61463314,-0.08433459,0.042011667,0.264833,0.006420384,-0.32460698,-0.024093939,-0.03334752,-0.0496978,-0.28655073,0.2344033,-0.12180931,0.00022652814,-0.2591753,0.09616605,-0.15034817,0.04882585,0.06835163,0.27872726,0.23487727,-0.1923946,0.5851037,-0.122387506,-0.374533,-0.27063835,-0.18577343,-0.42670873,0.4836224,-0.5038144,0.09177744,-0.2549269,0.1618216,-0.5694156,-0.6196217,0.121943265,-0.106070876,0.12723704,0.11708823,-0.071322404,0.35376498
679,Conan the Barbarian (1981),-0.31682652,-0.24700846,0.19270341,-0.04040245,-0.31507033,-0.15712771,0.052598737,-0.018455585,-0.4930585,0.28643164,0.1558905,-0.044525176,0.0024722107,-0.022452094,-0.20600031,-0.23735042,0.12956834,-0.0935067,-0.18729398,0.17324765,0.15219015,0.12952438,0.07060228,0.03434569,0.15690461,0.035267442,0.03465879,0.23675044,0.20994543,0.13980907,0.26164255,0.09900036,-0.2053535,-0.16085464,-0.08804872,-0.3946182,0.003460633,-0.03474041,-0.031007009,0.35828093,0.0867897,-0.20924094,0.14880522,0.2520333,-0.05666564,-0.29415298,-0.24277228,-0.5726013,0.1315233,-0.041155774,-0.14144036,-0.049076196,0.12840736,-0.14092715,-0.22996694,0.06866103,0.4076046,0.061611522,0.24552564,-0.31278566,-0.23474577,0.015410151,0.046087556,-0.0884571
682,I Know What You Did Last Summer (1997),-0.1940992,0.10646871,0.30752453,0.32931,-0.3192411,0.3751866,0.54467034,0.2982453,-0.418833,0.2674971,0.036101423,-0.2128698,0.70826006,0.28671908,-0.15035917,0.01969405,-0.044211395,-0.28678194,-0.0057786666,-0.07997942,0.28071308,-0.16598187,0.012970736,0.21777293,0.47025707,0.009102636,-0.44437587,0.14808582,-0.1905937,-0.12865226,-0.046001796,-0.04939984,0.04887294,0.33086836,0.18610822,-0.06794232,-0.08019749,-0.21564513,-0.38380143,-0.09976865,-0.06025527,-0.074642494,0.20983113,0.4972326,0.27368373,0.54565537,-0.31051034,-0.41467977,-0.058560237,-0.14147408,-0.32295096,0.5934806,-0.15805146,0.12290626,-0.35781142,0.051026914,-0.09762195,-0.27906647,-0.21711603,-0.2895653,0.255212,0.16341989,-0.077368036,0.16524366
684,In the Line of Fire (1993),0.07353018,0.019210014,0.21367398,-0.12451962,-0.06548621,0.19443709,-0.020859165,0.22616662,-0.024000857,0.26751694,0.049134992,-0.13867113,0.01012112,0.07137568,-0.1628959,-0.11243654,0.025835987,0.1608318,-0.028661579,0.046356935,0.17056404,-0.1369713,-0.07837872,-0.051796556,-0.019249894,-0.0430986,0.13420701,-0.021250047,-0.045461804,0.12688343,0.16008303,-0.07714064,0.1730975,-0.04686584,-0.05000379,-0.05556482,-0.07681658,-0.067026354,-0.1563711,-0.042239454,0.11082193,0.030879648,0.16207865,0.07762221,0.11308274,0.22585532,-0.1914469,-0.39033985,-0.035920575,-0.12723206,0.06786064,0.0049320343,-0.16310158,-0.031947326,-0.2822996,-0.10476986,0.03218971,-0.15689194,0.09630114,-0.20770304,-0.16458912,-0.04705952,0.06876302,0.0040596593
685,Executive Decision (1996),0.07532153,-0.12996496,0.037642967,0.08239162,-0.33373472,-0.24899647,0.20521002,-0.07570566,-0.19632526,0.2849971,-0.0734292,-0.18586832,0.07755177,0.11967684,-0.17177543,-0.032188937,0.32089475,0.3602567,0.02605077,-0.081796125,0.17470476,0.013760995,0.11094599,-0.045450218,-0.02630752,-0.12523805,-0.021880716,0.13929185,-0.04386687,0.06703775,0.37081766,-0.122543,0.0069777635,0.028929899,-0.27414,-0.2819423,-0.16911477,0.015306983,-0.12132412,-0.008352337,-0.41866007,0.16163108,-0.33021146,0.19603118,0.008584262,0.0037667963,0.21069135,-0.23061495,-0.12055772,-0.19139297,-0.160988,0.36389685,0.11334754,-0.024581771,-0.3223478,-0.009787823,0.23591413,-0.39083803,-0.33721393,-0.14132094,-0.32779944,0.032747045,-0.083576344,0.30618635
686,"Perfect World, A (1993)",-0.29061797,-0.28315008,0.15635026,-0.0003060177,-0.46316394,0.14969812,-0.24273792,0.12578343,-0.36210543,-0.062290736,-0.12673463,0.1876219,-0.08527215,0.061622504,-0.27529877,-0.11654593,0.13656117,0.0009307617,-0.012854899,0.18601115,0.06812296,0.10859189,-0.037893433,-0.03560745,0.25619128,0.06400139,0.23367564,0.10745716,-0.13344793,0.11344622,0.43732253,0.11105704,-0.21486828,-0.1467081,0.09652853,-0.04918297,-0.29370314,-0.029533505,-0.016415427,0.16355327,-0.3949537,-0.36120027,-0.010233037,0.22288516,-0.045590036,-0.17981307,0.040065996,-0.37026638,0.06036881,-0.13774368,-0.20360258,-0.056942265,0.28791893,-0.20579533,-0.10390077,-0.05913355,0.0051081055,-0.25474513,-0.023246702,-0.3206278,-0.057357427,-0.06534242,0.11299456,0.03458573
689,"Jackal, The (1997)",-0.12056929,-0.033475056,0.2564538,0.39303663,-0.007794327,0.19383232,0.32190686,0.15633653,-0.327329,0.09931706,-0.016601492,-0.3348136,0.609472,0.2368324,-0.12273593,-0.17345133,0.0573234,0.2774427,-0.055172257,0.062602244,0.10145793,-0.00044386036,0.2171558,0.036361028,0.24470323,0.2082802,-0.00384409,0.12020489,-0.3063765,-0.14196186,-0.004212957,0.31166604,0.10536188,0.34067702,0.32604334,-0.33202198,-0.083412394,-0.18810435,-0.4001584,-0.352944,-0.16411279,0.07424481,0.49669513,0.22072402,0.23540913,0.32195297,-0.076194294,-0.2505022,0.11323571,0.01545453,0.077144586,0.6253115,-0.5463349,0.19828673,-0.3836995,0.0056175734,-0.15786743,-0.33391738,-0.3749401,-0.46020696,-0.118291445,-0.06037554,-0.0962546,0.45785162
690,Seven Years in Tibet (1997),0.39578,-0.17369421,0.6349374,0.23446538,-0.20129359,0.26060158,0.500071,0.061775982,-0.25878006,0.049702343,0.115543045,0.16631158,0.4051637,0.21752892,-0.21421967,0.05491729,-0.15847816,0.050187193,-0.038644854,0.1145668,0.3097586,-0.20410365,-0.017716508,-0.21956415,0.50931066,-0.23340034,0.2517622,-0.004410156,-0.70019954,-0.1372293,-0.25244322,0.1055605,-0.025816552,-0.17644091,0.26130012,-0.19129547,-0.037765846,-0.06953853,-0.30772963,0.041732926,-0.07528863,0.21963033,0.5297806,-0.020095695,0.1708351,0.39580527,-0.326463,-0.3615636,-0.1734208,-0.0086120665,-0.27779,0.36730936,0.12407531,0.03363459,0.14596784,0.069323,-0.62921536,-0.4917165,-0.43980983,-0.23742776,0.05965521,0.18104884,0.18754882,0.049647734
692,"American President, The (1995)",0.04179022,0.012518329,0.27516267,-0.066977054,0.07081318,0.16213517,0.0325485,0.05926797,-0.107072845,0.25054812,0.13085869,-0.1698107,-0.020808259,-0.017905757,-0.19291504,-0.09363051,0.06581518,0.09514585,-0.052369513,0.021092886,0.091776766,0.068629175,-0.09646537,0.214875,0.05135579,-0.030526822,0.04629584,-0.14212535,-0.08182926,0.1735801,0.12738068,-0.105079874,-0.22653773,0.0019105528,-0.03484624,-0.016857328,0.008463489,0.095486,-0.06263701,-0.0072005326,-0.17667952,-0.047948953,0.046517055,0.020250833,0.12412442,0.13692161,-0.019569725,-0.24952415,-0.2819874,-0.07839457,0.211701,0.04143185,-0.078660674,-0.04251646,-0.2502026,-0.12089209,0.068161525,-0.045761235,0.030054871,-0.34238097,-0.12256954,0.013661696,0.060066774,0.1658085
693,Casino (1995),-0.01471644,0.05574921,0.102181405,0.03032335,-0.04798219,0.2116367,-0.029724877,0.12692983,-0.090282016,0.03199956,-0.111496784,-0.0074129123,0.15337443,0.17603344,0.11687511,-0.15714942,-0.08586011,0.0064060707,-0.19485252,0.1490178,0.0079669785,0.17239895,-0.07866231,0.036938827,0.25778258,-0.18648209,0.19583213,0.22791255,-0.15550962,0.09384615,0.12401602,-0.09331654,0.2626604,-0.09546978,-0.11747952,0.06606904,0.09034683,-0.06537785,-0.30256534,0.075552605,-0.10004293,0.08257823,0.0028468196,0.36569366,0.032179374,-0.026741354,0.08199609,-0.20338319,-0.014424021,-0.17964989,0.052175906,0.040389877,0.039282396,-0.11826723,-0.3671513,-0.119059026,0.13161905,-0.13216054,0.10047606,-0.033821423,-0.3019864,0.20082892,0.010091027,-0.1635447
694,Persuasion (1995),-0.0432387,-0.6538651,0.1121991,-0.2033395,-0.036581453,-0.32685727,-0.36368015,0.22445561,-0.13268436,-0.2834214,-0.50814164,-0.14781916,-0.13947098,-0.026873786,-0.4497088,-0.35786882,-0.0069403746,0.35214686,0.3887789,0.21868858,-0.14641987,0.062419586,-0.10156354,0.071674384,0.094729215,-0.29798442,-0.03504188,-0.1932344,-0.24228124,0.19764194,0.031487685,0.029889632,-0.20128782,-0.30794263,0.07801321,0.37871218,-0.29027513,0.023819676,-0.09315094,-0.22289287,-0.3517299,0.33042672,0.4490009,-0.26528272,-0.021472583,0.16999185,-0.017698219,0.07271458,-0.46240738,-0.09545372,0.032350786,0.01009611,-0.43996453,-0.077354915,0.04587468,-0.09612303,-0.02896282,-0.09325553,-0.21783064,-0.10357146,-0.22291166,0.1568499,-0.26948798,0.25098592
696,City Hall (1996),-0.058456372,-0.43394864,0.11063375,-0.0028043224,-0.47166148,-0.12612462,-0.38789842,0.16935535,-0.17591472,-0.1528317,-0.014597865,0.25855187,0.2991277,-0.15145725,-0.33378312,0.061198156,-0.025010053,-0.09033672,-0.09718619,0.21281329,-0.038803518,0.025961634,-0.038694907,-0.24221905,-0.01889046,-0.20897071,0.0056227143,0.19004607,-0.22253045,0.049515516,0.112845965,0.102135666,0.14445211,-0.21723992,-0.0947469,0.16858512,0.08386678,-0.17876591,-0.040565472,-0.0326938,-0.28075475,0.3064363,0.023655174,0.12541324,0.28255248,-0.14937072,-0.28820023,-0.34693062,-0.37392938,0.20326766,-0.12743518,0.060771957,-0.30959183,-0.14447328,-0.1954178,-0.2506716,-0.25526872,0.063058175,-0.12278308,-0.35185114,0.17469464,0.2305761,-0.25544575,0.11648511
697,"Basketball Diaries, The (1995)",0.36363605,-0.18741405,0.28761318,0.10032572,-0.21983176,-0.14428897,-0.2545045,0.21275392,-0.11624546,-0.07393695,-0.15438443,-0.09165297,-0.034169465,0.010557578,-0.17285927,-0.0028241277,0.061642725,0.114783965,-0.1483155,0.15582637,-0.15729296,-0.0047635497,-0.11633998,-0.037752677,0.057023555,-0.050815757,0.14155811,-0.079647616,-0.16093035,0.23101018,0.2714205,-0.16716458,0.0913684,-0.05289704,-0.22273229,0.17690265,0.3010036,-0.09749124,-0.20599636,0.2952084,0.087362505,0.05018274,0.3094214,-0.020591468,0.094506085,0.12283488,-0.008454328,-0.093251795,-0.12306809,-0.18307556,-0.19051638,-0.057487,0.20366453,-0.3405104,0.08656575,-0.12527823,0.28258422,0.012551967,-0.12719785,-0.17708547,-0.08055619,0.09716962,-0.13852124,-0.029737128
699,Little Women (1994),0.014605003,-0.03656626,0.116772324,-0.053035766,0.07578705,-0.049360424,0.08658437,0.26149264,-0.09805966,-0.09726977,-0.06558272,-0.013215935,0.09021894,-0.094325684,-0.33989954,0.09812185,0.14496566,0.32057095,-0.03282669,0.30921173,-0.03767477,0.1313414,0.050242078,0.28890926,0.09866708,-0.21826328,0.3221698,-0.31796739,0.09077827,-0.077917166,0.1120284,-0.08813346,-0.08900261,-0.14017847,-0.033315092,0.049238235,0.0023424542,-0.013608443,-0.112458326,0.19917548,-0.21062665,0.08677154,0.19446339,0.040349185,-0.0022861338,0.31987116,0.2800355,-0.07237076,-0.17888424,-0.17532063,0.1324037,0.07485455,-0.20043863,-0.031568866,-0.021946413,-0.20477352,0.25621098,-0.17350537,0.08790394,-0.16066015,-0.114478834,0.048722494,-0.010161146,0.26986864
705,Singin' in the Rain (1952),0.18040633,-0.098529816,0.19111735,-0.07375548,0.12468948,-0.070711054,-0.23690905,0.006388411,0.015455996,0.22411479,-0.07888834,0.01600115,-0.0652223,-0.0020907905,0.03848459,-0.055378366,0.28471443,-0.021880912,-0.24321593,0.12784554,0.16833211,0.101424165,-0.14953963,0.044861745,0.39378038,0.018517606,0.07577831,0.12656152,-0.11155099,0.22584999,0.029277368,-0.2242818,0.0632575,-0.20437899,-0.018822625,5.967653e-05,0.060522635,-0.25273162,-0.057169918,-0.13675864,0.03902669,-0.0058424002,0.13103323,0.16000554,0.16670662,0.16464025,0.08876104,-0.043674167,-0.104778714,0.018400932,0.07123568,0.13940817,-0.121249944,-0.0009855964,-0.14875205,0.13695344,0.21465524,-0.14899075,0.029863117,-0.101349674,-0.060633637,0.12986775,-0.11226185,0.097338155
707,Enchanted April (1991),0.29494807,-0.3841999,0.1626541,-0.35566875,0.076658644,0.028257467,-0.06861162,0.38880718,-0.1632739,-0.17622347,-0.02273238,-0.028177176,0.035712626,-0.1561668,-0.14831954,-0.09274147,-0.16856906,0.19167835,0.052182015,0.18261895,0.13960432,0.22721678,-0.30211696,0.01124392,0.03240627,0.05881016,0.23738137,-0.104420714,-0.10185608,0.22500166,-0.009746125,0.054067247,-0.0002692676,-0.29744276,0.20432669,0.24737844,-0.11698242,-0.19413213,-0.05901772,0.26739448,-0.35065052,0.26121452,0.22529908,0.09385135,-0.13864386,-0.19578944,-0.10899491,-0.03058737,-0.12080037,-0.111653954,-0.05478338,0.22110507,-0.3546025,-0.259669,0.07666227,0.029190347,-0.07059475,-0.01264991,-0.04575828,-0.047569852,-0.25818723,0.19989264,-0.1349843,0.012431017
708,"Sex, Lies, and Videotape (1989)",0.057046887,-0.16174378,0.34447005,-0.0116310585,0.16727498,0.096467786,-0.19181421,0.11777257,0.048572704,0.26477605,0.09103647,-0.06178195,0.02175555,-0.08403292,-0.31198063,0.108869195,0.10751386,0.121529795,-0.082362786,0.046995576,0.04081034,0.2961079,-0.09654184,-0.06793212,0.14664008,0.053603042,0.15369885,-0.103173256,0.08736871,-0.033080176,0.1038799,-0.05975945,-0.047325216,-0.1025864,0.23391263,0.075975426,-0.15898453,-0.28800118,-0.035626356,0.25235578,-0.13027751,0.34426007,-0.10786538,0.056047097,0.15276875,0.029801223,0.013946091,-0.11234811,-0.06434078,-0.1426025,-0.075719796,0.2579518,0.01852948,-0.12499225,-0.26187143,-0.014468631,0.10427879,0.088021904,-0.1190922,-0.06954101,-0.2764106,0.13739368,-0.22198239,-0.03701779
709,Strictly Ballroom (1992),0.012621713,-0.01493436,0.121729665,0.06237005,-0.05494546,0.04386725,-0.2640683,0.12987004,0.051429365,0.05550388,0.15646091,-0.23339142,0.1421297,-0.16204917,-0.17455514,0.11849701,0.13282147,0.33186007,-0.12502037,0.1187116,0.04887435,0.08376906,-0.15858191,0.14773384,0.321208,0.0078017125,-0.03632681,-0.23009446,0.078800656,-0.027682137,-0.076939285,0.003661952,-0.065677695,-0.110572696,0.12729539,0.25184232,0.1309903,-0.22586182,0.011883656,0.048453398,-0.30190188,0.21220718,0.14296141,-0.020565694,0.018212983,0.0032156268,-0.16328602,-0.27074096,0.079122424,-0.21667261,0.06202841,-0.036040902,-0.07057966,-0.1301097,-0.2692488,0.07664279,0.052330557,0.0023008292,0.05068456,-0.030470561,-0.30305633,-0.10783877,-0.042897794,0.11170994
710,Better Off Dead... (1985),-0.013835132,-0.28542036,0.28461266,0.10466323,-0.3554709,0.039654467,-0.013906342,0.25440913,-0.27689615,-0.086020805,0.14260551,-0.0032994899,-0.07766367,-0.16162248,-0.15781476,0.006384677,0.081098035,0.032243308,-0.02430849,0.21097283,-0.10591825,0.07206081,0.089767575,0.26709127,0.40240875,0.09270159,0.3591409,0.08411142,-0.10234748,0.13555783,0.0076497803,-0.19627756,-0.15294279,-0.2722754,-0.1592053,-0.13308719,-0.16355957,0.0076088966,-0.1441925,0.038630616,0.052225538,-0.27426913,-0.029233167,0.27020577,0.021026308,-0.1460709,-0.022703972,-0.27234006,0.08068678,-0.16303128,-0.012221899,-0.06975971,0.29994184,-0.40616664,-0.27047694,0.019135777,0.110999495,0.31609136,0.032886915,-0.17529418,-0.19832334,-0.2615479,-0.13760301,-0.010223584
713,Othello (1995),-0.052746,-0.45131946,0.2198697,0.16679478,-0.49931088,-0.07072801,-0.07529113,0.090862125,-0.3462913,0.14022566,-0.16907355,0.003222674,-0.15469669,-0.16764162,-0.29982492,-0.09274346,0.11345231,-0.09360419,0.066157684,0.10314995,-0.06563416,0.012321507,0.0079208,-0.19660784,0.2676506,-0.03784689,0.20215364,-0.07318603,-0.046035692,0.15644464,0.04207938,-0.4080922,-0.07428993,-0.44393212,-0.12267563,0.21478839,-0.3561035,-0.12675458,0.18138093,0.076712705,-0.44621915,-0.055159144,-0.035960723,-0.095013544,-0.19982272,-0.15823716,0.07301328,-0.11305667,-0.05908734,0.21758054,0.1280741,0.28098196,-0.11558408,-0.39053762,-0.16062042,0.14220253,-0.10657276,-0.25257155,-0.22043611,-0.4228458,0.031941928,-0.2516445,0.098246545,0.14371376
715,To Die For (1995),-0.18820517,-0.011611923,-0.050262436,0.0874629,-0.26195708,0.06662338,-0.17516282,0.16179553,-0.11458006,-0.122886114,-0.023831204,0.08874193,-0.087865986,0.06440623,-0.15550755,-0.00078339287,-0.031178942,-0.17473328,-0.18518265,0.45198226,-0.00020202945,0.03597931,-0.15032244,0.26343405,0.18383041,-0.062147375,0.13340814,-0.14858146,-0.16943856,0.101764806,0.025212301,0.01832386,-0.14074118,-0.06523197,-0.10161615,-0.13953432,0.062196624,-0.20034115,-0.22303896,0.21527077,-0.1330044,0.10574689,0.16074942,0.16603033,0.11977071,-0.09089161,-0.06659345,-0.40429625,0.027423011,-0.29148117,0.081670105,-0.010843576,-0.017224321,-0.17112641,-0.113617234,-0.2570948,0.30905467,-0.020318309,-0.18373576,-0.07763998,-0.34685802,0.14652847,-0.20531552,-0.035003304
720,First Knight (1995),-0.17486653,-0.0004314479,0.13932906,0.17177138,-0.25016233,-0.09956418,-0.0085672485,0.24198674,-0.3749116,0.26100287,0.04811144,-0.12415406,0.04423134,0.017926674,-0.09121491,-0.403718,0.19746311,0.21322732,-0.18688677,0.1125199,0.3267171,0.2521031,0.12692174,-0.017030854,0.2858823,0.018756779,0.067894295,-0.13982062,0.11667094,0.04323218,0.3120613,-0.23441873,0.09816857,-0.35773113,-0.23605014,0.034328185,-0.21740088,-0.45494834,0.11069334,-0.05923401,-0.029475654,-0.035253514,0.0256492,-0.12575896,-0.21483333,-0.09408014,0.35764125,-0.35006097,0.13238266,-0.046082426,-0.011790525,0.30111274,0.20235033,-0.1284747,-0.021263167,-0.09026773,-0.17433971,-0.060998518,-0.14664376,0.0059348443,-0.076879375,0.11113749,0.071167156,0.047113284
721,Mallrats (1995),-0.14205168,-0.12770087,0.24720815,0.26243123,-0.2407555,0.091294326,-0.354308,0.035207886,-0.31108946,0.12001475,-0.21906677,-0.17576107,0.28209338,-0.061572924,-0.09390738,-0.1026909,0.015178007,0.10970384,0.122414604,-0.16168492,0.06581462,-0.028988391,0.028713822,-0.1457332,0.42847088,0.06752978,0.06578232,0.0027355803,0.2881473,0.09763784,0.0008684623,-0.04071143,-0.05165858,-0.17632365,-0.20604132,0.15481654,-0.1469074,-0.13701306,0.12267901,-0.028910598,-0.20173864,-0.112498224,-0.11042299,0.09355453,-0.06134399,-0.20143771,-0.39331207,-0.22266686,-0.12731457,-0.13255158,-0.15958987,0.0918726,0.27994335,-0.6969171,-0.17992066,-0.051607106,0.16287144,0.037400257,-0.20674615,-0.22021097,-0.16009867,-0.20153996,-0.19720912,-0.010798597
724,Circle of Friends (1995),0.074971706,-0.45019966,0.32068032,0.14703201,-0.3028546,-0.41539246,0.13726822,0.4362751,-0.2544834,0.22378053,-0.26862586,-0.19870353,-0.09642272,0.07344401,-0.35394636,-0.3558832,-0.08431107,0.088037446,0.04345947,0.15503393,0.33387554,0.2394915,0.23567793,-0.05013591,0.1725275,-0.18168762,-0.024960564,-0.3323933,-0.30399492,0.0011676357,0.07645084,-0.1763759,-0.13680355,-0.17185006,0.11565932,0.41389924,0.13533202,0.10407608,-0.040199224,0.1275435,-0.09659875,0.14358506,-0.053928446,-0.175407,-0.11717652,-0.13274734,0.2484917,-0.32547405,-0.22559388,-0.060975865,-0.26621464,-0.16183063,0.20306845,-0.19903499,-0.031334825,-0.13875695,0.16747981,-0.21523353,0.10963516,-0.26239562,-0.19152582,-0.10825322,-0.035533864,-0.14370391
727,Immortal Beloved (1994),0.15832072,-0.35956356,0.31989482,-0.06231947,-0.14760599,0.1366145,-0.03712876,0.28046212,-0.21206592,-0.09047451,-0.25086892,0.16897497,0.094969414,0.108809926,-0.17979693,-0.1422559,0.076333486,0.021167703,0.051678747,0.121127814,0.06176813,0.10102408,-0.1909572,0.20393308,0.2636072,-0.12981758,0.08273883,-0.15405303,-0.014824863,0.23700981,0.30091402,-0.43205914,-0.28680167,-0.47344238,-0.08646817,-0.06986508,-0.20347215,-0.005863949,-0.06014281,0.24822119,-0.11364734,0.054820362,0.15844522,-0.051761918,-0.17072076,-0.06284821,0.12153712,0.06115954,-0.04705877,-0.070250906,-0.1264916,-0.07361705,-0.07508593,-0.21997929,0.012482058,-0.092919745,0.18425715,-0.05338937,0.27781823,-0.1920737,-0.15775648,-0.15305044,-0.09920035,-0.056296438
729,Nell (1994),0.0068351687,0.07232579,0.18181892,-0.045825407,-0.18234335,-0.10765076,-0.0035595456,0.019006891,-0.26909006,0.21330939,0.042288333,-0.024477718,0.18412177,0.11889552,-0.31600007,-0.0077236383,-0.11438578,0.23690471,-0.18491064,0.36444446,0.20426807,0.2945491,-0.13424781,0.13225825,-0.025388237,-0.048658237,0.16171725,-0.07868364,-0.09555908,0.0936195,0.08788232,-0.09300042,-0.034576092,0.028063562,-0.23896608,0.06810489,0.05371971,0.03662755,-0.16506265,0.021143558,0.06628715,0.097874574,0.07146487,0.3157945,0.06881458,0.08571723,0.29309532,-0.23334147,-0.24688566,-0.08863975,0.015922477,0.19520655,-0.23455864,-0.055109646,-0.106583856,0.06083441,0.033832427,0.06485123,0.111842014,-0.112263,-0.12125415,0.059815377,-0.06770233,-0.073727444
732,Dave (1993),0.056044813,-0.10490497,0.24164443,-0.065309264,0.04583258,0.118448466,0.005263473,0.07974855,-0.034450702,0.19457313,0.1539942,-0.039037153,0.07560937,-0.0035716589,-0.21196736,-0.097581774,-0.025935933,0.08149556,0.0011588403,0.029610537,0.1127282,-0.085060984,-0.12884553,0.12749292,0.13930173,-0.082205005,0.036249332,-0.046415668,0.03347476,0.15078613,0.1430233,-0.048569676,-0.050195634,-0.14724839,0.061195496,0.0033869394,-0.042312663,-0.028559078,-0.06444395,-0.06919171,-0.14297938,-0.03904509,-0.014701019,-0.0066077434,0.114779614,0.20026249,0.027337097,-0.23665221,-0.20730054,-0.1139979,0.2942943,0.006581108,-0.016443443,-0.1812576,-0.19977523,-0.0701956,0.15377247,-0.0652459,0.047765534,-0.27971396,-0.047014266,0.12323016,-0.010286201,0.012443393
735,Philadelphia (1993),0.0754222,0.075532235,0.11672599,-0.030386945,0.020835029,0.12685828,0.0407102,0.026095081,-0.14684382,0.19547194,-0.15479799,-0.095593564,0.120074585,-0.23154558,-0.18023425,0.004701259,0.088466555,0.19852264,-0.09088735,-0.025112139,0.05559807,0.12568483,-0.017074332,0.10829217,0.13644233,-0.17907763,0.19047257,0.05509756,-0.15674758,0.14194266,0.08866194,-0.011702963,-0.016957507,-0.110433854,0.008735316,0.08104016,-0.14941128,-0.10613498,-0.12675798,0.0065319347,-0.17748967,0.019681286,0.18876596,-0.0744752,0.02059292,0.20172918,0.053622846,-0.2778592,0.031099696,-0.06814317,0.122119814,0.09845249,-0.009921296,-0.11659653,-0.18832937,-0.06813152,0.18137124,0.055654213,0.031995136,-0.049096145,-0.145469,0.23712534,-0.22769992,0.039287694
736,Shadowlands (1993),0.23184797,-0.191781,0.22165786,-0.07901409,0.08685497,0.07802063,-0.11430986,0.20004964,-0.29555124,-0.07168264,0.13067193,-0.013109982,-0.13587242,-0.3525945,-0.20946379,-0.1663159,-0.08224827,0.11862469,0.02883481,0.24415839,-0.02758711,0.4465614,-0.12357357,-0.14424238,0.07536228,0.049769763,0.17991602,-0.18637851,-0.14287828,-0.03212159,0.09464293,-0.0892676,0.051688403,-0.18769723,-0.21622758,0.14111537,0.13748413,-0.21309118,-0.047816522,0.34696305,-0.23329933,0.1885717,0.2509987,0.06448911,-0.06481106,-0.16789244,0.101585686,-0.09746556,-0.22557794,-0.2234731,-0.11656929,0.17377059,-0.13115333,-0.11212157,0.098124936,-0.06552637,0.04259524,0.12800623,-0.0722102,-0.18850568,-0.33845645,0.22566238,0.0641777,0.19440486
739,Pretty Woman (1990),0.04628936,0.026981054,0.21811643,-0.10227873,-0.29487482,-0.10313602,0.15652096,0.16155711,-0.15837754,0.0023831988,-0.24078117,-0.27748096,0.29301462,0.033357244,-0.07619524,-0.15540972,0.018261712,0.27764487,0.044092055,0.0182624,0.17969207,-0.02085881,-0.09270094,0.33402926,-0.029403085,0.0657432,0.37964985,-0.06961092,-0.04134989,0.05548416,0.18234897,-0.04892186,-0.19256347,-0.043502267,-0.093237504,-0.008701818,0.11709412,0.023707304,-0.21024197,-0.17940496,0.115834296,-0.04590567,-0.012309674,0.06726024,0.011736398,0.10199404,-0.1169716,-0.28441924,-0.16094708,-0.04722217,0.15571511,0.093751706,-0.33649945,-0.06162626,-0.22495863,-0.114983596,0.01879542,-0.16934527,0.3282738,-0.359518,0.14507347,0.26749334,0.058906153,-0.13051435
740,Jane Eyre (1996),0.19556345,-0.779134,0.34685245,0.05196217,-0.21561067,-0.10645238,-0.33411327,0.10465876,-0.14650038,-0.015736021,-0.28996226,0.063697,0.07289779,-0.0034366099,-0.2942278,0.016166776,0.27616504,0.12445641,0.024534326,0.16532819,0.1282214,-0.26001891,0.1479811,-0.21045035,0.07160786,-0.12024329,-0.091832235,-0.40574184,-0.396086,0.106844395,0.18609917,0.05541489,0.071484946,-0.13526966,0.09968481,0.3119457,0.09929669,0.014260483,-0.10164254,0.078149796,-0.1999282,0.5788538,0.46886614,0.020920506,0.03481014,0.2802869,-0.16343492,-0.2864505,-0.478054,0.22394553,-0.01835854,-0.016920466,-0.34070113,-0.030760726,0.0740883,-0.084226646,-0.16812277,0.099867,-0.311019,-0.16563675,0.29888105,0.08544059,-0.28800032,0.24095452
741,"Last Supper, The (1995)",-0.43151346,-0.39403778,-0.003931347,-0.009070824,-0.47864422,0.023658725,-0.4139445,-0.09989952,-0.27476957,0.011961566,-0.4338728,0.2063562,0.24883519,0.10787479,-0.103204064,0.009651813,-0.0608111,0.13334037,-0.14249973,0.29586893,0.08185362,-0.1246335,0.1235303,-0.3259487,0.26604426,-0.26724273,0.15767208,-0.034466986,0.003966839,-0.09701329,0.0022466043,-0.020669144,0.05974965,-0.26336327,-0.05267377,0.09601063,0.14750081,-0.0808367,-0.08936934,0.20120643,-0.22678027,-0.06274962,0.050281122,0.01923527,0.45733613,-0.04450868,-0.22225437,-0.107889056,-0.30546188,0.22584903,0.038823236,0.08997416,-0.009939639,-0.4934817,-0.10080041,-0.048123635,-0.26120397,0.09325779,-0.11051867,-0.29385656,-0.04528962,0.1302773,-0.11175786,0.20739572
742,Ransom (1996),0.1926089,0.12303104,0.24618691,-0.090330124,-0.19285299,0.016387196,-0.00913038,-0.07252615,0.031007316,0.07520831,-0.15310955,-0.11545409,0.021212008,0.12188476,-0.21689034,0.018067505,0.0604451,-0.06326909,0.042668886,0.005629434,0.19422401,0.13688858,0.051054463,0.24743989,-0.07807204,-0.22881746,0.041562416,-0.13838175,-0.055942047,-0.28273484,0.15503484,-0.17956086,0.091434576,-0.29051122,0.06514841,-0.15579739,-0.0043296674,-0.025364738,-0.14733742,-0.16842301,-0.1489353,-0.034012306,0.08691779,0.123348355,0.010514236,0.01084825,-0.17624286,-0.5317881,-0.11758815,-0.01982867,0.16434553,0.098413184,-0.025127698,-0.26276433,-0.18683378,-0.15271957,-0.31217742,-0.20388928,-0.061236363,-0.08601341,-0.14378077,0.15962477,-0.05673023,0.28115568
744,Michael Collins (1996),-0.027505195,-0.3370848,0.48484674,0.14868647,-0.33159843,-0.13428195,-0.042749867,-0.03284864,-0.2671439,-0.024304371,-0.042874124,0.019551704,0.20889404,-0.18516734,-0.15178327,0.13725862,0.18265295,0.26638854,0.02096205,0.07096168,-0.04052153,-0.27001318,0.041850336,-0.32819316,0.061481703,-0.16176414,0.17327677,0.07639023,-0.49107233,-0.16640423,0.01786629,0.11919373,0.32063237,-0.10026576,-0.20158647,0.20996329,0.11153199,0.20919694,-0.45294482,-0.0019170721,-0.29151055,0.29578832,0.2262273,0.114422,0.12845486,0.06552502,-0.19414078,-0.38378075,-0.3005,0.24941835,0.16713114,0.26330188,-0.535412,0.007014871,-0.13516729,0.19677103,-0.15571755,-0.10546019,-0.5311545,-0.35526854,0.1506074,0.2744489,-0.17817771,0.07237955
746,Real Genius (1985),-0.012636413,0.018899249,0.53655255,0.059738513,-0.040597282,0.06891865,0.1316512,0.095963635,-0.10674372,0.18556057,-0.23671763,-0.1142434,0.2847012,0.047240924,-0.23062445,-0.050015032,0.15353815,0.050375786,0.312292,0.055371184,-0.010855197,0.027417103,0.033671834,0.25089267,0.052352417,-0.07250148,0.12335604,-0.008844423,0.081525005,0.2841052,-0.19970633,-0.061486248,0.024605438,-0.22384045,-0.18632257,-0.092606895,0.029357083,-0.07927894,0.008783652,-0.05674109,0.04091701,-0.07188821,-0.19794537,0.18724898,0.15698403,0.17201787,0.058733474,-0.3928122,0.09047558,-0.36400068,0.19671051,0.06647208,-0.11138497,-0.2896873,0.071197726,0.08700694,-0.017960075,0.0687129,0.2473558,-0.10323532,-0.2182965,0.0548352,-0.023849996,-0.025049461
747,Benny & Joon (1993),0.22379732,-0.07964287,0.31685486,0.05210434,-0.17017624,-0.042320028,0.13020615,0.016529812,-0.10163789,0.082508735,-0.035869632,-0.045345526,0.07771038,-0.12407958,-0.12829424,0.10234871,0.087235376,0.12525973,-0.20518944,0.36334243,-0.06277853,0.1533331,0.17776959,0.016025947,0.3146891,-0.1063469,0.25607234,-0.2826812,-0.11840335,0.09851897,-0.03015936,0.017994314,-0.039460883,0.12340849,-0.18617024,0.086240694,0.11608147,-0.14699616,-0.07939562,-0.017601512,0.0609686,-0.07541735,0.053967077,0.11030816,0.06730995,0.027107237,0.3086386,-0.41479045,0.030539673,-0.059848104,0.17627889,0.100622326,0.08502752,-0.4378162,0.062037274,-0.12889463,0.022675414,0.15610237,0.119003065,-0.29311126,-0.19688752,0.12640817,0.030153647,0.011832089
748,"Saint, The (1997)",0.32534412,-0.009327985,0.16892669,0.2514905,-0.078863166,-0.06701172,0.43202156,-0.16487563,-0.4717512,0.2882765,-0.08002791,-0.10267961,-0.033571552,0.31067225,-0.2604052,-0.05666653,0.19266395,0.037490133,0.017891783,-0.11477036,0.1736274,-0.032018345,0.23784721,0.026940394,0.30777505,-0.26305392,-0.081452526,-0.11719835,-0.0407748,0.012785013,0.20879656,-0.14394502,-0.019520225,-0.12173176,0.20951466,-0.3925118,0.12454495,-0.15343256,-0.15907697,-0.23812944,-0.21333109,0.19377796,0.1051961,0.26552927,0.000268376,0.1357485,-0.06485297,-0.3444705,-0.2937227,-0.41435066,-0.25266063,-0.0011835772,-0.032959558,-0.21569353,-0.14425181,0.037136756,-0.2654042,-0.18580188,0.11428501,-0.17009854,0.03865222,0.14745708,-0.025663799,0.099747196
750,Amistad (1997),0.25628835,-0.15449384,0.6039232,0.18471278,-0.17911011,0.013395355,0.1352875,0.34494826,0.062819466,0.28466874,0.39966676,-0.21650615,0.3760157,0.38286746,-0.33630216,-0.24203327,-0.03313547,-0.12684634,0.13190217,0.2649949,0.35927135,0.046889424,-0.21089539,-0.40278694,0.6431187,-0.030701801,0.16026495,0.08040319,-0.3427878,0.025727546,0.23484443,0.011425126,0.00818247,-0.009164793,0.29483104,0.033555053,-0.03409606,0.019294694,-0.3257243,0.561501,-0.12959254,-0.082280934,0.22012722,-0.024693144,0.35544956,0.078466184,-0.003690596,-0.0019500582,0.084922,-0.05092388,0.034963146,0.35156748,0.17131075,-0.26969144,-0.17864592,-0.09353134,-0.41368446,-0.31945023,-0.41030273,-0.09475725,0.28831467,0.039142657,0.17170337,-0.17738348
751,Tomorrow Never Dies (1997),0.36649236,-0.12554577,0.31148422,0.35870403,-0.3354856,0.08022382,0.27841538,0.046866775,-0.39807925,0.1434406,-0.034777097,0.26734143,0.33658624,0.20824514,-0.3961814,-0.06844479,-0.062016807,-0.017785143,0.24318813,0.11149446,0.1664256,0.029676102,-0.059840728,0.06376444,0.49909618,-0.1358695,-0.07047809,0.28603393,-0.16881707,0.08785675,0.10905931,0.09781086,0.048726857,-0.08902011,0.23992871,-0.40105394,0.19668981,-0.34229544,-0.42472157,0.25027862,0.08661185,0.1309293,-0.05630431,-0.0374695,0.20053546,0.1081639,-0.14563408,-0.29300547,-0.056014564,-0.1452947,0.04390244,0.40981218,0.07113713,0.121511,-0.1991055,-0.061388068,-0.15702572,-0.055368595,-0.02128981,-0.029596534,-0.00882712,-0.0919591,0.18560763,-0.0029268893
755,Jumanji (1995),-0.19332138,0.031251676,0.26751235,0.16375937,-0.37347254,-0.28023434,-0.01885366,0.11297894,-0.26197946,0.30977303,-0.0831311,-0.14421466,0.21333404,0.25175318,0.084616825,-0.060474038,-0.1563246,0.09373099,-0.2617582,0.17091872,0.3764586,0.42261702,-0.032660246,0.14038618,0.04423063,-0.18389918,0.14560656,-0.14460193,0.19093312,0.050313056,0.36936927,-0.12858024,-0.094654,-0.18222512,-0.13070646,-0.21209715,-0.042767953,-0.096555956,-0.022931198,0.11289646,0.122834444,-0.18034175,-0.042349074,-0.08763864,-0.20897923,-0.09003351,0.36463886,-0.196649,-0.43571478,-0.1819929,0.2180325,0.12636483,0.052939117,-0.09399917,-0.09362237,0.09674837,0.23617065,-0.12257465,0.116806366,-0.20969683,-0.19559307,0.18074593,0.15507545,0.03843072
756,Father of the Bride Part II (1995),-0.0039146203,0.033048395,0.081796266,0.2944194,-0.66004395,0.16724055,0.5280886,-0.18565364,-0.1871746,0.28448,-0.3386293,-0.23182215,-0.05273207,-0.15829659,-0.2515983,-0.16231076,0.17382622,0.53381056,0.15097785,-0.24217783,0.16001663,-0.17336434,0.3165126,0.19785511,0.3745727,0.10359267,-0.13410397,0.16648537,-0.113354824,0.12540872,-0.10738464,-0.13472946,0.31963858,-0.32640815,-0.2849233,0.028297974,0.020139148,-0.37641862,0.12975833,-0.21377937,-0.30610132,0.05576423,-0.31406868,-0.32718906,-0.095331945,0.040622875,0.39117104,-0.020299867,-0.5349776,-0.27721295,0.3414909,0.28974032,0.025442136,-0.29687992,-0.2917,-0.22015686,-0.5466637,-0.37460804,-0.3174227,-0.32559952,-0.16842969,0.2301065,0.11887954,0.13334277
762,Beautiful Girls (1996),-0.2734953,0.21741514,0.15412506,0.037665363,-0.5117889,-0.007095695,0.0047120266,0.2739428,-0.112653986,-0.1518739,-0.14640102,0.07703914,0.032571718,-0.13246243,-0.17973459,-0.12301125,0.28647953,0.21957794,-0.10639228,0.13719538,0.32379273,-0.16264696,0.15574723,0.15822916,0.2987043,-0.29615593,-0.021646667,0.09467944,0.16722776,-0.29505968,-0.05633255,-0.29728895,0.31653637,-0.13826555,-0.32579437,0.094726115,-0.041197035,0.05857137,-0.16662261,0.22679205,-0.44513035,-0.20444508,0.08786249,0.16882221,0.21468635,-0.104233,0.0036636624,-0.1607932,-0.1034532,-0.32893783,-0.11969288,0.030423766,0.23500125,-0.26209706,0.006129199,-0.2624363,0.010524388,-0.3357404,-0.3950417,-0.40016723,0.08542813,0.25644112,-0.22019728,0.19325273
763,Happy Gilmore (1996),0.016310845,0.20205507,0.09605057,0.11994754,-0.109236196,-0.08754867,-0.08806418,0.13688469,-0.28353423,0.07569569,-0.27559182,-0.4049344,0.077867016,-0.014875496,-0.08218344,0.017556481,0.17025498,0.09667505,0.09462551,0.10364167,0.27687374,0.22791645,0.03350139,0.19437742,0.14140591,0.030779403,-0.08414747,0.13387312,-0.22879475,-0.1254774,-0.19830838,-0.1792544,0.19800124,-0.10713656,-0.29782373,-0.10312139,-0.13941374,0.24040113,-0.19205113,0.12877567,0.034021825,0.01521673,-0.15490073,0.22848539,0.15583953,-0.03770693,-0.12871902,-0.1853895,-0.2546252,-0.2945922,0.049649175,0.15241203,0.08407888,-0.3289659,-0.17931367,0.03779308,-0.093730986,-0.35962325,-0.0050267167,-0.13915281,-0.22318079,0.0032977713,0.030449182,0.40585363
770,Devil in a Blue Dress (1995),0.17334752,-0.20837973,0.37090525,-0.27913666,-0.26909143,0.12160588,-0.05818696,0.242444,-0.29328004,0.011302589,-0.05115855,-0.043983188,-0.061680067,-0.04534185,-0.34046963,0.034349285,-0.24531901,-0.22917426,-0.11569367,0.18684633,0.06349642,-0.076798394,0.091226354,0.19228439,0.27450603,-0.027609909,0.09555344,0.23959893,-0.03973309,0.015284774,0.0801314,-0.13494289,0.07942497,0.010869222,-0.06351816,-0.23352022,-0.15321471,-0.12176764,-0.092513196,0.5566948,-0.20695472,-0.24175842,-0.011381151,0.19048415,-0.03202395,0.056743428,0.002169259,-0.28728008,-0.035978407,-0.10622412,-0.21284652,0.006089264,0.24461927,-0.31789106,-0.2586957,-0.04637421,0.22812286,-0.02197718,-0.070936486,-0.06832436,-0.057563588,-0.14422472,0.20672724,-0.008059576
772,Kids (1995),-0.009362575,-0.016206378,0.25537178,-0.009914076,-0.2768186,0.09976116,-0.18170875,0.22948435,-0.16127326,0.11801745,0.014587135,0.023449557,0.21647158,-0.09967529,-0.061976723,0.030923342,0.2232005,-0.089399956,-0.2152925,0.009077235,0.1490392,0.112192795,-0.2363908,-0.04254563,0.094301276,-0.112791955,-0.15955338,0.20542629,-0.070448786,0.09756959,0.119003914,-0.10594687,-0.12617475,-0.1497794,0.13349244,0.02846132,-0.029430408,-0.14429146,-0.056060087,0.21666059,-0.19006734,-0.24526434,-0.042069495,0.105462246,-0.053960346,-0.0371688,-0.21482356,-0.00982052,0.062072843,-0.020470439,0.0015637407,0.09940789,0.18086572,-0.24131536,-0.15537575,-0.098047525,0.16832697,0.09905145,0.05214712,-0.29387593,-0.13731238,0.18519804,-0.17114186,-0.13295
778,Don Juan DeMarco (1995),0.021278434,-0.26349446,0.40791324,0.0028138424,-0.35171315,-0.1609957,-0.022329817,0.29700395,-0.28885287,-0.04771521,-0.23572963,-0.13136722,0.14286959,0.1751815,-0.22767587,-0.12013748,-0.14797744,0.032178037,0.045283634,0.07041417,-0.010709628,0.28943345,-0.025393356,-0.00036755178,0.09717675,-0.10527359,0.06816313,-0.1293791,0.08269573,0.038681686,0.28638357,-0.21562417,-0.20885988,0.051173523,0.095482476,0.05692333,-0.2067726,0.013581834,-0.080069445,0.16463228,0.120657116,0.25578967,0.18189447,0.030565565,-0.17897557,0.044675123,0.016168065,-0.36724418,-0.06301415,-0.18853272,-0.19662245,0.04665594,0.030455844,-0.17016862,-0.09393584,-0.10574845,0.30173016,0.029806903,0.1771802,-0.37654048,-0.23693928,-0.09091269,-0.06922865,-0.060265895
781,French Kiss (1995),-0.2661428,-0.008939103,0.41823733,0.023585754,-0.2634709,-0.030822776,0.18006775,0.11892387,-0.17595154,0.3607858,-0.05691435,0.1533405,-0.23442245,0.037949424,-0.11028465,-0.28288284,-0.013697033,0.0007385909,-0.19121216,0.33870187,0.25734156,0.11610806,0.051235296,0.062854044,0.33226472,-0.19075337,0.19338226,-0.10803165,-0.067549944,-0.046317972,0.3048947,-0.10897866,-0.18814407,-0.2605209,-0.06024494,-0.025743889,-0.04319721,0.002232257,-0.051387306,0.113060206,-0.20320629,0.044143554,0.13753614,-0.102290995,-0.34682903,-0.21282378,0.04591693,-0.12919708,-0.27624005,0.07537428,-0.4478599,0.09480147,0.23858236,-0.48355797,-0.05442015,-0.118330464,0.3637316,-0.1622424,0.15954411,-0.2718191,-0.09990133,-0.066862404,0.04181862,-0.017193582
789,Swimming with Sharks (1995),-0.36898965,-0.25055143,0.27372903,0.18288098,-0.36487603,-0.053970512,-0.13580959,0.19471629,-0.12940699,0.0990466,-0.064056925,0.09822971,0.09222021,0.071947135,-0.14962019,-0.029727027,0.10544453,-0.1348409,-0.20818304,0.092924096,0.083094604,0.3287784,0.10757115,0.036997005,0.21383093,-0.14328983,0.058092497,0.27650347,0.018718982,0.07864315,0.28770623,0.011223804,0.054010745,-0.2638004,0.013795979,-0.1824796,-0.18697384,0.06866821,-0.05727193,0.1549941,-0.12836319,-0.058009103,-0.137698,-0.066662654,-0.08318656,-0.030027153,-0.03492475,-0.41233772,-0.0126801655,-0.10970098,-0.17069392,0.13763219,-0.058387432,-0.443031,-0.115605615,-0.2826335,0.2749082,0.23440436,-0.10754317,-0.2645516,-0.1770042,-0.19460236,-0.10464751,-0.006449709
792,Bullets Over Broadway (1994),0.040092092,-0.20501941,0.04766028,0.1842655,0.0568498,-0.017372793,-0.25380987,0.13349193,0.05895085,0.018594304,-0.099652626,0.056790695,-0.050365828,-0.12339772,-0.19691531,-0.0928156,0.17616661,0.15435408,-0.2468942,0.1277227,0.037464395,0.16183913,-0.027811294,0.19078663,0.066435166,0.09276676,0.07454521,-0.13965078,-0.15905553,0.17297731,-0.086755745,0.12518919,-0.046741303,-0.13893294,0.1445845,0.19499214,0.109865956,-0.27983332,-0.15343678,-0.08079564,-0.18888922,0.10046784,0.19121037,0.18488052,-0.14695957,0.12559986,-0.09264802,-0.20342879,-0.1812643,-0.1939589,0.07537286,0.19832392,-0.06796298,-0.2320127,-0.09455162,-0.045134228,-0.012641407,0.044216808,-0.004646236,-0.041723307,-0.27268907,-0.14411233,-0.10740861,-0.15998681
794,It Could Happen to You (1994),-0.13652726,0.046217524,0.05081627,-0.007807421,-0.44070023,-0.16957521,0.13776548,0.080132656,0.109210275,0.35920918,-0.2798221,-0.09176188,0.047297433,-0.113382824,-0.07276171,-0.3362716,-0.14109674,0.15969923,-0.038452532,0.060948074,0.29286024,-0.14760399,-0.017414762,-0.026842404,0.39391655,-0.0967961,0.28727567,-0.29572374,-0.16285884,-0.0031450607,0.4588418,0.20327705,-0.42342827,-0.3415993,0.2039424,0.15972385,0.28076643,-0.10820375,-0.048174832,0.12335862,-0.09344667,-0.040815435,0.1443127,-0.046601027,-0.10658936,-0.046998363,0.06969043,-0.2507319,-0.3980005,0.13701314,0.06336807,-0.110321276,0.23611145,-0.45722458,0.03685984,-0.3495676,0.07378493,-0.12796766,0.058702406,-0.3333379,0.25073504,0.16423513,0.2788147,0.23306602
806,Menace II Society (1993),-0.022418117,-0.2079439,0.17790426,0.01749116,-0.35526407,0.09896346,0.061874706,0.3757608,-0.35555,0.017006107,-0.1256904,0.08779387,-0.076690726,-0.048639923,-0.38790774,0.18019491,0.079938,-0.14377147,0.046316773,0.13279665,0.085709065,0.33937296,-0.068310566,-0.117474444,0.3283096,0.03961252,-0.32328984,0.17618057,-0.0941434,0.22054924,0.22538875,0.0034169909,-0.15855795,-0.2604065,0.1572823,0.17370059,-0.21031855,-0.14708866,0.07972663,0.34539947,-0.25866705,-0.27231702,0.12299577,-0.093968436,0.049210984,-0.10287765,0.052908868,-0.22523259,0.056946788,0.12350444,-0.2638897,0.006215092,0.22501542,-0.41443983,-0.15100186,-0.063921064,0.07838265,-0.10235869,-0.0067063365,-0.13697718,-0.21177681,0.22306821,-0.1723673,-0.07224559
813,"Celluloid Closet, The (1995)",-0.30722886,-0.43378112,0.59997064,0.00078382995,-0.4501326,-0.096068114,-0.27672213,-0.11564483,-0.04226501,-0.15314898,-0.118380055,0.1271743,0.23149714,0.16780485,-0.2796083,0.0013406845,0.24767661,0.26772675,0.01709409,0.21311006,0.16051869,-0.27415547,0.12691431,-0.27144185,0.0784555,-0.10084318,0.15786527,-0.04141845,-0.13447933,-0.039842743,-0.123976916,0.05060042,0.33677074,-0.3219365,-0.08319686,0.21704894,-0.13227773,-0.11024268,-0.31668332,0.059578214,-0.28423807,0.10714375,0.3462559,0.35799748,0.2784882,-0.030070385,-0.035441067,-0.1866676,-0.3346995,0.0770202,-0.03343901,-0.076576926,0.0035680442,0.06970771,-0.11867204,0.010264802,-0.2895469,-0.002037022,-0.2935613,-0.26105553,0.058939558,-0.08245055,-0.21763088,0.27205274
815,One Fine Day (1996),-0.16564259,0.10541491,-0.14946061,0.2915022,-0.3796902,0.047888048,0.06909254,-0.06916025,-0.33695242,0.27312246,-0.08038561,0.0051102657,-0.053516407,-0.14300181,0.025414042,-0.090764314,0.3767153,0.48070624,0.020486047,-2.7158541e-05,0.09342016,-0.09433409,0.18145399,0.046376493,0.26200598,0.007904688,-0.08234318,0.04451822,0.18935122,0.115624905,0.19633304,-0.3059969,0.4544142,-0.14709397,-0.28929192,-0.1090222,0.087096244,-0.21747041,0.1736191,-0.13503176,-0.64311486,0.03785096,-0.13693163,-0.16101806,0.042581305,0.16185157,0.27047083,-0.3103749,-0.51449347,-0.06788253,0.38785154,0.20469028,-0.062124766,-0.13243881,-0.17666279,-0.19826685,-0.3711258,-0.50567824,-0.20122959,-0.42290655,0.10339476,0.23573807,0.12951809,0.1865198
825,"Arrival, The (1996)",-0.29729322,-0.29191273,-0.28023273,0.12512834,-0.30584872,0.105456896,-0.05547435,-0.026133059,-0.49129978,0.093190975,-0.14531776,0.19527495,0.1843036,0.075963005,-0.35267046,-0.3230637,0.10225016,0.30968037,-0.06860301,0.18802811,0.055115197,-0.047576107,0.026166297,0.00023526006,0.40746793,0.08406368,0.28159833,0.01707094,0.18046431,0.02947496,0.15529351,-0.072413884,0.05451539,-0.35903293,0.17231265,-0.17340319,-0.08456138,-0.24395277,0.23096709,-0.05110113,-0.15406615,0.08230813,-0.18010293,0.040741682,0.14673498,-0.15845557,0.16522695,-0.3072291,-0.28957114,0.09781221,-0.005282042,0.09437733,0.23619488,-0.0768666,-0.18402356,-0.333547,-0.19897705,-0.10152958,0.069537565,-0.40073815,-0.06513379,0.26024243,0.08037803,-0.01805898
844,Freeway (1996),0.14849693,-0.40044382,0.20750418,-0.0789998,-0.40837926,-0.09941515,-0.43180862,0.17631717,-0.077322274,-0.27856955,-0.06385582,0.17000937,0.091863684,-0.195763,-0.071025535,0.036589436,-0.14042951,0.07172052,-0.11354691,0.18221115,-0.042239666,-0.024874995,-0.105117254,-0.16466868,-0.09672922,-0.032677513,-0.047418,-0.0392999,-0.2768206,0.014095817,-0.03187392,0.11401946,0.09217575,-0.24832864,-0.07681074,0.08322868,0.036650766,-0.17251338,-0.11790163,0.027817134,-0.3895516,0.28580824,0.05807617,0.116312794,0.31899822,0.055579875,-0.13988648,-0.11217586,-0.47547832,0.1213027,0.046111222,0.025343379,-0.32758102,-0.17593992,-0.11409965,-0.14899953,-0.13373338,-0.0076436163,-0.059184656,-0.27754524,0.11812506,0.22296076,-0.17000677,0.16547707
845,That Thing You Do! (1996),0.090579845,-0.073866166,0.21080413,0.060716506,-0.1518838,-0.11161885,0.13683222,0.19485302,0.117921926,0.17654417,-0.0902572,-0.22533894,-0.041575223,0.11677451,-0.12958568,-0.11423509,0.061657224,0.23202215,0.106864884,0.08448924,0.33351424,0.066998534,-0.027599744,0.10117899,0.14608817,-0.076237775,0.064963214,0.09528535,-0.33371437,-0.11358586,0.02489798,-0.21936344,0.008840934,-0.0064045703,-0.2991655,-0.005705649,-0.18799968,-0.237173,-0.2726281,-0.028561637,-0.12902583,-0.08146566,0.049455438,0.18064642,-0.17894332,0.0010150248,0.09883019,-0.35686854,-0.239219,0.15528506,0.07826505,0.014919492,-0.022291893,-0.13406383,0.016315686,0.029149082,0.2397546,-0.108665645,-0.15164927,-0.32048708,-0.3368087,0.040977612,-0.113111734,0.24778686
847,Looking for Richard (1996),0.13651784,-0.35477737,0.2785076,-0.31303498,-0.51309943,-0.20641956,-0.23783852,0.008525082,-0.010812414,-0.17662951,-0.41728538,-0.28440318,0.14448471,0.022830695,-0.096500434,-0.2764317,0.30082497,-0.14566952,0.0005429089,-0.16628616,-0.07225348,-0.21085064,-0.27662313,-0.17432873,0.051007666,-0.14094956,0.04099471,-0.04643057,-0.27778813,0.17466694,0.2542786,0.10331404,0.07547264,-0.09024797,-0.11421661,0.22098215,0.0008765805,-0.25200373,-0.13595921,0.33580354,-0.2426231,0.48071483,0.36692873,-0.03974879,-0.033991214,0.0025066305,-0.26251242,-0.3369724,-0.3950692,0.086533986,-0.10279845,-0.09347145,0.0053955317,-0.2823894,0.010822744,-0.07054888,0.103717,0.06509895,-0.2756821,-0.3645844,0.061757937,0.20419456,-0.13190995,0.017545577
855,Diva (1981),0.23538752,-0.1701965,0.13419251,-0.050145127,-0.21370627,0.0866615,-0.36419722,0.2529411,-0.04554553,-0.0007235618,0.17854375,-0.09346803,-0.13314775,-0.270158,-0.13520296,0.24020478,0.19086666,0.05443013,-0.20759967,-0.027191661,0.25275517,-0.011519782,-0.22721411,-0.09086373,0.18246914,0.07664112,-0.20472486,-0.012185904,-0.24666198,0.14924927,0.11305522,-0.024063326,-0.054708797,-0.022626463,0.19331281,-0.19923742,-0.007003335,-0.22610143,0.24527915,0.04794006,-0.43594232,0.32731184,0.090671845,0.20687602,-0.35699564,-0.053688698,-0.1430488,-0.006492076,0.13624601,-0.052834492,-0.3204904,-0.07607779,-0.3724082,0.043515403,-0.15296094,-0.33418086,-0.05031504,-0.26842868,0.11352721,-0.18111953,-0.24426612,0.8142084,-0.1452236,-0.028087175
856,Night on Earth (1991),0.07515956,-0.40433168,0.23177427,-0.016916325,-0.44323632,0.061105404,-0.27617767,0.052181054,-0.11119996,-0.16473477,-0.22457671,0.13207363,0.25780824,-0.12792942,-0.34920865,0.22231813,0.13606797,-0.011306654,-0.20453618,0.1617312,0.018106353,-0.17012396,-0.011365755,-0.27402958,-0.037311394,0.04562048,-0.16454878,0.1847052,-0.31645736,-0.0005897296,0.14218238,0.25698188,0.17529091,-0.18685643,-0.114094205,0.035933387,-0.121495165,-0.061608296,-0.17425814,-0.01736612,-0.11020599,0.17725173,-6.9667956e-05,0.13129921,0.32348657,0.057403676,-0.14976168,-0.2439236,-0.18551904,-0.099242106,-0.24135266,0.21899082,-0.056973703,-0.13197382,-0.26733345,-0.041996896,-0.27026266,-0.11717949,-0.30698866,-0.31064698,0.16954601,0.14563191,-0.061807003,-0.012464871
864,My Fellow Americans (1996),-0.11249142,0.038642604,-0.19894901,0.22045085,-0.414543,0.06060798,0.22679378,-0.1042998,-0.20933649,0.20885749,-0.32284564,-0.116131574,0.030106295,-0.14328334,-0.060508978,-0.25207698,0.17467862,0.41976053,0.08068999,0.25747457,0.30590764,0.14527357,0.25750467,0.16205819,0.45941252,-0.05344399,0.095529824,-0.0447526,0.1949072,-0.03198351,0.18702315,-0.32224303,0.1376288,-0.35333526,-0.16706946,-0.15381832,0.10763364,-0.3814251,0.41930872,-0.103881024,-0.082278155,0.083854735,-0.30072945,-0.05958315,0.102644295,0.14770336,0.47816634,-0.3496426,-0.39558336,-0.087815456,0.077325135,0.24513674,-0.11002477,-0.04805681,-0.096732266,-0.22100393,-0.48341772,-0.5752322,-0.12023925,-0.27017063,-0.053067964,0.25195095,0.0888404,0.12016656
866,Michael (1996),-0.095605195,0.15369837,0.119142585,0.28866905,-0.45664147,-0.28145322,0.33845794,0.2757953,-0.076513916,-0.047073107,-0.09669167,-0.31639472,-0.26020372,-0.08737298,-0.2734879,-0.076638564,0.5326746,0.24794601,-0.025665153,-0.03350114,0.049090274,0.022674067,0.07004271,0.01902214,0.017873585,-0.38078934,-0.061490428,0.1387471,0.04975649,-0.34205544,-0.049667973,-0.1823469,0.07588697,-0.3203845,-0.4531585,0.1741782,-0.18589811,-0.1636556,-0.1426536,0.14189556,-0.6597663,-0.112136394,-0.048982553,0.028003454,-0.15474285,0.1028688,0.03478944,-0.16701582,-0.5266758,-0.42944822,0.25961408,0.06878717,0.0071301884,-0.09344966,0.00096753676,0.094517805,-0.32801035,-0.437848,-0.17607222,-0.43253592,-0.17332833,0.19063635,-0.08430834,0.22832564
879,"Peacemaker, The (1997)",-0.013884375,-0.195397,0.2249931,0.5798726,-0.08691446,0.38268185,0.390339,0.1650939,-0.49672547,0.29185158,-0.033246655,-0.28477135,0.4715463,0.28956842,-0.40721828,0.037937876,0.08238609,-0.08956503,0.39757073,-0.061811704,-0.00094433,-0.03483688,0.21886978,-0.25921118,0.5383915,-0.15947498,-0.08870941,0.07889992,-0.15768468,0.020499485,0.0889815,0.19898196,0.059936635,-0.06529159,0.53926826,-0.21518363,-0.040922243,-0.29020935,-0.08284032,-0.110877015,-0.0796147,-0.022251816,0.43411386,0.2105191,0.2389702,0.57603484,-0.34241152,-0.5937299,-0.10741012,-0.01045269,-0.4840959,0.37826696,-0.51997226,0.17594847,-0.43548897,0.14481853,-0.409071,-0.4265233,-0.10721162,-0.18285564,0.21125674,-0.2813542,-0.0055554067,0.12120356
887,Eve's Bayou (1997),-0.026831247,-0.15508303,0.42071167,0.37423953,0.19681945,0.3003515,0.08935459,0.32669455,-0.3710964,0.231658,-0.07310965,-0.3207186,0.54965895,0.19163418,-0.31332672,-0.31370047,0.34749514,0.22673741,0.015095741,0.124621145,-0.2915115,-0.058555108,0.27187067,-0.36839047,0.48996735,0.05574959,0.01381239,0.04407685,-0.2772514,-0.14444622,0.13718525,0.071345635,0.06539919,0.046879873,0.3952674,-0.23882799,-0.029734816,-0.009505501,-0.51084167,-0.3432699,-0.2829431,-0.10760117,0.500252,0.22066452,-0.0029895674,0.29146966,-0.07505939,-0.25025705,0.073827885,0.10812995,0.25546035,0.39313525,-0.23509242,0.086896785,-0.072689846,0.1542451,-0.22069702,-0.12529472,-0.49934295,-0.13439654,0.08755758,-0.034178134,-0.13338822,0.14200649
895,Scream 2 (1997),-0.10441432,-0.17744716,0.51239264,0.41540813,-0.020912198,0.5666528,0.57700247,0.02686059,-0.644374,0.10434806,0.110614136,-0.37416595,0.618845,0.28158775,-0.05930722,-0.1387773,-0.021378875,-0.116397865,0.13014337,-0.032075796,0.22282602,-0.12572667,-0.09849465,-0.02129037,0.4143272,0.09376793,-0.64181274,0.11059373,-0.34410346,-0.1837255,-0.047111128,0.13065343,0.060997803,0.011050068,0.61570984,-0.40306857,0.098604746,-0.4366353,-0.66403097,-0.29739293,0.0051288805,-0.01969748,0.100567706,0.47025755,0.2153823,0.08942355,-0.14220059,-0.30431667,0.06495864,0.014653207,-0.044746656,0.66409814,-0.18736707,0.18394592,-0.16433875,0.15994431,-0.16437753,-0.2740679,-0.30809438,-0.32358208,0.060897525,0.083966784,-0.20427728,0.36903247
919,"City of Lost Children, The (1995)",-0.07216337,-0.02817802,0.2341076,0.06428629,-0.050835893,0.19389579,-0.27146095,0.3085844,-0.42803144,-0.015698796,-0.17315929,-0.052347045,0.055572793,0.26917973,0.1085552,-0.10194348,0.18009047,0.2097742,-0.08383912,0.30552956,-0.05971847,-0.2739111,0.03918495,-0.12593426,0.21410644,-0.09574366,0.15598139,0.06533321,-0.06044524,0.10727812,-0.26990122,-0.042312853,0.10943401,-0.28881657,-0.010727488,-0.22516194,0.19049226,-0.1516293,-0.052775793,0.05716084,-0.2041716,-0.033465527,0.099351,0.16387424,-0.026185423,-0.04324446,-0.28776425,0.05101144,0.021274738,0.2076113,-0.10688005,0.024012145,0.23690073,-0.32512835,-0.041654292,-0.23981307,0.24180244,0.11086163,-0.11384632,-0.31350502,-0.107906654,0.23735042,-0.33657685,-0.17447639
921,Farewell My Concubine (1993),-0.21232727,-0.4976146,0.2800591,0.023116764,-0.40806124,-0.0295226,-0.062339526,0.2899319,-0.35054216,0.21490471,-0.12860899,0.0699404,-0.020417776,-0.0012186979,-0.3301429,-0.061567105,-0.058941644,0.18732451,0.05763616,-0.043569203,0.11812853,0.05755123,0.086158335,-0.22678706,0.019278502,0.25197187,0.08335049,0.009070616,0.037900805,0.075867206,0.33184654,-0.066298775,-0.04469371,-0.35657123,-0.19417217,0.16937815,-0.11116954,-0.2360055,0.09873922,0.306917,0.071630344,0.119637474,0.036723588,0.08744149,-0.07886751,-0.06003089,0.120683886,-0.28581443,-0.39945266,0.18520965,-0.30233365,0.1595403,-0.011656942,-0.2606095,-0.06687592,-0.18559553,-0.18541221,-0.15498558,0.099296905,-0.40089408,-0.063013434,-0.020094741,0.111070365,-0.14127788
923,Raise the Red Lantern (1991),0.22382331,-0.42548496,0.14582409,-0.06472186,-0.15639915,-0.020940606,-0.31940734,0.40671244,0.0626024,0.18282108,-0.2038845,-0.1800538,-0.36220324,-0.15887164,-0.2916078,0.18676002,0.0008875622,0.01297312,0.32038867,0.2610828,-0.02403437,0.23368473,-0.1793977,-0.38401562,0.0062615247,-0.040184442,-0.1058727,0.0717817,-0.33299118,0.16504085,0.061202995,-0.1786895,-0.053938568,0.027619433,0.20616204,0.48407185,0.22550792,-0.1830786,0.2141325,0.3287974,-0.19384113,0.1295734,0.34085536,0.24923089,0.09195311,0.17705582,-0.08630557,-0.2620606,-0.3662097,0.011347267,-0.25012657,-0.07557621,-0.280951,-0.10514447,0.28474668,-0.08904634,-0.07750292,0.023721498,0.22305742,-0.08932874,-0.23110105,0.62630606,0.04636763,0.21371248
924,White Squall (1996),-0.06295539,0.01935802,0.053300228,-0.022586199,-0.43463767,-0.022731569,0.13289942,-0.23126017,-0.43330145,0.11868404,-0.05463389,-0.16160701,-0.0953196,-0.24368796,-0.2209217,0.091958314,0.25077707,0.5428632,0.23151615,0.036167428,0.2760711,0.06482576,0.020432781,0.15527798,-0.024333896,-0.24599178,-0.064031534,0.3943353,-0.07434281,-0.10836615,0.27982458,-0.29196048,0.21142612,-0.35872436,-0.1461334,-0.20466012,-0.111089356,-0.2563075,0.090800084,-0.13009262,-0.57805055,0.27343878,-0.082685955,-0.16981514,0.0641871,0.09193999,0.24323949,-0.18840963,-0.43206987,0.07519029,0.30089194,0.11610358,-0.12552823,-0.11250301,0.010727748,-0.16866456,-0.4621066,-0.4291071,-0.09429861,-0.64546436,0.02289733,0.10538643,0.0043266807,0.009684565
926,Down Periscope (1996),-0.2618293,-0.04285377,-0.14469272,0.24239103,-0.45568606,0.14233994,0.18166806,-0.12990257,-0.27616835,0.17915663,-0.29481456,0.013269434,0.21443407,-0.021313766,-0.11327841,-0.3333146,0.22922021,0.04521011,-0.0819662,0.16348645,0.12767461,-0.08263474,0.1597462,0.11420038,0.38716766,0.048473526,-0.04696873,-0.074253865,0.33366218,0.09163474,0.12150679,-0.13708548,0.36183286,-0.5156144,0.029923532,-0.11618785,0.034942657,-0.33535254,0.3454921,0.25710514,-0.24516745,0.11253693,-0.23582874,-0.20691317,-0.10855064,0.066718325,0.32900438,-0.41671824,-0.5421437,0.0018438385,0.3061251,0.14427106,0.10487268,-0.28711048,-0.118393354,-0.14461142,-0.402323,-0.37101918,-0.121761814,-0.23176631,0.017184157,0.4647495,-0.055532657,0.088040106
928,"Craft, The (1996)",-0.18942672,-0.17830844,-0.24572618,0.24104902,-0.62647265,0.32858124,0.43784526,0.08499247,-0.27449557,0.28980577,-0.27333942,-0.2504206,0.1698594,-0.010406922,-0.10898354,-0.16415796,0.05629611,0.2985184,-0.038866818,-0.19247732,0.21778387,-0.33328468,0.0974182,0.24890192,0.3611968,0.17853224,-0.33989215,-0.03135762,0.016230935,0.07362228,0.0039282,-0.20607422,0.26938075,-0.3800467,-0.15728223,-0.013938755,-0.056089092,-0.28664294,-0.004374537,-0.047305964,-0.23176041,-0.18504468,-0.17118856,0.3481189,-0.14697069,-0.07383974,0.20752645,-0.25963432,-0.15070672,0.10811784,0.03286131,0.15224989,0.3550186,-0.20518841,-0.39932877,0.021921664,-0.089714974,0.11015605,-0.15393035,-0.41857275,0.016758338,0.12466297,0.13305327,0.16554028
936,Brassed Off (1996),0.030061884,-0.48617217,0.34707212,0.044840116,-0.61301273,-0.17671937,-0.446034,-0.048338432,-0.26709682,-0.16433333,-0.16492027,0.08984788,0.04143639,-0.088209346,-0.1410179,0.16216226,-0.0704228,0.10594933,-0.15818836,0.04773941,0.024461886,0.0010620285,-0.021076318,-0.29707927,-0.11534189,-0.35848513,-0.07028025,0.2296851,-0.20904027,0.05901715,0.1706833,0.12332266,0.17692636,-0.30507097,-0.19650665,0.13728169,-0.17628846,-0.068111084,-0.1191013,-0.048773732,-0.23394433,0.05541004,-0.11347346,0.28993848,0.32992002,-0.008028003,-0.26472065,-0.22272368,-0.31314987,0.030967735,0.0117463935,-0.018517856,-0.14522047,-0.075756915,-0.09690939,-0.10428839,-0.26616842,-0.041693363,-0.10679378,-0.2445381,0.04554794,0.16137299,-0.038825933,0.10080264
939,Murder in the First (1995),0.052522473,0.13206613,0.23183662,0.078596756,-0.3463019,-0.05136686,-0.13090867,-0.010036259,-0.5036898,0.16480802,-0.028737733,-0.045772173,0.12022813,-0.011247506,-0.12800449,0.055084918,0.2344295,0.12773651,-0.34160045,0.14104816,0.1379695,0.27812544,0.32670295,-0.04505473,0.13961518,-0.1429432,0.06351477,0.009728284,0.106435776,0.40624022,0.22547463,0.04324334,0.17202438,-0.23250431,-0.09693572,-0.048319604,0.026999492,-0.02492668,-0.06120211,0.2323595,-0.1362876,-0.053832315,-0.046132863,-0.2094054,0.012281677,-0.07892651,0.18156727,-0.3703399,-0.07016287,-0.097446896,-0.18326424,0.2409284,0.111208804,-0.31485537,0.010851496,-0.029617265,0.07628837,-0.2610006,0.04245715,-0.060646176,-0.07455489,-0.10346683,-0.066189036,-0.20417754
942,What's Love Got to Do with It (1993),0.04479566,-0.3149848,0.1128113,-0.0055165035,-0.2936763,-0.054906067,-0.0086764665,0.14033286,-0.28142503,-0.0718958,-0.2066433,-0.0093080755,-0.12580225,0.20305121,-0.35995048,0.06623512,0.10519817,-0.08828053,0.01542942,0.17376953,-0.115626626,0.11072279,-0.12235594,-0.044070322,0.14939591,-0.00092400296,-0.0643699,0.11225102,-0.16250657,0.21098381,0.28157896,0.060000982,-0.12596455,-0.42897537,-0.12644671,0.0862806,-0.090027645,-0.16190879,-0.07377539,0.45039025,-0.14366469,-0.07915578,-0.016187277,0.15052423,0.20622666,-0.1002602,-0.10218605,-0.19413088,-0.31536862,0.24168213,-0.35510328,-0.04875207,0.079426885,-0.19725117,-0.22780004,-0.11947041,0.25629064,-0.16666092,-0.03865922,-0.27851397,-0.03581571,0.022035,-0.22222202,-0.04561039
945,Charade (1963),0.23082946,-0.12074795,0.12202086,-0.14982443,-0.22489189,0.33308464,-0.14951648,0.41546315,0.093354784,0.14003696,-0.1062089,-0.17626056,-0.15748824,-0.045329735,-0.1925239,0.28490108,-0.032476947,0.24785542,0.12344661,0.10282969,0.14048241,0.23597212,-0.27152523,0.014526668,0.109535664,0.12828341,0.1547631,0.056956872,0.061743908,0.18028821,-0.17249161,0.04101162,-0.06830251,-0.22164856,0.16761582,-0.00069715857,0.27375722,-0.15140177,0.1526204,0.13366167,-0.39270574,0.16192877,-0.053178217,0.15839672,0.10411972,0.34372193,0.0653234,-0.0126397675,0.0067259576,0.18565439,-0.26020372,0.040630937,0.071993895,-0.18021488,-0.16423005,-0.2909277,-0.11695749,-0.08954653,-0.008807337,-0.15829936,-0.20473586,0.11256055,0.040689606,-0.041073766
946,"Fox and the Hound, The (1981)",0.44063213,0.38831034,0.16051905,-0.31420437,0.1873632,-0.055897698,0.20872416,0.39034262,-0.41230962,0.59114575,-0.18865721,-0.541581,0.2914174,-0.043862354,0.26067063,-0.32833314,0.0976804,-0.292355,-0.08177211,0.0006838455,-0.15603222,0.02784789,0.18195695,-0.098155916,0.26848814,-0.103153974,0.61663926,-0.46411538,-0.025820153,0.21421327,-0.330436,0.08014015,-0.1487458,-0.23936474,-0.23736382,-0.20536494,-0.19544268,-0.17928071,-0.18872853,-0.015340321,-0.20069061,-0.16410439,-0.40565336,0.2689013,-0.2821157,0.28374833,0.10906868,-0.09227962,-0.41445422,-0.17334759,0.5187901,0.16937602,0.39928412,-0.22658083,-0.28135854,0.14832047,0.13048209,-0.12955755,0.23184305,0.19718753,-0.22009075,0.028827323,0.14151053,0.3767184
949,How to Make an American Quilt (1995),-0.093513094,-0.37576684,0.087991424,-0.16422428,-0.38462716,0.17753313,-0.0854628,0.18420944,-0.26696214,0.17246047,-0.23124823,0.09775736,0.2507406,-0.12909159,-0.3604845,0.021302808,0.032265775,-0.1762927,-0.101038456,0.13289128,0.08812697,0.022395525,0.05073919,-0.20432204,0.10829246,-0.066408925,-0.04326497,-0.078695886,-0.14559846,0.24464826,0.22182238,-0.07621406,0.13781628,-0.29122975,0.081545964,0.050803058,-0.018104607,-0.17043361,0.110779785,0.08218022,-0.2640272,0.057470493,0.048577994,-0.016326752,0.11134916,0.07090323,-0.025257966,-0.20325792,-0.29260924,0.20284033,-0.041745003,0.10773025,-0.0104873525,-0.15989913,0.038563255,-0.066430345,-0.036348596,0.012842076,-0.05244176,-0.28504157,0.037081625,0.32972524,0.002049123,-0.0045322017
955,Before Sunrise (1995),-0.28883228,-0.33702812,0.07334586,0.0013483848,-0.36542618,0.13083644,-0.01033979,0.017050529,-0.21293794,0.10407829,-0.105028406,0.055269774,0.30163738,-0.10147778,-0.29221168,-0.02903274,0.08143275,-0.07737527,-0.08632274,0.07063263,0.11502794,0.08137274,0.076406926,-0.17359073,0.23468536,-0.06393944,-0.22522981,0.07965089,0.062034413,0.16263662,0.3190039,-0.033459324,-0.10749987,-0.5044343,-0.091721684,0.08175019,-0.0782608,-0.17382592,-0.04390139,0.19522145,-0.19689015,-0.19310659,0.039639644,-0.075002804,0.1482171,-0.14782833,-0.09237637,-0.0828036,-0.1340373,0.20733075,-0.11159678,0.108219944,0.15536708,-0.400298,-0.183735,-0.087492116,0.11397587,0.13701661,-0.065891504,-0.32197985,0.06121164,0.16740632,0.06601959,0.11529215
956,Nobody's Fool (1994),0.272014,-0.13477673,0.35632014,-0.03834537,-0.39885515,-0.14451802,-0.30412868,0.3996191,-0.3139033,-0.02208907,-0.18713991,0.116587855,-0.066918,-0.020371193,-0.08442096,0.10223971,-0.07518849,-0.01697254,0.05928622,0.25652173,-0.24506812,0.2281406,-0.19325484,-0.020735927,-0.11836542,-0.36598188,0.16069771,-0.2277187,-0.15209655,0.096931875,0.2988486,-0.13987482,-0.09737135,-0.07191001,-0.30642712,0.16974051,-0.114118814,-0.13247986,0.06771365,0.16577816,-0.20047829,0.05448795,0.22449028,0.18060191,-0.04058576,0.17665176,-0.05373395,-0.00054999546,-0.1893709,-0.0718467,-0.26916975,0.16683444,-0.13124841,-0.13812087,0.025746921,-0.27379104,-0.021949407,-0.023620829,0.120298445,-0.24734807,-0.1374618,0.33070317,-0.14080927,-0.20585561
959,Dazed and Confused (1993),0.14507315,0.07522247,0.27212408,0.08533341,-0.3224604,-0.0245582,0.027101267,0.1874163,-0.18034688,-0.056352288,-0.028818585,0.051934626,0.03230942,-0.31803414,-0.16397366,0.0371417,0.2555645,-0.07019461,-0.2322382,-0.09998082,0.07311932,0.38252392,0.20620781,0.029396677,0.13558175,0.17897716,0.17315853,0.10297738,-0.10489495,0.06711434,0.23713438,-0.119833246,0.04919326,-0.2794259,0.096443124,0.05161158,-0.30812493,-0.037195344,-0.24702568,0.30325735,-0.26901424,-0.37127802,0.16216615,0.0855351,0.19134426,-0.056418587,-0.13388553,-0.27113122,0.008222076,-0.10642483,-0.26301274,0.17754246,0.44649518,-0.43510982,-0.03006686,-0.07808684,0.11882022,-0.073213354,0.11513841,-0.39441267,-0.06203746,-0.06179301,-0.09875371,-0.26220027
963,Some Folks Call It a Sling Blade (1993),-0.31034586,0.03856318,0.3304655,0.17513037,-0.3180424,-0.11925289,-0.21794026,0.17431775,-0.36887845,0.06958808,0.01814643,-0.23524977,-0.036140364,-0.13200174,-0.025692983,0.14023042,0.079938374,0.14402618,-0.09210364,0.10580945,-0.043655343,0.10936851,-0.0651774,-0.0167148,0.14215471,-0.17338094,-0.06030453,-0.15793332,-0.28883266,-0.10869589,0.19949017,-0.08330574,-0.03319714,-0.23885174,-0.017233541,0.091046505,0.00053612207,0.1273076,-0.082646616,0.40053844,-0.24732038,-0.082913324,0.028194988,-0.06317971,-0.05456892,0.1877666,-0.10805769,-0.067984484,-0.1560448,-0.32921934,-0.49516043,0.20347632,-0.04299994,-0.3165462,-0.15227841,-0.13940535,0.12698863,0.08945843,0.02895969,-0.25968626,-0.09147408,-0.10402892,-0.13364452,-0.10491928
966,"Affair to Remember, An (1957)",-0.16290209,-0.2937101,0.17492045,-0.09025862,-0.24555515,0.17142086,0.06474622,0.06282598,-0.18606561,0.2790398,-0.20129764,0.22798935,0.36753243,-0.022601856,-0.2709908,-0.24261487,0.1351726,0.04957591,-0.018081946,0.23609781,0.08767899,0.00102339,-0.0110629685,-0.18550736,0.29925084,-0.026335802,-0.03867959,-0.050106734,0.008364585,0.15458831,0.10152483,-0.05610119,0.10048227,-0.38201264,-0.0318598,-0.033879757,-0.0867875,0.016638512,-0.061804693,0.12216015,-0.13502596,-0.004678879,0.15476997,-0.01617186,0.09418684,-0.0992407,0.033253066,-0.099323824,-0.29521048,0.08545891,0.025893621,0.12621604,0.097150244,-0.19344461,-0.16142885,-0.13040662,-0.13333619,0.0638887,-0.07254259,-0.17864761,0.06586974,0.20267019,0.07884736,0.2153467
969,Winnie the Pooh and the Blustery Day (1968),0.07682148,0.15970811,0.17408362,-0.27155662,-0.122870915,-0.06330619,0.013905215,0.22804736,-0.26166466,0.2294612,0.05483464,-0.18828158,0.27327144,0.0746873,-0.2305265,-0.035485677,0.013031296,0.18085809,-0.30600035,0.25469258,-0.09544991,0.0718113,-0.22746518,0.10007746,0.17905372,-0.19754468,0.10203037,-0.0028225014,-0.14449672,-0.0012797564,-0.072415106,-0.14414692,-0.2712165,-0.35333207,-0.075477906,-0.16035931,-0.030617094,-0.16441387,0.08659106,0.10535249,-0.04770525,-0.049445,-0.06780866,0.15158765,0.069715016,-0.05259848,0.20143755,-0.06928413,-0.16994601,-0.07946467,0.017035358,0.06100589,0.12042214,-0.22626786,0.11708275,-0.047768187,0.21523777,-0.087198615,0.16527696,-0.1795736,-0.1260739,-0.18149707,0.07849858,0.18522578
993,Hercules (1997),-0.2631561,-0.062031448,0.13953717,-0.103313655,-0.18680482,0.13315278,0.44501987,0.036335126,-0.37976706,0.28334308,-0.28568596,-0.16459173,0.08577751,-0.21687582,-0.0007871121,-0.22297136,0.017745966,0.5801132,-0.11342181,0.04850255,-0.009874482,-0.32500905,-0.08419835,-0.033383504,0.4814527,0.114635944,0.34855416,-0.014263396,0.010878035,0.16044624,0.11260576,0.02598136,-0.0028321454,-0.4992164,-0.09768864,-0.09524749,-0.14386839,0.03116943,-0.053991664,0.103912614,-0.18240921,0.011537475,0.1176771,-0.036217667,-0.26665387,0.053669814,0.18553771,-0.41822398,0.0063463557,-0.015675817,0.03321819,-0.023884477,0.16666578,-0.34282127,0.12719712,0.12741414,-0.17860036,-0.42781857,-0.10408776,-0.21831192,-0.19464669,0.11549758,0.17470643,0.19829354
1007,Waiting for Guffman (1996),-0.2694348,-0.4267412,0.08332264,0.11691727,-0.40110284,-0.058291614,0.07445734,0.11059403,-0.24410999,-0.17173862,-0.29485714,0.09479818,0.22383258,0.08399145,-0.06229161,-0.29177892,0.15583815,0.062324613,-0.2011027,0.12461217,0.004424356,-0.23213519,-0.13319793,-0.17002325,0.19031382,-0.1006588,0.099343486,-0.018036293,-0.114605166,-0.0664738,0.33485729,0.10340733,0.05530239,-0.20785905,0.06909137,0.26976365,-0.07696449,-0.27754283,0.053727183,0.4631231,-0.17272337,0.07828481,0.22117943,0.16807282,0.30053276,0.017616639,-0.069264404,-0.047190275,-0.24868678,0.22423695,0.035906844,0.13638411,-0.26864812,-0.4175127,-0.14522634,-0.08495792,-0.04985089,-0.10174927,0.00073300453,-0.28228468,0.09783407,0.11981044,0.089932606,0.15665115
1009,Stealing Beauty (1996),-0.0052483645,-0.5116932,0.20775521,-0.035228953,-0.3342158,-0.03301742,-0.43413097,0.082763165,-0.19509658,-0.27648678,-0.13900308,0.39060846,0.20176803,-0.25483817,-0.25949326,0.2340848,0.0061620385,0.01457929,-0.11793763,0.13947657,-0.09499219,-0.055183064,-0.056945726,-0.24712434,0.05551599,-0.21865164,-0.04255546,-0.026781281,-0.36730796,0.021556085,0.10640939,0.26376686,0.06926397,-0.2653839,0.028227165,0.14782701,-0.11111007,-0.114965394,-0.038474783,0.034682978,-0.513647,0.2434418,0.033625945,0.21708196,0.35093635,-0.02704258,-0.30845386,-0.1744892,-0.3062245,0.30462486,-0.07389152,0.2660076,-0.19968921,-0.0727729,-0.19957103,-0.2991591,-0.2563969,0.13158585,-0.14167288,-0.3575666,0.18384871,0.22338098,-0.0865069,-0.018173818
1011,2 Days in the Valley (1996),-0.33946377,-0.13567534,-0.005778405,0.019910904,-0.567455,0.030560188,-0.14060406,0.15024441,-0.21901459,-0.095719025,-0.30821368,0.058107413,0.16329718,0.025674814,-0.21518041,-0.10856451,0.25283748,0.14154583,-0.1123868,0.4001972,0.1325107,-0.18893586,0.082141526,-0.07211235,0.20171455,0.04678569,0.042072207,0.1344732,-0.079322465,-0.08360957,0.067131534,-0.08392261,0.1769534,-0.32736918,-0.13217025,-0.07294258,-0.05180464,0.04532485,0.022196954,0.24919653,-0.17062484,0.08775918,-0.15914671,0.07318351,0.37735528,-0.27683744,-0.17517956,-0.17049414,-0.3634464,-0.05829153,-0.09105005,-0.015834777,0.22215816,-0.39025426,-0.21304463,-0.0067153545,-0.04720273,-0.07125555,-0.1945937,-0.24314108,0.03257553,0.17044088,-0.107268564,-0.04273966
1012,Private Parts (1997),-0.15859523,0.019796612,0.14476168,0.007332142,-0.4531192,-0.009322371,-0.07599096,0.0879345,-0.21503773,-0.07362314,-0.15342584,-0.07569152,-0.11559283,0.048105333,-0.26066497,-0.28153667,0.02716487,0.30607796,-0.031858418,0.2104407,0.13736612,-0.043701526,0.029245868,0.12066429,0.40981132,-0.06588626,-0.027129987,0.111986294,-0.084373124,-0.12588927,0.002978673,-0.15371753,0.25746962,-0.15239322,-0.09852361,-0.25800964,-0.2117226,-0.094258405,-0.4146917,0.33829957,-0.12888432,-0.07184326,-0.12815087,0.28610918,-0.013198895,-0.014162977,-0.18425567,0.029152298,-0.15408237,-0.52675897,0.32814,-0.025032489,0.015538382,-0.3235799,-0.2349718,-0.16596399,-0.14038044,-0.0325751,0.041433163,0.18775937,-0.12643372,-0.15325245,0.059626862,0.09660958
1014,Romy and Michele's High School Reunion (1997),-0.17420603,-0.3303827,0.40235355,0.10508274,-0.40625933,0.06510314,-0.059939124,0.14153254,-0.45773166,-0.075857565,-0.14351209,-0.14213759,0.2787715,-0.08390216,-0.1743891,0.02934622,0.03664214,0.19807906,0.07657898,-0.07750712,0.059520245,0.07639966,0.19213535,-0.19239414,0.26715142,0.02618653,-0.006077575,0.094978884,-0.124342516,0.1361757,-0.037763942,0.04587312,0.11191263,-0.37353465,0.025223188,-0.06327081,-0.20660791,-0.11410708,-0.25274345,-0.081585266,-0.28721327,0.04583021,0.12915714,0.032719374,0.029259536,0.069844775,-0.14474556,-0.25357738,-0.118337475,0.12489091,-0.118613414,0.1532478,-0.09898507,-0.0025422473,-0.16350286,0.021865549,-0.25995,-0.0704765,-0.1589791,-0.24715228,0.12068647,0.026251724,-0.07476816,0.16122575
1016,Con Air (1997),0.052401546,0.0363966,0.16159336,0.034735993,-0.124325015,-0.12613563,0.09803816,0.12553395,-0.30294204,0.1579343,-0.30765456,-0.14210814,0.18150197,-0.015405626,-0.35861906,-0.08326467,0.065239705,0.0097310655,0.32140973,0.21612038,0.27382445,-0.16502203,0.16720855,0.07186184,0.06700457,0.14642361,-0.13126372,0.014813997,0.044821087,0.17528972,0.25571197,0.0829525,0.28112614,-0.12245668,-0.09192045,-0.14100194,-0.22397253,-0.057585604,-0.31140924,-0.014324299,-0.15577571,-0.16276802,-0.2976095,0.25245145,-0.03561648,0.14566536,0.0545727,-0.027779885,-0.2045075,-0.29388657,0.07684703,0.2646542,0.23712656,-0.22376621,-0.21306753,-0.037992362,0.09635479,-0.4034881,0.044858813,-0.025739707,-0.25094986,0.008919433,0.07129192,0.35642684
1020,Gaslight (1944),-0.3309185,-0.37556052,0.0013698669,-0.1693799,-0.6356908,0.06013943,-0.20305529,0.14503396,-0.2040794,0.032379746,-0.105868414,0.06514329,0.01969091,-0.049685948,-0.54241973,-0.0258203,0.38564244,-0.20682648,-0.17568028,0.004297478,0.2271307,0.09138979,0.012136946,-0.14558358,0.21350299,0.0471413,-0.13627301,0.03797028,0.049225464,0.056727406,0.12711439,-0.04043316,-0.13518743,-0.24100104,0.003747036,-0.044590183,-0.11489819,-0.13236232,0.06579364,0.41985855,-0.28660995,0.090169944,0.11462392,-0.15520702,0.063908435,0.076348186,-0.045045074,-0.04978418,-0.29864267,0.113322444,-0.13916667,-0.09434917,0.21923912,-0.25933293,-0.25554028,-0.06784095,0.13281317,-0.20873624,0.2102275,-0.28766838,0.09098284,0.046859253,0.08197772,0.048628375
1028,Grumpier Old Men (1995),0.05506982,0.08015805,0.1832053,0.07099793,-0.28847548,-0.1455418,0.23425391,0.106929526,-0.2392151,0.39427844,0.026207555,-0.056923766,-0.010602027,0.105997965,-0.17204463,-0.11891374,0.22413185,0.29997775,0.14523037,-0.12497703,0.07515194,-0.0613375,0.1311196,0.014333655,0.30706397,-0.11111848,0.009988854,0.029763823,-0.1840468,-0.069026545,0.1441242,-0.3196036,-0.03651607,-0.40577674,-0.2447188,0.14013167,-0.22969891,-0.48433366,-0.25231662,0.050487403,-0.34133545,-0.31194502,-0.43517095,-0.037954923,-0.13602765,-0.0373188,0.42597064,-0.1738196,-0.4856241,-0.044664226,0.40756044,0.12115478,0.183451,-0.054953817,-0.26002884,-0.12499353,-0.063615814,-0.18513685,-0.14136167,-0.25639287,0.10537139,-0.13511176,0.011600896,0.19880572
1035,Cool Runnings (1993),-0.21543786,-0.18393292,0.32424897,0.051935386,-0.30181962,0.14818466,-0.043985974,-0.15430093,-0.23485196,0.28404942,-0.08840448,-0.19482921,0.15352023,0.063422844,0.029503122,-0.18556589,-0.07855307,0.2588547,-0.1341906,0.2501102,0.3794246,0.16167927,0.12944624,0.066348925,0.25276145,-0.04667992,-0.0401688,-0.109306514,0.13003194,0.11591747,0.2854579,-0.0854291,0.050000697,-0.46062186,-0.14546731,-0.13914587,-0.19255497,-0.3053491,0.14021242,0.039251126,-0.21906954,-0.028099373,-0.025164185,-0.21174419,-0.27471,0.021090923,0.34673494,-0.23552567,0.024925753,-0.20277448,-0.28059006,0.07596338,0.13405234,-0.1213824,-0.20555024,-0.101815,0.022970412,-0.014018897,-0.021462068,-0.21355033,-0.09578142,-0.2580265,0.24510017,-0.10773099
1039,Hamlet (1996),0.17363,-0.055547412,0.03500533,0.043552462,-0.16168746,-0.002613645,-0.09831577,0.02690642,-0.30331978,0.032699358,0.13414833,-0.061936326,0.107319415,-0.00821448,-0.17623818,0.06621469,0.18162885,0.097220734,-0.058196872,0.24350318,0.067181975,-0.015781365,-0.018690214,0.003730626,0.17733963,-0.11767529,0.25427958,-0.21297632,-0.062414486,0.19357337,0.010145997,-0.09857004,0.051165953,-0.27735698,0.15367542,-0.11014064,0.31198648,0.010768277,-0.07877907,0.22565757,-0.07553867,-0.15315522,0.04538216,0.05608117,-0.13463013,0.0803134,0.16102362,-0.068140894,-0.20811811,-0.17429668,0.12022145,0.15365995,-0.07295927,-0.05452156,-0.086444214,-0.07007866,0.118764386,0.12100054,-0.0006495105,-0.017776655,-0.3382771,0.2071959,-0.11237633,0.028063204
1047,Multiplicity (1996),-0.072699286,-0.03116516,-0.14785188,0.18301524,-0.6773147,0.22270806,0.50331277,0.019442793,-0.1878389,0.13385357,-0.14584036,-0.15622209,-0.23134047,-0.096090384,-0.3114503,-0.22835822,0.41295454,0.30048487,0.38088068,-0.08270675,-0.041000243,-0.34745368,0.17801513,0.23784314,0.20327163,-0.053773757,-0.23367701,0.005809827,-0.09787708,0.1400522,-0.054641046,-0.049358245,0.4451962,-0.34036857,-0.33468747,0.0762343,0.13348319,-0.57238823,0.085469864,-0.2591917,-0.50192374,-0.02259746,-0.11052448,-0.15371974,-0.07544617,-0.027508015,0.18861939,-0.09028431,-0.628936,-0.102654986,0.4141152,0.13987252,0.16525364,-0.4362723,-0.25575447,-0.23828432,-0.40064898,-0.44661778,-0.21822467,-0.40593028,-0.15013558,0.2126343,0.03304692,0.17443621
1050,"Ghost and Mrs. Muir, The (1947)",-0.22715224,-0.35680223,0.0854155,-0.185431,-0.3752116,-0.009430655,-0.1470166,0.1655091,-0.2386898,-0.011773087,-0.2654597,-0.019715654,-0.13327424,0.14985898,-0.43100968,-0.071741946,0.13339332,-0.13216776,0.07175085,0.11585442,0.007115693,0.0964178,-0.051412918,-0.086690575,0.12718932,0.013658379,0.030298926,0.07511007,0.1124644,0.15082482,0.22244056,0.1018186,-0.109482326,-0.41118938,-0.074774034,0.23787685,-0.08840813,-0.042423937,-0.03291547,0.2725017,-0.35890466,-0.053190224,0.08158487,0.030593531,-0.05526123,-0.12103236,-0.09376401,-0.047607016,-0.27443793,0.11450527,-0.1933908,-0.15326454,0.022941764,-0.41451466,-0.2965456,-0.1134373,0.122349784,-0.08949937,0.024247618,-0.22325283,-0.018799057,0.0660378,-0.017878337,0.25841382
1065,Koyaanisqatsi (1983),0.10546302,-0.27277982,0.2714934,-0.11223494,-0.2264375,0.1400505,-0.3166588,0.25032458,-0.28373635,0.118573815,0.008436848,0.027006445,0.1467942,0.24730349,-0.23923193,0.29610193,0.19409792,-0.017800028,0.027441524,-0.051907063,0.0013415636,0.26152006,-0.06059703,-0.25504452,0.26392898,-0.054347597,-0.14558436,0.10723646,-0.08602299,0.22532196,0.21756913,0.1447484,0.09964174,-0.1384886,-0.21488862,-0.13057761,-0.0023758716,-0.31003135,-0.03523877,0.24208769,-0.11494731,-0.12618342,0.1908213,0.28269073,0.060469303,-0.19577113,0.016875328,0.019165752,-0.026239939,0.15140392,-0.2559933,-0.12138187,-0.0065827956,-0.20713049,-0.27652603,-0.21372946,0.18822531,-0.028186742,-0.027768644,-0.17001925,-0.15187763,0.19731313,-0.043514702,0.012672082
1067,Bottle Rocket (1996),-0.018284447,-0.5217842,0.37020928,0.014268886,-0.32476008,-0.17558391,-0.30113852,0.033574868,-0.27608305,-0.16474228,-0.07784119,0.18908589,0.2644226,-0.12037715,-0.25899205,0.10809921,0.034154806,0.063040696,-0.19885162,0.08294991,-0.038376737,-0.112909146,0.004052995,-0.069207035,-0.14031726,-0.19650981,0.11092044,0.18281925,-0.16262516,0.023616703,-0.1342041,0.3470076,0.16922884,-0.103814274,0.024990942,0.18458278,-0.014210347,-0.13060856,-0.1512781,-0.053804565,-0.21255511,0.34231356,0.13198991,0.21376668,0.23230293,-0.1714311,-0.23351865,-0.22293516,-0.46786287,0.17923468,0.014643923,0.097560726,-0.2112205,-0.112683415,-0.34870097,-0.05390737,-0.31754276,-0.048592176,-0.22101691,-0.27089986,0.12366627,0.26816744,-0.08051231,0.1635007
1073,Shallow Grave (1994),-0.27590483,-0.28174844,0.19573401,0.01814487,-0.18246503,0.3968007,-0.40294755,0.30006388,-0.26249456,0.12650461,-0.058732428,0.017546166,0.16368562,-0.036013916,-0.17012498,0.14735933,-0.14587766,0.2943218,0.15968646,0.14065656,-0.2934128,0.04664489,-0.033834357,-0.16390066,0.33301324,-0.2138724,0.12496308,0.14840756,0.084525116,0.025057906,0.24695593,0.017651979,0.17674436,-0.223349,0.014169001,-0.23640946,-0.11735536,-0.06980183,0.12880147,0.049417928,-0.22809578,0.06483257,-0.0060149217,0.08421823,0.23315138,0.04381402,-0.42756283,-0.13996142,0.013522153,-0.04492634,-0.1697135,0.05005838,0.041576225,-0.46068683,-0.1710492,0.14461924,0.25106192,-0.0035276038,-0.011329161,-0.25140736,-0.13698721,-0.14550911,-0.2396633,-0.04061467
1098,Flirting With Disaster (1996),-0.014844547,-0.35087064,0.23002525,0.12083286,-0.5246977,-0.07107625,-0.18743134,0.22194889,-0.3087251,0.018866494,0.00068955316,0.210213,-0.087547466,-0.1529155,-0.26614597,0.025321417,-0.124461934,-0.047423523,-0.043892767,0.19829282,-0.039947294,0.3205862,0.06365456,0.008476307,0.25024396,-0.39517254,0.040427312,0.4526732,-0.10494594,0.120014325,0.22830957,-0.07443821,-0.22628,-0.27096593,0.041414697,0.2605714,-0.2383777,-0.13234305,0.16772802,0.23905712,-0.19718237,-0.30789715,0.08912055,0.09504836,0.013940715,-0.0022137691,-0.031115435,-0.4099414,0.058207534,0.14543653,-0.37390685,-0.015442004,0.13929713,-0.1806689,-0.14499599,-0.11998163,-0.0733343,-0.12849508,-0.051210906,-0.20313619,-0.12702739,0.028084313,-0.103971854,0.019019712
1101,Six Degrees of Separation (1993),0.023613447,-0.11885694,0.35278285,0.10673462,-0.089634806,-0.06140719,-0.0778244,0.11670463,-0.10450867,-0.16087815,-0.18694617,0.20732258,-0.19253218,-0.05781903,0.079255916,-0.07296372,0.06035627,0.006162087,-0.102951735,0.17691354,0.067894325,0.09098488,-0.23290655,0.20784324,0.056887068,-0.06702821,0.080491096,-0.35419115,-0.30687356,0.007697865,0.008926475,-0.088385485,-0.17504045,0.00049688946,-0.14255096,0.068906285,0.27615416,-0.16443527,-0.23252493,0.2588675,-0.1450503,0.23097415,0.017185578,0.12720814,-0.03034101,0.004959387,-0.08669276,-0.1695116,-0.29378963,-0.38447067,-0.390465,0.030131126,-0.18633625,-0.3199848,-0.0027412833,0.10868132,0.1287548,-0.11353533,-0.13232762,-0.11568818,-0.40274575,0.16615053,-0.1332113,-0.034234624
1119,Some Kind of Wonderful (1987),0.019619735,-0.047267992,0.19494723,0.15347677,-0.17602922,-0.038925994,-0.108155735,0.099391416,-0.4024045,0.025680605,-0.29885286,-0.28730395,-0.14614384,-0.0038572883,-0.35972047,-0.15546405,0.064533874,-0.21282586,0.03679914,0.16478337,0.08529206,0.3000151,0.060962997,0.2571703,0.280331,-0.058771536,0.30124757,-0.032434028,-0.0030194742,0.075834714,0.14824371,-0.08354208,-0.16820952,-0.047633298,0.09927443,0.068728015,-0.0855829,-0.24266483,-0.12678228,0.2087978,-0.09932165,0.08557763,0.14660925,0.16354303,-0.15850726,-0.14883983,0.048107024,-0.43773425,-0.078999944,-0.06489834,-0.15200421,0.0866495,0.09118848,-0.30002978,0.08444982,0.02312442,0.1756173,-0.21149799,0.17485668,-0.2145182,-0.17004555,-0.07638631,-0.07080404,-0.24023263
1142,When We Were Kings (1996),-0.17679445,-0.5342263,0.1968257,-0.15706705,-0.299669,-0.13134968,-0.12618746,0.015214921,0.015495,0.0025174646,-0.43927038,-0.053364452,0.10564932,-0.04624832,-0.27865195,-0.30292287,0.12416217,-0.08864109,-0.3662167,0.13359708,0.09648325,-0.2063385,-0.1432432,-0.33210084,0.17857271,-0.11514558,-0.09377001,0.15092503,-0.21262589,-0.11418491,0.1302399,0.13623971,0.076823495,-0.32912904,-0.08725666,0.19740216,-0.2490106,-0.2465099,-0.07479922,0.120442376,-0.09284123,0.2861609,0.31941143,0.11364452,0.3478589,-0.06873635,-0.21855268,-0.2161454,-0.27321178,0.20021638,-0.20772265,-0.1066107,-0.030195404,-0.17266782,-0.08032722,0.06950611,-0.19318698,-0.06937519,-0.2468777,-0.6754965,0.17263676,0.20387875,-0.041563213,0.10077897
